timestamp,total_written_kb,write_rate_kb_s,dropouts,message_gaps,buffer_used_bytes,buffer_size_bytes,type,backend,num_messages
31111898,0.0,0.0,2,28,65527,65536,0,3,127
32112473,192.0,191.08775,2,643,10408,65536,0,3,127
33113420,358.8291,178.90271,2,1263,5138,65536,0,3,127
34114422,520.49414,173.11005,2,1878,4705,65536,0,3,127
35115380,678.99805,169.42412,2,2498,7235,65536,0,3,127
36116403,840.3799,167.78387,2,3118,6847,65536,0,3,127
37117407,1003.7197,167.01639,2,3733,4460,65536,0,3,127
38118374,1164.9229,166.16412,2,4353,4255,65536,0,3,127
39119349,1326.1543,165.52821,2,4968,3992,65536,0,3,127
40120374,1485.0938,164.77835,2,5588,6748,65536,0,3,127
41121343,1647.9375,164.56921,2,6203,4226,65536,0,3,127
42122399,1805.3623,163.9048,2,6823,8340,65536,0,3,127
43123379,1969.4922,163.91016,2,7443,5331,65536,0,3,127
44124367,2130.3125,163.66035,2,8058,5489,65536,0,3,127
45125350,2292.9521,163.57605,2,8678,3813,65536,0,3,127
46126373,2450.3525,163.15372,2,9293,7508,65536,0,3,127
47127388,2614.2715,163.19115,2,9913,4522,65536,0,3,127
48128443,2774.412,163.0018,2,10529,5559,65536,0,3,127
49129351,2938.123,163.03294,2,11148,2950,65536,0,3,127
50130464,3093.0684,162.59825,2,11768,9628,65536,0,3,127
53133390,3244.083,147.28632,6,13141,2855,65536,0,3,127
54134352,3401.3418,147.71324,6,13637,3313,65536,0,3,127
55135581,3559.329,148.13329,6,14133,3247,65536,0,3,127
56136346,3716.038,148.47139,6,14625,3956,65536,0,3,127
57137387,3865.3975,148.49957,6,14907,3339,65536,0,3,127
58138350,4012.546,148.44429,6,15153,3327,65536,0,3,127
59139353,4160.0,148.40364,6,15401,2948,65536,0,3,127
60140345,4306.3193,148.3268,6,15647,3532,65536,0,3,127
61141343,4454.9863,148.33319,6,15895,2174,65536,0,3,127
62142432,4600.1104,148.2246,6,16143,4210,65536,0,3,127
63143351,4748.76,148.23358,6,16389,2848,65536,0,3,127
64144351,4894.377,148.1499,6,16637,4613,65536,0,3,127
65145344,5041.3496,148.111,6,16883,4569,65536,0,3,127
66146351,5188.4336,148.07742,6,17131,4557,65536,0,3,127
67147384,5335.3516,148.04103,6,17377,4822,65536,0,3,127
68148348,5483.912,148.0512,6,17625,3310,65536,0,3,127
69149463,5632.0,148.04782,6,17873,2270,65536,0,3,127
70150363,5777.7637,147.9859,6,18119,3544,65536,0,3,127
71151370,5922.9033,147.9111,6,18367,5523,65536,0,3,127
72152388,6070.4395,147.8983,6,18613,5396,65536,0,3,127
73153381,6221.717,147.97517,6,18861,1336,65536,0,3,127
74154346,6366.0264,147.88669,6,19107,3573,65536,0,3,127
75155374,6511.115,147.81972,6,19355,6050,65536,0,3,127
76156352,6660.133,147.84311,6,19603,4333,65536,0,3,127
77157444,6805.783,147.79198,6,19849,5564,65536,0,3,127
78158353,6955.708,147.83446,6,20097,2614,65536,0,3,127
79159372,7104.0,147.84085,6,20343,1482,65536,0,3,127
80160351,7250.368,147.80788,6,20591,2174,65536,0,3,127
81161348,7394.459,147.73067,6,20837,5100,65536,0,3,127
82162388,7544.5986,147.77484,6,21085,2684,65536,0,3,127
83163584,7688.748,147.7018,6,21333,5648,65536,0,3,127
84164369,7838.372,147.73584,6,21579,2889,65536,0,3,127
85165371,7984.8623,147.71007,6,21827,3760,65536,0,3,127
86166348,8132.25,147.7016,6,22073,3269,65536,0,3,127
87167384,8279.169,147.68489,6,22321,3467,65536,0,3,127
88168346,8427.792,147.69885,6,22567,1967,65536,0,3,127
89169352,8568.92,147.58311,6,22815,7856,65536,0,3,127
90170376,8721.834,147.67082,6,23063,1915,65536,0,3,127
91171364,8867.251,147.63087,6,23309,4167,65536,0,3,127
92172410,9015.836,147.64395,6,23557,2614,65536,0,3,127
93173393,9161.243,147.60559,6,23803,3646,65536,0,3,127
94174375,9309.6455,147.61592,6,24051,2932,65536,0,3,127
95175443,9455.285,147.58261,6,24298,4231,65536,0,3,127
96176347,9604.127,147.59991,6,24545,2460,65536,0,3,127
97177386,9749.516,147.56412,6,24793,4459,65536,0,3,127
98178347,9896.217,147.54915,6,25039,4681,65536,0,3,127
99179355,10044.611,147.55939,6,25287,3339,65536,0,3,127
100180385,10190.219,147.52892,6,25533,5396,65536,0,3,127
101181348,10334.328,147.47809,6,25781,7980,65536,0,3,127
102183044,10484.239,147.5088,6,26029,5535,65536,0,3,127
103183348,10632.874,147.5238,6,26275,3573,65536,0,3,127
104184360,10778.291,147.49294,6,26523,5718,65536,0,3,127
105185348,10928.921,147.53331,6,26769,1948,65536,0,3,127
106186353,11076.226,147.52829,6,27017,1915,65536,0,3,127
107187377,11221.564,147.49753,6,27263,3573,65536,0,3,127
108188346,11367.429,147.47449,6,27511,4822,65536,0,3,127
109189378,11517.568,147.50667,6,27759,1915,65536,0,3,127
110190347,11661.649,147.46155,6,28005,4851,65536,0,3,127
111191358,11811.342,147.48753,6,28253,2655,65536,0,3,127
112192376,11958.93,147.48692,6,28499,1728,65536,0,3,127
113193364,12104.569,147.46265,6,28747,3294,65536,0,3,127
118198352,12302.948,141.26599,10,29983,3442,65536,0,3,127
119199352,12451.509,141.3472,10,30229,1791,65536,0,3,127
120200358,12596.98,141.3919,10,30477,3851,65536,0,3,127
121201344,12744.127,141.45422,10,30723,3420,65536,0,3,127
122202380,12889.277,141.4932,10,30971,5809,65536,0,3,127
123203358,13039.449,141.58592,10,31219,2738,65536,0,3,127
124204353,13184.0,141.61626,10,31465,5427,65536,0,3,127
125205586,13333.712,141.70044,10,31713,2695,65536,0,3,127
126206345,13478.883,141.7358,10,31959,4525,65536,0,3,127
127207383,13626.027,141.79056,10,32207,4749,65536,0,3,127
128208349,13772.976,141.84225,10,32453,4749,65536,0,3,127
129209383,13922.465,141.9187,10,32701,2724,65536,0,3,127
130210529,14067.127,141.94476,10,32949,5463,65536,0,3,127
131211369,14216.71,142.01987,10,33195,2259,65536,0,3,127
132212387,14361.906,142.04985,10,33443,4426,65536,0,3,127
133213356,14507.977,142.08789,10,33689,5800,65536,0,3,127
134214353,14656.0,142.14407,10,33937,4826,65536,0,3,127
135215347,14802.025,142.18001,10,34183,5817,65536,0,3,127
136216353,14950.006,142.23383,10,34431,4928,65536,0,3,127
137217414,15096.296,142.27063,10,34679,5729,65536,0,3,127
138218394,15244.638,142.326,10,34925,4536,65536,0,3,127
139219561,15391.185,142.36351,10,35173,5524,65536,0,3,127
140220401,15541.329,142.43373,10,35419,1701,65536,0,3,127
141221349,15684.09,142.43547,10,35670,6084,65536,0,3,127
142222479,15834.72,142.50777,10,35918,2785,65536,0,3,127
143223354,15982.061,142.54976,10,36164,2489,65536,0,3,127
144224353,16128.0,142.57848,10,36412,3924,65536,0,3,127
145225345,16273.0205,142.59863,10,36658,5838,65536,0,3,127
146226384,16423.395,142.66489,10,36906,2574,65536,0,3,127
147227380,16569.904,142.69678,10,37152,3152,65536,0,3,127
148228350,16716.834,142.73174,10,37400,3402,65536,0,3,127
149229708,16863.945,142.76718,10,37648,3719,65536,0,3,127
150230344,17012.158,142.81212,10,37894,2282,65536,0,3,127
151231356,17156.234,142.82144,10,38142,5874,65536,0,3,127
152232382,17302.268,142.84676,10,38388,6386,65536,0,3,127
153233355,17451.6,142.89871,10,38636,4797,65536,0,3,127
154234345,17600.0,142.94225,10,38882,2800,65536,0,3,127
155235352,17745.898,142.96489,10,39130,4544,65536,0,3,127
156236397,17894.291,143.0071,10,39378,3398,65536,0,3,127
157237384,18040.389,143.03047,10,39624,4298,65536,0,3,127
158238646,18188.184,143.06653,10,39872,3881,65536,0,3,127
159239348,18333.629,143.0843,10,40118,5185,65536,0,3,127
162242389,18432.0,140.55777,14,40860,61662,65536,0,3,127
163243934,18628.379,140.97858,17,41108,5822,65536,0,3,127
164244353,18778.145,141.04414,17,41354,2712,65536,0,3,127
165245388,18924.0,141.07892,17,41602,4204,65536,0,3,127
166246353,19072.0,141.12912,17,41848,3128,65536,0,3,127
167247384,19217.518,141.16031,17,42096,4720,65536,0,3,127
168248345,19367.324,141.22235,17,42342,2009,65536,0,3,127
169249373,19511.719,141.24425,17,42590,4790,65536,0,3,127
170250351,19660.807,141.29964,17,42838,2698,65536,0,3,127
171251346,19805.559,141.32327,17,43084,5207,65536,0,3,127
172252576,19955.98,141.3865,17,43332,2266,65536,0,3,127
173253345,20100.04,141.40453,17,43578,5141,65536,0,3,127
174254359,20246.521,141.43901,17,43826,6045,65536,0,3,127
175255354,20396.098,141.49449,17,44072,3283,65536,0,3,127
176256374,20544.0,141.53764,17,44320,2475,65536,0,3,127
177257387,20689.414,141.56317,17,44568,4477,65536,0,3,127
178258369,20838.562,141.61377,17,44814,2163,65536,0,3,127
179259372,20984.824,141.64418,17,45062,3034,65536,0,3,127
180260456,21105.094,141.49986,17,45308,31008,65536,0,3,127
181261365,21248.0,141.50836,20,45556,3769,65536,0,3,127
182262377,21396.715,141.5551,20,45802,1771,65536,0,3,127
183263352,21543.195,141.58656,20,46050,2654,65536,0,3,127
184264382,21689.209,141.6145,20,46298,3737,65536,0,3,127
185265355,21836.98,141.65355,20,46544,2866,65536,0,3,127
186266361,21982.71,141.67892,20,46792,4577,65536,0,3,127
187267403,22129.629,141.71152,20,47038,4465,65536,0,3,127
188268349,22276.484,141.7434,20,47286,4657,65536,0,3,127
189269353,22423.389,141.77513,20,47532,4935,65536,0,3,127
190270346,22571.05,141.81122,20,47780,4353,65536,0,3,127
191271419,22720.0,141.85486,20,48028,2948,65536,0,3,127
192272405,22864.59,141.87096,20,48274,5512,65536,0,3,127
193273359,23011.96,141.90402,20,48522,5271,65536,0,3,127
194274401,23160.125,141.9415,20,48768,3998,65536,0,3,127
195275347,23309.625,141.98671,20,49016,1746,65536,0,3,127
196276559,23454.127,142.00089,20,49264,4390,65536,0,3,127
197277376,23599.49,142.02045,20,49510,6114,65536,0,3,127
198278354,23748.324,142.06036,20,49758,4417,65536,0,3,127
199279348,23894.436,142.08362,20,50004,5245,65536,0,3,127
200280571,24044.5,142.12978,20,50252,2632,65536,0,3,127
201281344,24192.0,142.16068,20,50498,1883,65536,0,3,127
202282376,24337.037,142.17662,20,50746,4008,65536,0,3,127
203283380,24484.71,142.20772,20,50994,3393,65536,0,3,127
204284352,24629.363,142.22104,20,51240,6398,65536,0,3,127
205285352,24780.824,142.27327,20,51488,1945,65536,0,3,127
206286345,24926.814,142.29369,20,51734,2866,65536,0,3,127
207287384,25073.732,142.31909,20,51982,3299,65536,0,3,127
208288356,25220.652,142.34428,20,52228,3287,65536,0,3,127
209289349,25365.137,142.3555,20,52476,5948,65536,0,3,127
210290669,25515.066,142.39671,20,52724,3774,65536,0,3,127
211291346,25664.0,142.43246,20,52970,1051,65536,0,3,127
212292409,25808.262,142.44173,20,53218,4421,65536,0,3,127
213293354,25955.83,142.46912,20,53464,4003,65536,0,3,127
214294352,26104.432,142.50183,20,53712,2449,65536,0,3,127
215295345,26252.23,142.52982,20,53958,1559,65536,0,3,127
216296372,26397.602,142.54437,20,54206,3534,65536,0,3,127
217297397,26544.928,142.56926,20,54454,3527,65536,0,3,127
218298353,26692.287,142.59412,20,54700,3036,65536,0,3,127
219299586,26837.06,142.60477,20,54953,5501,65536,0,3,127
220300346,26983.945,142.62683,20,55199,5098,65536,0,3,127
221301386,27132.637,142.65791,20,55447,3890,65536,0,3,127
222302384,27280.635,142.6851,20,55693,3048,65536,0,3,127
223303380,27413.184,142.63164,20,55941,17932,65536,0,3,127
227307405,27550.666,140.42154,24,56929,3217,65536,0,3,127
228308357,27696.23,140.44695,24,57177,5289,65536,0,3,127
229309347,27844.105,140.48373,24,57423,3919,65536,0,3,127
230310352,27992.752,140.52399,24,57671,2320,65536,0,3,127
231311404,28138.959,140.55164,24,57919,3931,65536,0,3,127
232312441,28287.406,140.59016,24,58165,2901,65536,0,3,127
233313371,28432.62,140.61237,24,58413,5104,65536,0,3,127
234314382,28578.455,140.63737,24,58659,6253,65536,0,3,127
235315359,28728.572,140.68312,24,58907,3106,65536,0,3,127
236316447,28876.312,140.71677,24,59154,2529,65536,0,3,127
237317382,29023.46,140.74733,24,59401,2480,65536,0,3,127
238318370,29168.945,140.76952,24,59649,3837,65536,0,3,127
239319347,29316.512,140.8015,24,59895,3480,65536,0,3,127
240320369,29461.6,140.8213,24,60143,5513,65536,0,3,127
241321383,29610.24,140.85782,24,60389,4230,65536,0,3,127
242322392,29760.0,140.89929,24,60637,1753,65536,0,3,127
243323536,29905.344,140.91948,24,60885,3546,65536,0,3,127
244324346,30051.13,140.94177,24,61131,4716,65536,0,3,127
245325355,30197.832,140.96799,24,61379,5330,65536,0,3,127
246326348,30344.75,140.99498,24,61625,5361,65536,0,3,127
247327384,30493.566,141.03049,24,61873,3546,65536,0,3,127
248328373,30639.238,141.05121,24,62119,5098,65536,0,3,127
249329352,30789.172,141.09128,24,62367,2179,65536,0,3,127
250330377,30933.012,141.10316,24,62615,5488,65536,0,3,127
251331348,31080.057,141.12952,24,62861,5649,65536,0,3,127
252332390,31228.271,141.16087,24,63109,4941,65536,0,3,127
253333346,31377.191,141.19518,24,63355,2866,65536,0,3,127
254334356,31522.943,141.21497,24,63603,4489,65536,0,3,127
255335357,31668.385,141.23317,24,63849,6032,65536,0,3,127
256336348,31816.383,141.26259,24,64097,5083,65536,0,3,127
257337496,31966.805,141.30237,24,64345,1929,65536,0,3,127
258338347,32111.93,141.31865,24,64591,3778,65536,0,3,127
259339376,32260.578,141.35013,24,64839,2163,65536,0,3,127
260340357,32406.195,141.36815,24,65085,4210,65536,0,3,127
261341361,32551.336,141.38391,24,65333,6229,65536,0,3,127
262342401,32701.729,141.42224,24,65579,2192,65536,0,3,127
263343372,32819.492,141.31976,24,65827,32744,65536,0,3,127
264344359,32964.156,141.33351,30,66075,4220,65536,0,3,127
265345354,33113.402,141.3667,30,66321,1825,65536,0,3,127
266346353,33259.254,141.38515,30,66569,3320,65536,0,3,127
267347378,33408.0,141.4157,30,66815,1448,65536,0,3,127
268348350,33553.348,141.4317,30,67063,3279,65536,0,3,127
269349348,33699.57,141.45122,30,67309,4257,65536,0,3,127
270350374,33847.797,141.47893,30,67557,3074,65536,0,3,127
271351489,33992.992,141.49374,30,67805,5480,65536,0,3,127
272352399,34142.727,141.52736,30,68051,2398,65536,0,3,127
273353379,34288.133,141.5428,30,68299,4549,65536,0,3,127
274354348,34436.133,141.56879,30,68545,3304,65536,0,3,127
275355354,34581.195,141.58252,30,68793,5699,65536,0,3,127
276356344,34728.31,141.60449,30,69039,5471,65536,0,3,127
277357355,34877.16,141.63333,30,69287,3718,65536,0,3,127
278358380,35026.055,141.66211,30,69535,2056,65536,0,3,127
279359360,35170.195,141.67152,30,69781,4857,65536,0,3,127
280360352,35316.457,141.68939,30,70029,5687,65536,0,3,127
281361372,35464.195,141.71298,30,70275,5091,65536,0,3,127
282362382,35610.047,141.72888,30,70523,6383,65536,0,3,127
283363467,35759.305,141.75812,30,70770,4399,65536,0,3,127
284364356,35908.332,141.78633,30,71017,2673,65536,0,3,127
285365356,36054.78,141.80411,30,71265,3308,65536,0,3,127
286366345,36198.902,141.81265,30,71511,6032,65536,0,3,127
287367388,36349.28,141.84549,30,71759,2892,65536,0,3,127
289369348,36484.375,141.26904,35,72253,1820,65536,0,3,127
290370752,36630.242,141.28601,35,72501,3762,65536,0,3,127
291371348,36775.152,141.29962,35,72747,5358,65536,0,3,127
292372387,36924.246,141.32889,35,72995,3708,65536,0,3,127
293373353,37068.562,141.33975,35,73241,6661,65536,0,3,127
294374353,37218.934,141.37352,35,73489,3324,65536,0,3,127
295375344,37316.188,141.20604,35,73735,54192,65536,0,3,127
296376348,37344.8,140.78105,37,73983,44649,65536,0,3,127
297377404,37533.633,140.96097,37,74231,1929,65536,0,3,127
298378348,37680.062,140.98091,37,74477,2457,65536,0,3,127
299379354,37824.0,140.99142,37,74725,5902,65536,0,3,127
300380345,37973.215,141.02144,37,74971,3562,65536,0,3,127
301381352,38119.68,141.04103,37,75219,4183,65536,0,3,127
302382383,38267.227,141.0645,37,75465,4224,65536,0,3,127
303383353,38413.305,141.08241,37,75713,5286,65536,0,3,127
304384442,38562.33,141.11092,37,75961,3328,65536,0,3,127
305385345,38708.848,141.13016,37,76207,3942,65536,0,3,127
306386360,38857.188,141.15584,37,76455,2683,65536,0,3,127
307387384,39002.03,141.16866,37,76701,4811,65536,0,3,127
308388356,39150.285,141.19371,37,76949,3833,65536,0,3,127
309389402,39296.0,141.20943,37,77195,5078,65536,0,3,127
310390373,39445.914,141.2401,37,77443,2013,65536,0,3,127
311391350,39591.36,141.25461,37,77691,3925,65536,0,3,127
312392448,39737.184,141.27032,37,77937,5512,65536,0,3,127
313393360,39884.51,141.29132,37,78185,5290,65536,0,3,127
314394345,40032.51,141.3145,37,78431,4429,65536,0,3,127
315395353,40180.945,141.33905,37,78679,3034,65536,0,3,127
316396347,40329.246,141.36296,37,78925,1619,65536,0,3,127
317397383,40474.945,141.37758,37,79173,3368,65536,0,3,127
318398356,40619.785,141.38916,37,79421,5696,65536,0,3,127
319399372,40768.0,141.41234,37,79667,4254,65536,0,3,127
320400377,40913.89,141.42734,37,79915,5981,65536,0,3,127
321401397,41062.26,141.45074,37,80161,4042,65536,0,3,127
322402389,41207.89,141.46461,37,80409,6012,65536,0,3,127
323403346,41357.18,141.49092,37,80655,3380,65536,0,3,127
324404352,41502.11,141.50217,37,80903,6022,65536,0,3,127
325405383,41652.25,141.531,37,81151,2922,65536,0,3,127
326406391,41800.273,141.55252,37,81397,1985,65536,0,3,127
327407385,41945.652,141.56496,37,81645,3760,65536,0,3,127
328408379,42091.727,141.57965,37,81891,4639,65536,0,3,127
329409351,42240.0,141.60162,37,82139,3641,65536,0,3,127
330410481,42385.453,141.61397,37,82386,5591,65536,0,3,127
331411353,42535.363,141.64117,37,82633,2304,65536,0,3,127
332412583,42681.688,141.65614,37,82881,3814,65536,0,3,127
336416345,42809.742,140.21791,40,83869,2449,65536,0,3,127
337417566,42956.652,140.23921,40,84117,2921,65536,0,3,127
338418347,43102.438,140.2569,40,84363,4052,65536,0,3,127
339419354,43249.074,140.27713,40,84611,4539,65536,0,3,127
340420345,43396.004,140.2982,40,84857,4763,65536,0,3,127
341421356,43542.727,140.31842,40,85105,5634,65536,0,3,127
342422379,43691.16,140.34404,40,85351,3643,65536,0,3,127
343423347,43840.0,140.3708,40,85599,2620,65536,0,3,127
344424401,43985.203,140.38576,40,85847,4473,65536,0,3,127
345425347,44134.656,140.41418,40,86093,2033,65536,0,3,127
346426352,44281.98,140.43564,40,86341,2008,65536,0,3,127
347427380,44429.066,140.45622,40,86587,1850,65536,0,3,127
349429349,44693.51,140.40361,42,87081,3890,65536,0,3,127
350430353,44839.516,140.42072,42,87329,5405,65536,0,3,127
351431603,44989.055,140.44864,42,87577,2945,65536,0,3,127
352432393,45133.625,140.4611,42,87823,5079,65536,0,3,127
353433360,45283.094,140.48865,42,88071,3138,65536,0,3,127
354434350,45428.51,140.50345,42,88317,4677,65536,0,3,127
355435360,45576.43,140.52588,42,88565,4046,65536,0,3,127
356436370,45725.508,140.55173,42,88811,1846,65536,0,3,127
357437383,45869.844,140.56288,42,89059,4562,65536,0,3,127
358438356,46016.0,140.57956,42,89307,5777,65536,0,3,127
359439354,46166.117,140.60818,42,89553,2787,65536,0,3,127
360440559,46310.426,140.6189,42,89801,5657,65536,0,3,127
361441345,46460.562,140.64738,42,90047,2113,65536,0,3,127
362442383,46605.066,140.65858,42,90295,4786,65536,0,3,127
363443353,46754.188,140.68364,42,90541,3011,65536,0,3,127
364444381,46900.51,140.70012,42,90789,3981,65536,0,3,127
365445370,47048.395,140.72119,42,91037,3193,65536,0,3,127
366446368,47193.164,140.73285,42,91283,5236,65536,0,3,127
367447384,47343.465,140.76086,42,91531,2204,65536,0,3,127
368448348,47488.0,140.77165,42,91777,4635,65536,0,3,127
369449359,47637.47,140.79694,42,92025,2644,65536,0,3,127
370450344,47783.22,140.81113,42,92271,3625,65536,0,3,127
371451351,47931.754,140.8334,42,92519,2138,65536,0,3,127
372452405,48077.22,140.84653,42,92767,4274,65536,0,3,127
373453362,48222.918,140.8603,42,93013,5770,65536,0,3,127
374454358,48370.633,140.87988,42,93261,5127,65536,0,3,127
375455415,48516.65,140.89435,42,93507,5704,65536,0,3,127
376456353,48666.723,140.92056,42,93755,3283,65536,0,3,127
377457482,48812.504,140.93411,42,94003,4569,65536,0,3,127
378458355,48960.0,140.95267,42,94249,4114,65536,0,3,127
379459356,49104.97,140.96379,42,94497,6524,65536,0,3,127
380460346,49256.156,140.99266,42,94743,2038,65536,0,3,127
381461356,49399.84,140.99992,42,94991,5930,65536,0,3,127
382462385,49548.805,141.02219,42,95237,4099,65536,0,3,127
383463348,49698.18,141.0455,42,95485,1845,65536,0,3,127
384465013,49843.297,141.05637,42,95733,3817,65536,0,3,127
385465344,49988.35,141.06752,42,95979,6000,65536,0,3,127
386466358,50138.72,141.09328,42,96227,2638,65536,0,3,127
387467425,50283.64,141.1036,42,96473,4725,65536,0,3,127
388468357,50432.0,141.12354,42,96721,4132,65536,0,3,127
389469348,50580.824,141.14462,42,96967,1742,65536,0,3,127
390470344,50726.28,141.15623,42,97215,3258,65536,0,3,127
391471378,50825.44,141.0393,42,97463,52596,65536,0,3,127
395475358,51029.99,140.05081,44,98451,3027,65536,0,3,127
396476347,51175.71,140.06596,44,98697,4283,65536,0,3,127
397477381,51321.42,140.08096,44,98945,5982,65536,0,3,127
398478441,51468.656,140.10004,44,99193,5786,65536,0,3,127
399479348,51617.613,140.12373,44,99439,3564,65536,0,3,127
400480353,51766.28,140.1465,44,99687,2204,65536,0,3,127
401481356,51912.98,140.16379,44,99933,2866,65536,0,3,127
402482401,52057.32,140.17467,44,100181,5707,65536,0,3,127
403483367,52204.66,140.19353,44,100427,4989,65536,0,3,127
404484371,52352.0,140.2123,44,100675,5062,65536,0,3,127
405485351,52500.875,140.23506,44,100923,3258,65536,0,3,127
406486353,52648.543,140.25449,44,101169,2753,65536,0,3,127
407487385,52796.63,140.27492,44,101417,1779,65536,0,3,127
408488345,52940.992,140.2854,44,101663,4404,65536,0,3,127
409489352,53089.633,140.3071,44,101911,3046,65536,0,3,127
410490351,53236.992,140.32532,44,102157,3035,65536,0,3,127
411491384,53384.406,140.34357,44,102405,2801,65536,0,3,127
412492566,53532.105,140.36243,44,102653,2196,65536,0,3,127
413493367,53675.707,140.3706,44,102899,5609,65536,0,3,127
414494375,53824.0,140.3909,44,103147,4395,65536,0,3,127
415495426,53969.383,140.4035,44,103393,6190,65536,0,3,127
416496353,54117.97,140.42441,44,103641,4682,65536,0,3,127
417497588,54264.13,140.43878,44,103888,5702,65536,0,3,127
418498357,54412.11,140.45798,44,104135,5047,65536,0,3,127
419499358,54559.617,140.47577,44,104383,4611,65536,0,3,127
420500354,54707.37,140.49411,44,104629,4197,65536,0,3,127
421501385,54856.113,140.51486,44,104877,2814,65536,0,3,127
422502400,55001.11,140.52594,44,105123,4794,65536,0,3,127
423503344,55149.035,140.54446,44,105371,3890,65536,0,3,127
424504452,55296.0,140.56038,44,105618,4067,65536,0,3,127
425505356,55441.332,140.57216,44,105865,5889,65536,0,3,127
426506357,55591.305,140.59558,44,106113,3023,65536,0,3,127
427507377,55736.516,140.60687,44,106359,4823,65536,0,3,127
428508355,55885.305,140.6271,44,106607,3074,65536,0,3,127
429509376,56030.258,140.6376,44,106853,5076,65536,0,3,127
430510347,56180.695,140.66179,44,107101,1961,65536,0,3,127
431511712,56324.586,140.66939,44,107349,5735,65536,0,3,127
432512389,56472.992,140.68842,44,107595,4909,65536,0,3,127
433513368,56620.562,140.70518,44,107843,4437,65536,0,3,127
434514410,56768.0,140.7215,44,108089,3896,65536,0,3,127
435515352,56912.836,140.73135,44,108337,6462,65536,0,3,127
436516344,57062.547,140.75316,44,108583,3611,65536,0,3,127
437517380,57208.133,140.76468,44,108831,5162,65536,0,3,127
438518411,57357.83,140.78625,44,109079,2726,65536,0,3,127
439519347,57502.055,140.79436,44,109325,5472,65536,0,3,127
440520653,57651.742,140.81563,44,109573,3154,65536,0,3,127
441521345,57796.273,140.82445,44,109819,5396,65536,0,3,127
442522389,57945.582,140.84471,44,110067,3556,65536,0,3,127
446526344,58158.9,140.00069,49,111055,2726,65536,0,3,127
447527415,58304.0,140.01259,49,111303,5017,65536,0,3,127
448528353,58454.086,140.0364,49,111549,1736,65536,0,3,127
449529360,58600.72,140.05183,49,111797,2673,65536,0,3,127
450530347,58748.305,140.06946,49,112043,1665,65536,0,3,127
451531373,58893.05,140.08025,49,112291,4464,65536,0,3,127
452532392,59038.5,140.09264,49,112539,6257,65536,0,3,127
453533417,59189.07,140.11711,49,112785,2712,65536,0,3,127
454534352,59336.438,140.13393,49,113033,2449,65536,0,3,127
455535344,59481.17,140.14442,49,113279,4699,65536,0,3,127
456536358,59629.3,140.16287,49,113527,3902,65536,0,3,127
457537381,59776.0,140.17786,49,113773,4185,65536,0,3,127
458538376,59925.234,140.19872,49,114021,1816,65536,0,3,127
459539898,60068.625,140.20567,49,114269,6268,65536,0,3,127
460540346,60216.156,140.2226,49,114515,5204,65536,0,3,127
461541378,60364.223,140.24048,49,114763,4183,65536,0,3,127
462542412,60509.777,140.25246,49,115009,6266,65536,0,3,127
463543357,60659.79,140.27472,49,115257,3299,65536,0,3,127
464544344,60804.04,140.28357,49,115503,5551,65536,0,3,127
465545355,60954.277,140.30615,49,115751,3034,65536,0,3,127
466546374,61101.1,140.32079,49,115999,3328,65536,0,3,127
467547401,61248.0,140.33554,49,116245,3309,65536,0,3,127
468548350,61393.227,140.34642,49,116493,5473,65536,0,3,127
469549371,61543.375,140.36844,49,116739,2138,65536,0,3,127
470550350,61689.39,140.38098,49,116987,3258,65536,0,3,127
471551454,61837.35,140.39784,49,117234,2866,65536,0,3,127
472552381,61982.35,140.40797,49,117481,4573,65536,0,3,127
473553357,62128.797,140.4213,49,117729,5666,65536,0,3,127
474554344,62276.355,140.43709,49,117975,4653,65536,0,3,127
475555359,62426.04,140.45758,49,118223,2471,65536,0,3,127
476556385,62570.64,140.46655,49,118469,4832,65536,0,3,127
477557427,62720.0,140.48615,49,118717,2765,65536,0,3,127
478558549,62865.688,140.4974,49,118965,4183,65536,0,3,127
479559346,63014.465,140.51562,49,119211,2290,65536,0,3,127
480560353,63161.95,140.53082,49,119459,2038,65536,0,3,127
481561352,63309.29,140.54561,49,119705,2057,65536,0,3,127
483563344,63545.65,140.44614,53,120199,3708,65536,0,3,127
484564344,63692.77,140.46056,53,120447,3749,65536,0,3,127
485565377,63841.59,140.47864,53,120695,1958,65536,0,3,127
486566353,63987.883,140.49109,53,120941,2837,65536,0,3,127
487567384,64132.19,140.49913,53,121189,5666,65536,0,3,127
488568345,64281.242,140.51753,53,121435,3492,65536,0,3,127
489569352,64427.297,140.52931,53,121683,4811,65536,0,3,127
490570355,64576.0,140.54678,53,121929,3484,65536,0,3,127
491571353,64720.965,140.55608,53,122177,5678,65536,0,3,127
492572644,64871.08,140.5764,53,122425,2841,65536,0,3,127
493573345,65016.867,140.58746,53,122671,3492,65536,0,3,127
494574383,65165.35,140.60417,53,122919,2613,65536,0,3,127
498578411,65348.027,139.79063,55,123907,2459,65536,0,3,127
499579355,65493.25,139.80196,55,124155,4417,65536,0,3,127
500580348,65639.91,139.81625,55,124401,4711,65536,0,3,127
501581543,65789.805,139.83733,55,124649,2478,65536,0,3,127
502582376,65937.09,139.85287,55,124895,1658,65536,0,3,127
503583356,66079.19,139.85735,55,125143,7257,65536,0,3,127
504584353,66228.03,139.87602,55,125389,5385,65536,0,3,127
505585379,66376.49,139.89381,55,125637,3973,65536,0,3,127
506586351,66525.734,139.91318,55,125885,1750,65536,0,3,127
507587406,66672.87,139.92802,55,126131,1775,65536,0,3,127
508588350,66816.0,139.93446,55,126379,5851,65536,0,3,127
509589349,66965.82,139.95483,55,126625,2866,65536,0,3,127
510590375,67110.14,139.96364,55,126873,6381,65536,0,3,127
511591344,67261.17,139.98639,55,127119,1758,65536,0,3,127
512592353,67404.64,139.99333,55,127367,5421,65536,0,3,127
513593377,67554.97,140.01445,55,127615,2841,65536,0,3,127
514594359,67699.97,140.02449,55,127861,4795,65536,0,3,127
515595350,67848.555,140.04187,55,128109,3258,65536,0,3,127
516596372,67993.97,140.05264,55,128355,5070,65536,0,3,127
517597393,68139.82,140.06425,55,128603,6402,65536,0,3,127
518598458,68288.0,140.08061,55,128850,5140,65536,0,3,127
519599360,68437.336,140.09929,55,129097,3098,65536,0,3,127
520600795,68583.99,140.11227,55,129345,3664,65536,0,3,127
521601344,68729.02,140.12215,55,129591,5634,65536,0,3,127
522602405,68877.43,140.13869,55,129839,4514,65536,0,3,127
523603387,69023.695,140.15086,55,130085,5172,65536,0,3,127
524604348,69171.68,140.16647,55,130333,4280,65536,0,3,127
525605690,69320.1,140.18277,55,130581,3105,65536,0,3,127
526606344,69465.414,140.19295,55,130827,4763,65536,0,3,127
527607385,69615.39,140.21236,55,131075,1831,65536,0,3,127
528608353,69760.0,140.22093,55,131321,4456,65536,0,3,127
529609356,69909.21,140.23866,55,131569,2684,65536,0,3,127
530610346,70056.68,140.25287,55,131815,1714,65536,0,3,127
531611346,70201.04,140.2608,55,132063,5147,65536,0,3,127
532612421,70349.48,140.2768,55,132311,3637,65536,0,3,127
533613367,70497.83,140.2926,55,132557,2886,65536,0,3,127
534614362,70643.07,140.30217,55,132805,4732,65536,0,3,127
535615350,70792.68,140.32034,55,133051,2015,65536,0,3,127
536616353,70938.14,140.33023,55,133299,3912,65536,0,3,127
537617382,71085.34,140.3435,55,133545,3641,65536,0,3,127
538618348,71232.0,140.35567,55,133793,4105,65536,0,3,127
539619444,71377.2,140.3649,55,134041,6266,65536,0,3,127
540620344,71527.83,140.3848,55,134287,2465,65536,0,3,127
541621356,71672.09,140.39212,55,134535,5358,65536,0,3,127
542622388,71820.78,140.40805,55,134781,4256,65536,0,3,127
543623355,71965.84,140.41687,55,135029,6314,65536,0,3,127
544624370,72115.836,140.43524,55,135275,3180,65536,0,3,127
545625374,72260.13,140.44247,55,135523,6204,65536,0,3,127
546626358,72351.11,140.34625,55,135771,63662,65536,0,3,127
550630353,72542.17,139.63235,59,136759,4711,65536,0,3,127
551631352,72691.79,139.65126,59,137005,2663,65536,0,3,127
552632389,72836.17,139.66005,59,137253,5480,65536,0,3,127
553633540,72985.76,139.67874,59,137501,2916,65536,0,3,127
554634367,73132.85,139.6927,59,137747,2970,65536,0,3,127
555635360,73280.0,139.70663,59,137995,2906,65536,0,3,127
556636347,73424.875,139.71622,59,138241,4989,65536,0,3,127
557637392,73574.625,139.73499,59,138489,2553,65536,0,3,127
558638347,73720.17,139.74576,59,138735,3923,65536,0,3,127
559639353,73864.82,139.75478,59,138983,6445,65536,0,3,127
560640360,74014.61,139.77344,59,139231,4426,65536,0,3,127
561641359,74161.72,139.78702,59,139477,4094,65536,0,3,127
562642397,74308.625,139.80014,59,139725,4303,65536,0,3,127
563643373,74455.97,139.81404,59,139971,3666,65536,0,3,127
564644356,74603.36,139.82799,59,140219,3841,65536,0,3,127
565645467,74752.0,139.8442,59,140467,2138,65536,0,3,127
566646349,74898.05,139.85555,59,140713,3403,65536,0,3,127
567647386,75042.98,139.86473,59,140961,5593,65536,0,3,127
568648344,75191.67,139.8809,59,141207,3637,65536,0,3,127
569649353,75337.72,139.8921,59,141455,4958,65536,0,3,127
570650387,75487.234,139.90967,59,141701,2712,65536,0,3,127
571651352,75631.49,139.91745,59,141949,5207,65536,0,3,127
572652778,75780.22,139.93335,59,142197,4299,65536,0,3,127
573653346,75925.78,139.94357,59,142443,5632,65536,0,3,127
574654358,76075.414,139.96115,59,142691,3046,65536,0,3,127
575655347,76223.984,139.97672,59,142937,1578,65536,0,3,127
576656352,76369.51,139.98662,59,143185,3258,65536,0,3,127
577657378,76514.98,139.99637,59,143431,4786,65536,0,3,127
578658347,76664.81,140.0141,59,143679,2192,65536,0,3,127
579659381,76808.83,140.02113,59,143927,5361,65536,0,3,127
580660348,76959.06,140.03947,59,144173,1929,65536,0,3,127
581661603,77103.55,140.04723,59,144421,5359,65536,0,3,127
582662377,77252.055,140.06236,59,144667,3299,65536,0,3,127
583663353,77397.664,140.07216,59,144915,4795,65536,0,3,127
584664351,77546.06,140.08694,59,145161,3961,65536,0,3,127
585665346,77691.42,140.0962,59,145409,5811,65536,0,3,127
586666440,77840.984,140.11298,59,145657,3258,65536,0,3,127
587667374,77985.75,140.1211,59,145903,5707,65536,0,3,127
588668353,78136.28,140.13951,59,146151,2208,65536,0,3,127
589669351,78280.56,140.14668,59,146397,4915,65536,0,3,127
590670360,78430.555,140.16402,59,146645,2607,65536,0,3,127
591671345,78575.77,140.17279,59,146891,3830,65536,0,3,127
592672378,78724.14,140.18712,59,147139,2880,65536,0,3,127
593673354,78869.83,140.19667,59,147387,4148,65536,0,3,127
594674355,79019.875,140.2139,59,147633,1354,65536,0,3,127
595675351,79163.87,140.22034,59,147881,4547,65536,0,3,127
596676344,79313.75,140.23717,59,148127,1588,65536,0,3,127
597677384,79459.17,140.24608,59,148375,3353,65536,0,3,127
598678349,79607.75,140.26051,59,148621,1636,65536,0,3,127
599679381,79753.17,140.26933,59,148869,4027,65536,0,3,127
600681077,79901.31,140.28273,59,149117,2968,65536,0,3,127
601681370,80047.06,140.29224,59,149363,3562,65536,0,3,127
602682385,80192.0,140.30013,59,149611,6023,65536,0,3,127
603683355,80341.336,140.31566,59,149857,3990,65536,0,3,127
604684356,80487.305,140.32527,59,150105,5132,65536,0,3,127
605685345,80635.4,140.33855,59,150351,4236,65536,0,3,127
606686352,80784.49,140.35353,59,150599,2163,65536,0,3,127
607687404,80930.49,140.36305,59,150847,3299,65536,0,3,127
608688362,81075.76,140.3713,59,151093,5187,65536,0,3,127
609689357,81224.4,140.38538,59,151341,4129,65536,0,3,127
610690418,81369.99,140.39409,59,151587,5045,65536,0,3,127
611691348,81520.13,140.41064,59,151835,2138,65536,0,3,127
612692485,81664.0,140.41634,59,152083,5828,65536,0,3,127
613693356,81814.13,140.4328,59,152329,2603,65536,0,3,127
614694355,81959.61,140.4412,59,152577,4573,65536,0,3,127
615695344,82105.234,140.44983,59,152823,5758,65536,0,3,127
616696357,82253.64,140.46318,59,153071,4388,65536,0,3,127
617697385,82403.53,140.479,59,153317,1818,65536,0,3,127
618698352,82549.016,140.48729,59,153565,3510,65536,0,3,127
619700115,82696.39,140.49855,59,153813,3656,65536,0,3,127
620700346,82841.31,140.50601,59,154059,5490,65536,0,3,127
621701357,82990.39,140.5203,59,154307,3890,65536,0,3,127
622702379,83132.734,140.52313,59,154553,8151,65536,0,3,127
627707378,83307.19,139.63666,60,155789,4868,65536,0,3,127
628708352,83456.0,139.6518,60,156037,3102,65536,0,3,127
629709347,83601.734,139.66171,60,156283,4516,65536,0,3,127
630710351,83750.99,139.67749,60,156531,2320,65536,0,3,127
631711354,83896.56,139.68707,60,156777,4184,65536,0,3,127
632712397,84045.23,139.70175,60,157025,3307,65536,0,3,127
633713623,84189.305,139.70872,60,157273,6411,65536,0,3,127
634714358,84338.56,139.72438,60,157519,3775,65536,0,3,127
635715382,84484.67,139.7347,60,157767,5246,65536,0,3,127
636716362,84630.04,139.74377,60,158013,6869,65536,0,3,127
637717387,84779.92,139.76027,60,158261,4225,65536,0,3,127
638718349,84928.0,139.77373,60,158507,2995,65536,0,3,127
639719374,85044.31,139.73494,63,158755,4435,65536,0,3,127
640720355,85117.86,139.62613,65,159003,39142,65536,0,3,127
641721346,85300.25,139.69594,65,159249,2719,65536,0,3,127
642722389,85444.18,139.70262,65,159497,6228,65536,0,3,127
643723343,85593.875,139.71873,65,159743,3593,65536,0,3,127
644724356,85739.7,139.72845,65,159991,4903,65536,0,3,127
645725347,85888.0,139.74216,65,160237,3483,65536,0,3,127
646726383,86032.41,139.74951,65,160485,6491,65536,0,3,127
647727384,86182.32,139.76576,65,160733,3587,65536,0,3,127
648728367,86329.02,139.77678,65,160979,3780,65536,0,3,127
649729369,86476.414,139.78885,65,161227,3790,65536,0,3,127
650730348,86621.83,139.79771,65,161473,5361,65536,0,3,127
651731358,86770.03,139.81102,65,161721,4647,65536,0,3,127
652732377,86916.86,139.82208,65,161967,4992,65536,0,3,127
653733352,87065.92,139.8367,65,162215,3021,65536,0,3,127
654734377,87211.4,139.84552,65,162463,4676,65536,0,3,127
655735354,87360.0,139.85931,65,162709,3219,65536,0,3,127
656736352,87505.25,139.8677,65,162957,5054,65536,0,3,127
657737403,87652.695,139.87958,65,163203,4588,65536,0,3,127
658738349,87800.86,139.89256,65,163451,3778,65536,0,3,127
659739448,87949.09,139.90558,65,163698,2416,65536,0,3,127
660740350,88095.29,139.91537,65,163945,3357,65536,0,3,127
661741734,88240.04,139.92273,65,164193,6434,65536,0,3,127
662742376,88388.27,139.93575,65,164439,4951,65536,0,3,127
663743374,88534.07,139.94481,65,164687,6302,65536,0,3,127
664744384,88684.71,139.96146,65,164933,2712,65536,0,3,127
665745375,88832.0,139.97278,65,165181,2530,65536,0,3,127
666746562,88977.21,139.98076,65,165429,4404,65536,0,3,127
667747374,89126.5,139.99521,65,165675,2225,65536,0,3,127
668748351,89271.69,140.00314,65,165923,4192,65536,0,3,127
669749348,89421.016,140.0175,65,166169,1717,65536,0,3,127
670750359,89565.695,140.02457,65,166417,4866,65536,0,3,127
671751344,89712.14,140.0344,65,166663,4901,65536,0,3,127
672752375,89860.16,140.0466,65,166911,3925,65536,0,3,127
673753418,90006.22,140.05574,65,167159,5216,65536,0,3,127
674754354,90152.88,140.06581,65,167405,5956,65536,0,3,127
675755351,90304.0,140.08273,65,167653,1826,65536,0,3,127
676756344,90449.26,140.09053,65,167899,3762,65536,0,3,127
677757391,90594.5,140.09827,65,168147,5678,65536,0,3,127
678758347,90745.234,140.11449,65,168393,1802,65536,0,3,127
679759348,90888.54,140.11917,65,168641,5890,65536,0,3,127
680760466,91038.164,140.13358,65,168889,3287,65536,0,3,127
681761346,91184.766,140.14333,65,169135,3564,65536,0,3,127
682762467,91264.0,140.0496,67,169383,49994,65536,0,3,127
683763356,91456.0,140.12901,67,169629,3861,65536,0,3,127
684764355,91604.93,140.14227,67,169877,1999,65536,0,3,127
685765367,91751.25,140.1515,67,170123,2785,65536,0,3,127
686766380,91896.25,140.15868,67,170371,4851,65536,0,3,127
687767389,92045.08,140.17165,67,170619,3090,65536,0,3,127
688768348,92191.2,140.1805,67,170865,3961,65536,0,3,127
689769360,92338.97,140.19182,67,171113,3708,65536,0,3,127
690770347,92484.37,140.1995,67,171359,4920,65536,0,3,127
691771357,92633.266,140.21245,67,171607,3708,65536,0,3,127
692772385,92778.59,140.21996,67,171853,5385,65536,0,3,127
693773382,92928.0,140.23361,67,172101,3040,65536,0,3,127
694774572,93048.34,140.20338,67,172349,30669,65536,0,3,127
697777407,93132.58,139.69823,70,173089,4015,65536,0,3,127
698778388,93279.04,139.70815,70,173337,5132,65536,0,3,127
699779348,93428.77,139.72295,70,173583,1812,65536,0,3,127
700780354,93572.04,139.72803,70,173831,5941,65536,0,3,127
701781370,93721.7,139.74263,70,174079,3299,65536,0,3,127
702782384,93868.375,139.75273,70,174325,4031,65536,0,3,127
703783416,94016.0,139.76422,70,174573,3702,65536,0,3,127
704784370,94161.16,139.77203,70,174819,5520,65536,0,3,127
705785357,94310.41,139.78589,70,175067,3287,65536,0,3,127
706786448,94455.38,139.79333,70,175314,5510,65536,0,3,127
707787380,94604.66,139.80714,70,175561,3299,65536,0,3,127
708788357,94750.52,139.81589,70,175809,4536,65536,0,3,127
709789345,94896.53,139.8248,70,176055,5553,65536,0,3,127
710790352,95044.33,139.83633,70,176303,4813,65536,0,3,127
711791384,95194.44,139.85121,70,176549,2003,65536,0,3,127
712792386,95339.66,139.85889,70,176797,4195,65536,0,3,127
713793559,95488.0,139.87106,70,177045,2895,65536,0,3,127
714794346,95632.77,139.87808,70,177291,5103,65536,0,3,127
715795360,95780.77,139.88972,70,177539,4359,65536,0,3,127
716796347,95927.44,139.89941,70,177785,4653,65536,0,3,127
717797388,96076.51,139.91255,70,178033,2713,65536,0,3,127
718798349,96221.28,139.91943,70,178279,5213,65536,0,3,127
719799349,96368.836,139.93031,70,178527,4763,65536,0,3,127
720800376,96516.17,139.94084,70,178775,4469,65536,0,3,127
721801351,96649.37,139.93088,70,179021,19233,65536,0,3,127
722802649,96807.16,139.95642,71,179269,6118,65536,0,3,127
723803344,96955.66,139.96863,71,179515,4473,65536,0,3,127
724804355,97101.05,139.97624,71,179763,6022,65536,0,3,127
725805346,97249.88,139.98878,71,180009,4504,65536,0,3,127
726806346,97396.62,139.99829,71,180257,4851,65536,0,3,127
727807467,97544.15,140.00888,71,180505,4658,65536,0,3,127
728808344,97691.09,140.01863,71,180751,4639,65536,0,3,127
729809382,97839.41,140.0303,71,180999,3368,65536,0,3,127
730810358,97988.07,140.04243,71,181245,2267,65536,0,3,127
731811364,98132.93,140.0491,71,181493,4599,65536,0,3,127
732812407,98280.34,140.0594,71,181739,3885,65536,0,3,127
733813373,98427.41,140.06918,71,181987,4258,65536,0,3,127
734814361,98572.97,140.07678,71,182235,5634,65536,0,3,127
735815352,98722.625,140.0902,71,182481,3068,65536,0,3,127
736816355,98869.43,140.09949,71,182729,3391,65536,0,3,127
737817379,99016.8,140.10957,71,182975,2976,65536,0,3,127
738818387,99161.055,140.11523,71,183223,6131,65536,0,3,127
739819351,99310.63,140.1284,71,183469,3368,65536,0,3,127
740820376,99456.0,140.13557,71,183717,5154,65536,0,3,127
741821843,99605.81,140.14891,71,183965,3075,65536,0,3,127
742822429,99750.66,140.1554,71,184211,4826,65536,0,3,127
743823357,99898.41,140.16586,71,184459,4514,65536,0,3,127
744824352,100045.75,140.17572,71,184705,4317,65536,0,3,127
745825353,100191.2,140.1829,71,184953,6075,65536,0,3,127
746826344,100338.5,140.19266,71,185199,5705,65536,0,3,127
747827354,100488.92,140.20673,71,185447,2542,65536,0,3,127
748828379,100634.12,140.21347,71,185695,4467,65536,0,3,127
749829360,100780.52,140.22191,71,185941,4996,65536,0,3,127
750830354,100928.0,140.2318,71,186189,4839,65536,0,3,127
751831371,101077.44,140.24437,71,186435,2242,65536,0,3,127
752832394,101221.97,140.2501,71,186683,5295,65536,0,3,127
753833455,101371.67,140.26299,71,186930,2736,65536,0,3,127
754834356,101517.27,140.27019,71,187177,4256,65536,0,3,127
755835356,101666.55,140.28241,71,187425,2004,65536,0,3,127
756836344,101811.7,140.28894,71,187671,3792,65536,0,3,127
757837392,101956.41,140.29482,71,187919,6352,65536,0,3,127
758838379,102105.53,140.30675,71,188165,4119,65536,0,3,127
759839347,102254.99,140.31914,71,188413,1920,65536,0,3,127
760841042,102400.0,140.32524,71,188661,4486,65536,0,3,127
761841345,102545.44,140.33217,71,188907,5568,65536,0,3,127
762842391,102696.055,140.34601,71,189155,2488,65536,0,3,127
763843352,102842.87,140.35466,71,189401,2603,65536,0,3,127
764844359,102936.89,140.29132,71,189649,56985,65536,0,3,127
768848346,103079.26,139.72289,75,190644,2408,65536,0,3,127
769849353,103222.805,139.72789,75,190892,6056,65536,0,3,127
770850345,103373.5,139.74251,75,191138,2159,65536,0,3,127
771851352,103518.52,139.74945,75,191391,3934,65536,0,3,127
772852386,103667.15,139.76122,75,191637,2694,65536,0,3,127
773853352,103812.8,139.76898,75,191885,4123,65536,0,3,127
774854443,103960.92,139.78,75,192133,3320,65536,0,3,127
775855344,104107.39,139.78882,75,192379,3754,65536,0,3,127
776856416,104256.0,139.80043,75,192634,1789,65536,0,3,127
777857386,104400.97,139.80717,75,192880,4077,65536,0,3,127
778858358,104550.11,139.81949,75,193128,2379,65536,0,3,127
779859346,104697.06,139.82883,75,193374,1940,65536,0,3,127
780860382,104840.54,139.83348,75,193622,5868,65536,0,3,127
781861362,104990.63,139.84697,75,193870,3055,65536,0,3,127
782862450,105135.35,139.85326,75,194116,5336,65536,0,3,127
783863355,105284.63,139.86562,75,194364,3320,65536,0,3,127
784864392,105430.33,139.87315,75,194610,4457,65536,0,3,127
785865356,105579.766,139.88565,75,194858,2009,65536,0,3,127
786866346,105727.266,139.89554,75,195104,1677,65536,0,3,127
787867378,105872.33,139.90218,75,195359,3279,65536,0,3,127
788868366,106018.33,139.91005,75,195607,4415,65536,0,3,127
789869370,106165.234,139.91908,75,195853,4678,65536,0,3,127
790870351,106312.18,139.92815,75,196101,4805,65536,0,3,127
791871348,106458.56,139.93645,75,196347,5381,65536,0,3,127
792872392,106606.18,139.94635,75,196595,5545,65536,0,3,127
793873344,106752.0,139.95387,75,196846,5599,65536,0,3,127
794874354,106901.14,139.96571,75,197094,3967,65536,0,3,127
795875380,107046.79,139.97295,75,197342,5658,65536,0,3,127
796876358,107196.72,139.98578,75,197588,2603,65536,0,3,127
797877387,107341.25,139.99152,75,197836,5249,65536,0,3,127
798878373,107490.03,140.00278,75,198082,3575,65536,0,3,127
799879351,107635.88,140.01021,75,198330,4836,65536,0,3,127
800880443,107784.305,140.02095,75,198577,3328,65536,0,3,127
801881347,107930.05,140.02821,75,198824,4922,65536,0,3,127
802882735,108079.51,140.04016,75,199072,2939,65536,0,3,127
803883344,108224.0,140.04584,75,199325,4870,65536,0,3,127
804884358,108373.516,140.05788,75,199573,2613,65536,0,3,127
805885388,108520.18,140.06622,75,199819,2866,65536,0,3,127
806886354,108664.3,140.07127,75,200067,5931,65536,0,3,127
807887574,108812.52,140.08154,75,200315,4994,65536,0,3,127
808888344,108958.125,140.08849,75,200561,6229,65536,0,3,127
809889388,109108.07,140.10097,75,200809,3258,65536,0,3,127
810890347,109239.24,140.08934,75,201061,19274,65536,0,3,127
814894389,109414.51,139.5973,81,202051,3283,65536,0,3,127
815895349,109560.016,139.60466,81,202297,4762,65536,0,3,127
816896379,109708.75,139.61609,81,202545,3287,65536,0,3,127
817897383,109854.24,139.6234,81,202791,4973,65536,0,3,127
818898355,110003.85,139.6359,81,203039,2386,65536,0,3,127
819899381,110148.5,139.64207,81,203285,4932,65536,0,3,127
820900354,110298.125,139.65454,81,203533,2814,65536,0,3,127
821901714,110442.89,139.66077,81,203781,5218,65536,0,3,127
822902374,110592.0,139.67258,81,204027,2727,65536,0,3,127
823903376,110737.44,139.67967,81,204275,4864,65536,0,3,127
824904354,110883.27,139.68726,81,204521,5999,65536,0,3,127
825905352,111032.77,139.69942,81,204769,3747,65536,0,3,127
826906344,111181.17,139.71017,81,205015,2078,65536,0,3,127
827907380,111326.55,139.7171,81,205263,3812,65536,0,3,127
828908355,111475.44,139.72844,81,205511,2086,65536,0,3,127
829909357,111620.63,139.7351,81,205757,4338,65536,0,3,127
830910362,111766.484,139.74257,81,206005,5614,65536,0,3,127
831911381,111914.47,139.75269,81,206251,4209,65536,0,3,127
832912412,112064.0,139.76471,81,206499,2139,65536,0,3,127
833913368,112208.695,139.77068,81,206745,5129,65536,0,3,127
834914391,112358.16,139.78255,81,206993,2718,65536,0,3,127
835915386,112503.984,139.7899,81,207241,4032,65536,0,3,127
836916369,112652.6,139.80069,81,207487,2502,65536,0,3,127
837917387,112798.22,139.80772,81,207735,4061,65536,0,3,127
838918347,112944.07,139.81503,81,207981,5111,65536,0,3,127
839919359,113092.24,139.82518,81,208229,4716,65536,0,3,127
840920345,113238.08,139.83244,81,208475,5345,65536,0,3,127
841921351,113384.234,139.84007,81,208723,6772,65536,0,3,127
842922406,113531.58,139.84912,81,208971,6743,65536,0,3,127
843923395,113681.86,139.86179,81,209217,3195,65536,0,3,127
844924353,113829.63,139.87135,81,209465,2480,65536,0,3,127
845925417,113975.64,139.8787,81,209711,3663,65536,0,3,127
846926353,114120.89,139.88513,81,209959,5528,65536,0,3,127
847927485,114269.92,139.89612,81,210206,3359,65536,0,3,127
848928349,114415.37,139.90276,81,210453,5304,65536,0,3,127
849929359,114564.19,139.91348,81,210701,3575,65536,0,3,127
850930345,114709.27,139.91962,81,210947,5515,65536,0,3,127
851931398,114859.84,139.93242,81,211195,2208,65536,0,3,127
852932389,115004.82,139.93839,81,211441,4633,65536,0,3,127
853933356,115153.04,139.94827,81,211689,3499,65536,0,3,127
854934577,115298.59,139.95488,81,211937,5329,65536,0,3,127
855935345,115448.45,139.96677,81,212183,2196,65536,0,3,127
856936360,115594.04,139.97339,81,212431,3762,65536,0,3,127
857937382,115742.22,139.98314,81,212677,2782,65536,0,3,127
858938359,115887.85,139.9898,81,212925,4705,65536,0,3,127
859939346,116036.14,139.99965,81,213171,2866,65536,0,3,127
860940345,116181.625,140.00609,81,213419,4723,65536,0,3,127
861941412,116327.92,140.01349,81,213667,5625,65536,0,3,127
862942381,116477.94,140.02534,81,213913,2907,65536,0,3,127
863943603,116624.5,140.03299,81,214161,3708,65536,0,3,127
864944380,116770.73,140.04028,81,214407,4433,65536,0,3,127
865945358,116915.85,140.04622,81,214655,6463,65536,0,3,127
866946345,117065.18,140.05714,81,214901,4195,65536,0,3,127
867947379,117210.15,140.06284,81,215149,6453,65536,0,3,127
868948593,117345.336,140.05682,81,215397,19161,65536,0,3,127
870950378,117552.266,139.96939,82,215891,3203,65536,0,3,127
871951352,117700.0,139.97847,82,216137,2367,65536,0,3,127
872952390,117845.83,139.98524,82,216385,3733,65536,0,3,127
873953345,117992.53,139.99304,82,216631,3492,65536,0,3,127
874954371,118140.516,140.00235,82,216879,3075,65536,0,3,127
875955363,118242.38,139.95705,82,217127,49596,65536,0,3,127
879959352,118392.34,139.47354,84,218115,3287,65536,0,3,127
880960353,118540.9,139.48405,84,218361,2086,65536,0,3,127
881961387,118685.47,139.48987,84,218609,4448,65536,0,3,127
882962846,118831.77,139.49763,84,218857,5680,65536,0,3,127
883963368,118980.21,139.50803,84,219103,3562,65536,0,3,127
884964358,119125.875,139.51508,84,219351,5746,65536,0,3,127
885965349,119275.69,139.52695,84,219597,2866,65536,0,3,127
886966350,119424.0,139.53706,84,219845,1610,65536,0,3,127
887967378,119569.92,139.54436,84,220091,2907,65536,0,3,127
888968392,119716.39,139.55225,84,220339,3492,65536,0,3,127
889969353,119863.75,139.56119,84,220587,3299,65536,0,3,127
890970349,120008.63,139.56721,84,220833,5707,65536,0,3,127
891971359,120159.14,139.57976,84,221081,2632,65536,0,3,127
892972401,120303.25,139.58484,84,221327,5045,65536,0,3,127
893973349,120452.3,139.59566,84,221575,3733,65536,0,3,127
894974451,120598.195,139.60277,84,221822,4807,65536,0,3,127
895975353,120747.46,139.6138,84,222069,2574,65536,0,3,127
896976351,120896.0,139.62395,84,222317,1346,65536,0,3,127
897977378,121040.766,139.62971,84,222563,3546,65536,0,3,127
898978353,121186.46,139.63655,84,222811,5004,65536,0,3,127
899979394,121336.734,139.64862,84,223057,1790,65536,0,3,127
900980349,121480.84,139.6536,84,223305,4836,65536,0,3,127
901982029,121629.69,139.66388,84,223553,3474,65536,0,3,127
902982374,121775.07,139.67038,84,223799,5132,65536,0,3,127
903983356,121924.34,139.68123,84,224047,2880,65536,0,3,127
904984355,122069.06,139.68683,84,224293,5161,65536,0,3,127
905985351,122215.77,139.6947,84,224541,5777,65536,0,3,127
906986347,122365.54,139.70604,84,224787,2866,65536,0,3,127
907987378,122509.8,139.71106,84,225035,5758,65536,0,3,127
908988444,122658.46,139.7211,84,225283,4363,65536,0,3,127
909989348,122807.93,139.73204,84,225529,1779,65536,0,3,127
910990359,122952.52,139.73741,84,225777,4828,65536,0,3,127
911991344,123102.484,139.74886,84,226023,1534,65536,0,3,127
912992437,123249.01,139.75636,84,226271,2138,65536,0,3,127
913993354,123396.336,139.7648,84,226517,2223,65536,0,3,127
914994348,123541.914,139.77121,84,226765,3986,65536,0,3,127
915995465,123688.414,139.77864,84,227013,4650,65536,0,3,127
916996345,123835.02,139.78622,84,227259,5005,65536,0,3,127
917997411,123984.55,139.79703,84,227507,2863,65536,0,3,127
918998350,124131.25,139.80466,84,227753,2947,65536,0,3,127
919999362,124276.41,139.81053,84,228001,5355,65536,0,3,127
921000344,124424.81,139.82002,84,228247,3631,65536,0,3,127
922001373,124570.02,139.82591,84,228495,5993,65536,0,3,127
923002392,124720.195,139.83736,84,228743,2922,65536,0,3,127
924003462,124864.0,139.84164,84,228989,6107,65536,0,3,127
925004357,125013.9,139.85275,84,229237,3409,65536,0,3,127
926005406,125158.69,139.8581,84,229483,5520,65536,0,3,127
927006357,125307.195,139.86758,84,229731,4181,65536,0,3,127
928007378,125454.05,139.87523,84,229977,4346,65536,0,3,127
929008375,125599.73,139.88155,84,230225,5817,65536,0,3,127
930009544,125747.71,139.89037,84,230473,5580,65536,0,3,127
931010345,125896.766,139.90044,84,230719,2988,65536,0,3,127
932011357,126041.98,139.90616,84,230967,5315,65536,0,3,127
933012413,126191.445,139.91661,84,231213,2988,65536,0,3,127
934013359,126336.0,139.9216,84,231461,5568,65536,0,3,127
935014350,126485.84,139.93242,84,231707,2343,65536,0,3,127
936015351,126630.62,139.9376,84,231955,5213,65536,0,3,127
937016421,126780.9,139.94887,84,232203,1900,65536,0,3,127
938017381,126925.08,139.95338,84,232449,4997,65536,0,3,127
939018457,127071.17,139.95998,84,232697,6450,65536,0,3,127
940019376,127216.34,139.96558,84,232943,7797,65536,0,3,127
941020353,127368.07,139.97835,84,233191,3309,65536,0,3,127
942021496,127514.45,139.9852,84,233439,4498,65536,0,3,127
943022383,127663.27,139.99475,84,233685,2632,65536,0,3,127
944023356,127808.0,139.99979,84,233933,5308,65536,0,3,127
945024345,127957.75,140.0103,84,234179,2383,65536,0,3,127
946025359,128102.625,140.01547,84,234427,4639,65536,0,3,127
947026387,128251.266,140.02472,84,234673,3204,65536,0,3,127
948027383,128396.61,140.03038,84,234921,5018,65536,0,3,127
949028584,128545.555,140.0399,84,235169,3198,65536,0,3,127
950029347,128690.71,140.04535,84,235415,5098,65536,0,3,127
951030351,128840.7,140.05603,84,235663,2129,65536,0,3,127
952031347,128986.14,140.0617,84,235909,3678,65536,0,3,127
957036357,129160.305,139.49272,88,237145,5650,65536,0,3,127
958037387,129309.56,139.5031,88,237393,3461,65536,0,3,127
959038348,129455.414,139.5098,88,237639,4755,65536,0,3,127
960039353,129604.164,139.51959,88,237887,3075,65536,0,3,127
961040354,129749.414,139.5256,88,238133,5236,65536,0,3,127
962041383,129897.625,139.53477,88,238381,4304,65536,0,3,127
963042479,130044.03,139.54199,88,238629,5031,65536,0,3,127
964043344,130193.19,139.55217,88,238875,2254,65536,0,3,127
965044357,130338.68,139.55836,88,239123,4303,65536,0,3,127
966045352,130484.32,139.56473,88,239369,5614,65536,0,3,127
967046353,130632.34,139.57362,88,239617,4640,65536,0,3,127
968047380,130778.75,139.58075,88,239863,5408,65536,0,3,127
969048372,130927.92,139.59084,88,240111,3258,65536,0,3,127
970049356,131076.33,139.60008,88,240359,1933,65536,0,3,127
971050349,131222.14,139.60654,88,240605,3299,65536,0,3,127
972051356,131367.56,139.61256,88,240853,5086,65536,0,3,127
973052378,131517.39,139.62326,88,241099,2057,65536,0,3,127
974053354,131662.05,139.62845,88,241347,4757,65536,0,3,127
975054355,131776.0,139.60112,88,241593,38956,65536,0,3,127
976055382,131959.42,139.64732,88,241841,1746,65536,0,3,127
977056400,132105.31,139.6538,88,242089,3299,65536,0,3,127
978057453,132253.77,139.66292,88,242335,1775,65536,0,3,127
979058360,132399.64,139.66934,88,242583,3034,65536,0,3,127
980059348,132548.16,139.67851,88,242829,1607,65536,0,3,127
981060351,132693.58,139.68442,88,243077,3328,65536,0,3,127
982061344,132839.6,139.69092,88,243323,4220,65536,0,3,127
983062353,132988.53,139.7005,88,243571,3034,65536,0,3,127
984063378,133133.1,139.70544,88,243819,5707,65536,0,3,127
985064393,133282.83,139.7158,88,244065,2837,65536,0,3,127
986065351,133431.48,139.72504,88,244313,1491,65536,0,3,127
987066371,133576.42,139.73033,88,244559,3533,65536,0,3,127
988067392,133722.66,139.73698,88,244807,4392,65536,0,3,127
989068446,133869.39,139.74413,88,245054,4840,65536,0,3,127
990069345,134016.0,139.75116,88,245301,5332,65536,0,3,127
991070421,134166.02,139.76169,88,245549,2800,65536,0,3,127
992071345,134310.33,139.7663,88,245795,5228,65536,0,3,127
993072410,134456.08,139.77235,88,246043,7036,65536,0,3,127
994073389,134604.98,139.78171,88,246289,5052,65536,0,3,127
995074351,134751.42,139.78847,88,246537,5956,65536,0,3,127
996075597,134899.88,139.79727,88,246785,4532,65536,0,3,127
997076343,135048.33,139.80612,88,247031,2818,65536,0,3,127
998077387,135193.72,139.81174,88,247279,4809,65536,0,3,127
999078351,135340.0,139.8183,88,247525,5462,65536,0,3,127
1000079519,135488.0,139.82655,88,247773,5004,65536,0,3,127
1001080344,135633.56,139.83235,88,248019,6153,65536,0,3,127
1002081343,135783.2,139.84232,88,248267,3562,65536,0,3,127
1003082411,135928.6,139.84787,88,248515,5384,65536,0,3,127
1004083352,136077.45,139.857,88,248761,4088,65536,0,3,127
1005084748,136222.64,139.86227,88,249009,5931,65536,0,3,127
1006085344,136372.78,139.87273,88,249255,2654,65536,0,3,127
1007086348,136520.56,139.88069,88,249503,2163,65536,0,3,127
1008087385,136666.88,139.88712,88,249749,2866,65536,0,3,127
1009088364,136812.1,139.89243,88,249997,4826,65536,0,3,127
1010089471,136960.0,139.90047,88,250245,4213,65536,0,3,127
1011090345,137109.02,139.90964,88,250491,1904,65536,0,3,127
1015094343,137293.4,139.52771,91,251479,1717,65536,0,3,127
1016095374,137437.28,139.53198,91,251727,5257,65536,0,3,127
1017096363,137583.98,139.53911,91,251975,5678,65536,0,3,127
1018097390,137732.39,139.54796,91,252221,4351,65536,0,3,127
1019098364,137877.97,139.55391,91,252469,6142,65536,0,3,127
1020099407,138027.08,139.56343,91,252715,3773,65536,0,3,127
1021100352,138176.0,139.57275,91,252963,1854,65536,0,3,127
1022101354,138321.12,139.5782,91,253209,4406,65536,0,3,127
1023102386,138467.33,139.58475,91,253457,5343,65536,0,3,127
1024103350,138616.83,139.5946,91,253705,2828,65536,0,3,127
1025104367,138764.22,139.6023,91,253951,2670,65536,0,3,127
1026105357,138911.34,139.60973,91,254199,2641,65536,0,3,127
1027106347,139054.67,139.61331,91,254445,6347,65536,0,3,127
1028107384,139204.78,139.6237,91,254693,3510,65536,0,3,127
1029108345,139353.44,139.63261,91,254939,1815,65536,0,3,127
1030109355,139498.72,139.63812,91,255187,3674,65536,0,3,127
1031110373,139647.56,139.64719,91,255435,2127,65536,0,3,127
1032111361,139792.94,139.65279,91,255681,4143,65536,0,3,127
1033112451,139938.78,139.6588,91,255929,7509,65536,0,3,127
1034113425,140089.2,139.66939,91,256175,3520,65536,0,3,127
1035114410,140232.53,139.6729,91,256423,7856,65536,0,3,127
1036115442,140382.0,139.6825,91,256670,5502,65536,0,3,127
1037116347,140528.62,139.68929,91,256917,6012,65536,0,3,127
1038117402,140676.4,139.69716,91,257165,5272,65536,0,3,127
1039118347,140821.02,139.70192,91,257411,7926,65536,0,3,127
1040119354,140971.92,139.71288,91,257659,4007,65536,0,3,127
1041120389,141119.92,139.72093,91,257905,3340,65536,0,3,127
1042121350,141264.94,139.72606,91,258153,5324,65536,0,3,127
1043123063,141412.11,139.73317,91,258401,5644,65536,0,3,127
1044123344,141562.69,139.74384,91,258647,1383,65536,0,3,127
1045124375,141704.11,139.74533,91,258895,7743,65536,0,3,127
1046125348,141853.64,139.75485,91,259141,5102,65536,0,3,127
1047126351,142003.95,139.7651,91,259389,1779,65536,0,3,127
1048127380,142148.03,139.7692,91,259635,4944,65536,0,3,127
1049128344,142298.19,139.77927,91,259883,1779,65536,0,3,127
1050129378,142444.34,139.78539,91,260131,2727,65536,0,3,127
1051130347,142592.0,139.79297,91,260377,2238,65536,0,3,127
1052131359,142739.16,139.80005,91,260625,2632,65536,0,3,127
1053132383,142882.98,139.80385,91,260871,5324,65536,0,3,127
1054133352,143032.55,139.81326,91,261119,3046,65536,0,3,127
1055134355,143180.73,139.82129,91,261365,2223,65536,0,3,127
1056135349,143326.84,139.82729,91,261613,3222,65536,0,3,127
1057136457,143424.0,139.78555,91,261861,54407,65536,0,3,127
1060139348,143532.69,139.48326,94,262601,3287,65536,0,3,127
1061140358,143680.0,139.49072,94,262849,3593,65536,0,3,127
1062141347,143826.58,139.49747,94,263095,3562,65536,0,3,127
1063142380,143974.83,139.5058,94,263343,3034,65536,0,3,127
1064143376,144120.42,139.51157,94,263591,4558,65536,0,3,127
1065144356,144269.05,139.52025,94,263837,2907,65536,0,3,127
1066145369,144414.78,139.52611,94,264085,4565,65536,0,3,127
1067146382,144561.69,139.5331,94,264331,4506,65536,0,3,127
1068147406,144708.55,139.54004,94,264579,4686,65536,0,3,127
1069148346,144855.73,139.54726,94,264825,4616,65536,0,3,127
1070149384,145003.88,139.5554,94,265073,4002,65536,0,3,127
1071150417,145152.0,139.5635,94,265321,2544,65536,0,3,127
1072151366,145298.17,139.56973,94,265567,3492,65536,0,3,127
1073152382,145443.73,139.57533,94,265815,5049,65536,0,3,127
1074153353,145591.1,139.58267,94,266061,5062,65536,0,3,127
1075154353,145741.67,139.59306,94,266309,1746,65536,0,3,127
1076155344,145886.14,139.5976,94,266555,4261,65536,0,3,127
1077156352,146031.58,139.60304,94,266803,5941,65536,0,3,127
1078157403,146180.39,139.6117,94,267051,4429,65536,0,3,127
1079158356,146329.75,139.62086,94,267297,1970,65536,0,3,127
1080159504,146476.61,139.62762,94,267545,2632,65536,0,3,127
1081160416,146624.0,139.6349,94,267791,1942,65536,0,3,127
1082161350,146770.83,139.64162,94,268039,2233,65536,0,3,127
1083162478,146918.17,139.64879,94,268287,2273,65536,0,3,127
1084163352,147065.1,139.65558,94,268533,2632,65536,0,3,127
1085164413,147212.77,139.66304,94,268781,1972,65536,0,3,127
1086165345,147358.81,139.66896,94,269027,2866,65536,0,3,127
1087166360,147503.42,139.67351,94,269275,5666,65536,0,3,127
1088167382,147652.7,139.68246,94,269521,3258,65536,0,3,127
1089168349,147799.83,139.68938,94,269769,3299,65536,0,3,127
1090169734,147904.0,139.65565,94,270017,47917,65536,0,3,127
1091170345,148071.03,139.6814,95,270263,1984,65536,0,3,127
1092171357,148216.22,139.68645,95,270511,4363,65536,0,3,127
1093172385,148364.97,139.69485,95,270757,2753,65536,0,3,127
1094173359,148510.73,139.70044,95,271005,4154,65536,0,3,127
1095174345,148656.08,139.70561,95,271251,5337,65536,0,3,127
1096175346,148800.0,139.70943,95,271499,9333,65536,0,3,127
1097176384,148951.48,139.72035,95,271747,4780,65536,0,3,127
1098177380,149098.56,139.72711,95,271993,4682,65536,0,3,127
1099178616,149248.0,139.73604,95,272241,3048,65536,0,3,127
1100179348,149393.0,139.74086,95,272487,4586,65536,0,3,127
1101180355,149542.28,139.74966,95,272735,2361,65536,0,3,127
1102181355,149687.88,139.75497,95,272981,4468,65536,0,3,127
1103182383,149832.95,139.75981,95,273229,6340,65536,0,3,127
1104183965,149982.25,139.7685,95,273477,4158,65536,0,3,127
1105184360,150128.31,139.77429,95,273723,4836,65536,0,3,127
1106185378,150276.25,139.78175,95,273971,4392,65536,0,3,127
1107186346,150425.77,139.79068,95,274217,1736,65536,0,3,127
1108187384,150571.58,139.79614,95,274465,3299,65536,0,3,127
1109188345,150719.98,139.804,95,274711,1746,65536,0,3,127
1110189373,150866.67,139.81024,95,274959,2179,65536,0,3,127
1111190356,151011.28,139.81456,95,275207,4938,65536,0,3,127
1112191352,151160.72,139.82333,95,275453,2387,65536,0,3,127
1113192396,151304.34,139.8267,95,275701,6406,65536,0,3,127
1114193384,151454.92,139.83652,95,275947,2756,65536,0,3,127
1115194377,151599.03,139.84033,95,276195,5787,65536,0,3,127
1116195354,151748.94,139.84947,95,276441,2753,65536,0,3,127
1117196375,151896.1,139.85606,95,276689,2911,65536,0,3,127
1118197387,152043.45,139.86284,95,276937,2727,65536,0,3,127
1119198371,152192.0,139.8707,95,277183,1075,65536,0,3,127
1120199373,152337.06,139.87532,95,277431,3368,65536,0,3,127
1121200429,152483.98,139.88167,95,277677,3847,65536,0,3,127
1122201357,152632.12,139.88913,95,277925,2713,65536,0,3,127
1123203056,152776.08,139.89262,95,278171,5560,65536,0,3,127
1124203380,152925.97,139.90172,95,278419,3156,65536,0,3,127
1125204378,153071.22,139.9065,95,278667,5017,65536,0,3,127
1126205353,153220.27,139.91472,95,278913,2959,65536,0,3,127
1127206356,153364.94,139.91891,95,279161,5452,65536,0,3,127
1128207404,153512.81,139.92604,95,279407,4444,65536,0,3,127
1129208350,153661.89,139.93427,95,279655,2669,65536,0,3,127
1130209447,153808.97,139.94061,95,279902,2538,65536,0,3,127
1131210353,153953.73,139.94487,95,280149,5318,65536,0,3,127
1132211398,154101.28,139.95164,95,280397,5121,65536,0,3,127
1133212376,154211.36,139.92441,95,280643,42846,65536,0,3,127
1137216604,154240.0,139.44376,97,281640,47842,65536,0,3,127
1138217380,154427.78,139.48735,97,281886,5885,65536,0,3,127
1139218366,154578.61,139.49745,97,282134,2038,65536,0,3,127
1140219351,154722.47,139.50125,97,282380,5435,65536,0,3,127
1141220408,154869.12,139.50755,97,282628,6284,65536,0,3,127
1142221345,155016.86,139.51486,97,282874,5043,65536,0,3,127
1143222378,155166.86,139.52415,97,283122,2284,65536,0,3,127
1144223392,155313.62,139.53053,97,283370,3051,65536,0,3,127
1145224357,155460.7,139.53719,97,283616,2924,65536,0,3,127
1146225352,155604.98,139.54132,97,283864,6088,65536,0,3,127
1147226346,155751.47,139.54741,97,284110,6536,65536,0,3,127
1148227389,155898.83,139.55426,97,284358,6010,65536,0,3,127
1149228347,156048.4,139.56311,97,284604,3613,65536,0,3,127
1150229350,156195.69,139.56989,97,284852,3449,65536,0,3,127
1151230498,156344.12,139.57767,97,285100,2091,65536,0,3,127
1152231347,156488.17,139.58154,97,285346,5206,65536,0,3,127
1153232407,156638.12,139.59065,97,285594,2750,65536,0,3,127
1154233355,156783.78,139.59595,97,285840,4148,65536,0,3,127
1155234353,156932.02,139.6035,97,286088,3199,65536,0,3,127
1156235346,157077.69,139.60876,97,286334,4536,65536,0,3,127
1157236372,157225.61,139.61603,97,286582,3638,65536,0,3,127
1158237388,157371.95,139.62187,97,286830,4692,65536,0,3,127
1159238451,157520.53,139.62967,97,287076,2924,65536,0,3,127
1160239667,157666.02,139.6347,97,287324,5132,65536,0,3,127
1161240355,157814.5,139.64247,97,287570,3616,65536,0,3,127
1162241357,157960.23,139.64772,97,287818,5422,65536,0,3,127
1163242377,158106.5,139.65344,97,288064,5448,65536,0,3,127
1164243382,158254.92,139.66104,97,288312,4786,65536,0,3,127
1165244855,158404.9,139.66997,97,288560,1816,65536,0,3,127
1166245345,158549.08,139.67387,97,288806,4496,65536,0,3,127
1167246356,158694.89,139.67915,97,289054,6096,65536,0,3,127
1168247407,158844.9,139.68813,97,289300,3299,65536,0,3,127
1169248358,158993.12,139.6955,97,289548,2632,65536,0,3,127
1170249346,159138.95,139.70076,97,289794,3533,65536,0,3,127
1171250352,159286.05,139.70714,97,290042,3562,65536,0,3,127
1172251419,159432.83,139.7132,97,290290,4334,65536,0,3,127
1173252414,159579.28,139.71896,97,290536,5103,65536,0,3,127
1174253358,159729.23,139.72781,97,290784,2379,65536,0,3,127
1175254372,159876.78,139.73451,97,291030,1742,65536,0,3,127
1176255359,160022.55,139.73965,97,291278,3312,65536,0,3,127
1177256441,160171.02,139.74715,97,291525,1732,65536,0,3,127
1178257376,160316.83,139.75232,97,291772,3094,65536,0,3,127
1179258354,160465.23,139.75974,97,292020,1958,65536,0,3,127
1180259345,160609.61,139.76364,97,292266,4571,65536,0,3,127
1181260354,160757.9,139.77092,97,292514,3316,65536,0,3,127
1182261385,160904.69,139.7769,97,292760,4144,65536,0,3,127
1183262383,161050.28,139.78183,97,293008,5257,65536,0,3,127
1184263561,161199.94,139.79024,97,293256,3053,65536,0,3,127
1185264344,161344.0,139.79384,97,293502,6070,65536,0,3,127
1186265355,161493.8,139.80238,97,293750,3299,65536,0,3,127
1187266348,161639.31,139.80722,97,293996,4761,65536,0,3,127
1188267385,161786.72,139.81366,97,294244,4657,65536,0,3,127
1189268345,161936.66,139.82228,97,294490,1633,65536,0,3,127
1190269348,162082.28,139.82716,97,294738,3287,65536,0,3,127
1191270376,162228.06,139.83217,97,294986,5074,65536,0,3,127
1192271348,162377.16,139.84003,97,295232,2866,65536,0,3,127
1193272394,162522.08,139.84427,97,295480,5553,65536,0,3,127
1194273344,162673.11,139.85378,97,295726,1563,65536,0,3,127
1195274363,162816.0,139.85626,97,295974,5911,65536,0,3,127
1196275350,162965.45,139.86438,97,296220,3283,65536,0,3,127
1197276346,163089.9,139.85104,97,296468,26769,65536,0,3,127
1198277510,163231.33,139.85226,100,296716,4477,65536,0,3,127
1199278345,163376.66,139.85684,100,296962,6300,65536,0,3,127
1200279374,163524.69,139.86371,100,297210,5595,65536,0,3,127
1201280352,163674.67,139.87224,100,297456,2866,65536,0,3,127
1202281358,163819.45,139.87631,100,297704,5245,65536,0,3,127
1203282376,163968.0,139.88358,100,297950,3375,65536,0,3,127
1204283371,164104.78,139.88083,100,298198,14409,65536,0,3,127
1208287400,164326.69,139.59355,103,299186,3565,65536,0,3,127
1209288354,164475.47,139.60124,103,299434,2013,65536,0,3,127
1210289348,164621.14,139.60625,103,299680,3258,65536,0,3,127
1211290373,164766.88,139.61133,103,299928,4657,65536,0,3,127
1212291820,164915.52,139.6188,103,300176,3803,65536,0,3,127
1213292399,165060.05,139.6229,103,300422,5746,65536,0,3,127
1214293376,165208.9,139.63058,103,300670,4429,65536,0,3,127
1215294349,165356.06,139.63683,103,300916,4419,65536,0,3,127
1216295352,165504.0,139.64369,103,301164,3539,65536,0,3,127
1217296346,165649.61,139.64862,103,301410,4887,65536,0,3,127
1218297359,165798.25,139.65608,103,301658,3769,65536,0,3,127
1219298380,165945.6,139.66241,103,301906,3498,65536,0,3,127
1220299425,166092.97,139.6688,103,302152,3019,65536,0,3,127
1221300455,166238.33,139.67345,103,302400,5501,65536,0,3,127
1222301370,166385.66,139.67976,103,302646,4599,65536,0,3,127
1223302388,166532.38,139.68556,103,302894,5468,65536,0,3,127
1224303449,166681.88,139.69365,103,303141,3089,65536,0,3,127
1225304351,166826.62,139.69778,103,303388,5427,65536,0,3,127
1226305351,166976.0,139.70575,103,303636,3113,65536,0,3,127
1227306346,167121.3,139.71031,103,303882,5018,65536,0,3,127
1228307410,167267.27,139.71542,103,304130,6145,65536,0,3,127
1229308381,167417.2,139.72383,103,304376,3089,65536,0,3,127
1230309350,167565.25,139.73067,103,304624,2364,65536,0,3,127
1231310710,167709.36,139.73416,103,304872,5911,65536,0,3,127
1233312399,167847.17,139.61613,111,305366,2744,65536,0,3,127
1234313364,167993.45,139.62157,111,305612,3438,65536,0,3,127
1235314366,168140.94,139.62796,111,305860,3227,65536,0,3,127
1236315345,168286.44,139.63274,111,306106,4693,65536,0,3,127
1237316344,168435.28,139.64026,111,306354,2974,65536,0,3,127
1238317405,168580.27,139.64456,111,306602,5355,65536,0,3,127
1241320346,168853.83,139.52411,113,307342,2960,65536,0,3,127
1242321352,169000.1,139.52954,113,307590,3780,65536,0,3,127
1243322385,169146.55,139.53514,113,307836,4735,65536,0,3,127
1244323380,169293.66,139.54126,113,308084,4899,65536,0,3,127
1245324436,169441.92,139.54834,113,308332,3780,65536,0,3,127
1246325345,169588.25,139.5538,113,308578,4398,65536,0,3,127
1247326350,169736.92,139.5612,113,308826,2919,65536,0,3,127
1248327379,169882.97,139.5664,113,309072,3850,65536,0,3,127
1249328351,170028.02,139.57079,113,309320,5932,65536,0,3,127
1250329348,170176.0,139.57758,113,309566,5073,65536,0,3,127
1251330372,170325.9,139.5859,113,309814,2179,65536,0,3,127
1252331354,170472.44,139.59149,113,310062,2800,65536,0,3,127
1253332469,170620.25,139.5981,113,310308,2632,65536,0,3,127
1254333363,170764.6,139.60188,113,310556,5654,65536,0,3,127
1255334395,170911.98,139.60812,113,310802,5092,65536,0,3,127
1256335373,171058.8,139.61388,113,311050,5518,65536,0,3,127
1257336349,171209.56,139.62286,113,311296,1578,65536,0,3,127
1258337383,171349.22,139.62277,113,311544,9232,65536,0,3,127
1259338352,171502.94,139.63416,113,311792,2646,65536,0,3,127
1260339371,171648.0,139.63844,113,312038,4579,65536,0,3,127
1261340418,171797.55,139.64638,113,312286,2050,65536,0,3,127
1262341353,171945.12,139.65273,113,312532,2057,65536,0,3,127
1263342390,172088.2,139.65536,113,312780,6184,65536,0,3,127
1264343344,172237.12,139.6628,113,313026,3700,65536,0,3,127
1265344355,172386.1,139.67021,113,313274,2436,65536,0,3,127
1266345380,172532.48,139.67554,113,313522,3164,65536,0,3,127
1267346420,172680.47,139.68213,113,313768,2104,65536,0,3,127
1268347384,172825.39,139.68626,113,314016,4512,65536,0,3,127
1269348371,172971.9,139.69167,113,314262,4966,65536,0,3,127
1270349350,173120.0,139.69833,113,314510,3934,65536,0,3,127
1271350447,173265.92,139.70325,113,314757,5628,65536,0,3,127
1272351351,173415.42,139.71101,113,315004,2762,65536,0,3,127
1273352460,173560.67,139.71536,113,315252,5044,65536,0,3,127
1274353344,173709.05,139.72221,113,315498,3758,65536,0,3,127
1275354359,173854.08,139.72638,113,315746,5933,65536,0,3,127
1276355421,174003.97,139.7344,113,315992,2928,65536,0,3,127
1277356352,174148.34,139.73802,113,316240,5911,65536,0,3,127
1278358101,174297.45,139.74535,113,316488,4329,65536,0,3,127
1279358345,174446.72,139.75296,113,316734,1424,65536,0,3,127
1280359352,174592.0,139.75726,113,316982,3459,65536,0,3,127
1281360345,174737.38,139.76164,113,317228,5124,65536,0,3,127
1282361359,174884.48,139.76741,113,317476,5574,65536,0,3,127
1283362376,175033.16,139.7744,113,317722,3542,65536,0,3,127
1284363344,175181.73,139.78133,113,317970,2488,65536,0,3,127
1285364387,175326.92,139.78552,113,318218,4425,65536,0,3,127
1286365346,175475.45,139.79239,113,318464,2993,65536,0,3,127
1287366352,175620.16,139.79617,113,318712,5340,65536,0,3,127
1288367378,175766.25,139.80109,113,318958,6145,65536,0,3,127
1289368353,175914.0,139.80728,113,319206,5728,65536,0,3,127
1290369364,176064.0,139.81526,113,319452,2579,65536,0,3,127
1291370353,176209.97,139.82004,113,319700,4151,65536,0,3,127
1292371689,176358.5,139.8268,113,319948,2969,65536,0,3,127
1293372374,176505.3,139.83223,113,320194,2907,65536,0,3,127
1294373360,176652.66,139.83809,113,320442,2683,65536,0,3,127
1295374353,176798.48,139.84271,113,320688,3986,65536,0,3,127
1296375354,176943.69,139.84685,113,320936,5952,65536,0,3,127
1297376346,177092.11,139.85352,113,321182,4374,65536,0,3,127
1298377384,177241.58,139.86098,113,321430,2233,65536,0,3,127
1299378358,177387.6,139.86572,113,321678,3287,65536,0,3,127
1300379406,177536.0,139.87234,113,321924,2236,65536,0,3,127
1301380582,177680.6,139.87593,113,322172,5052,65536,0,3,127
1302381376,177827.11,139.88104,113,322418,4969,65536,0,3,127
1303382385,177975.75,139.88783,113,322666,3328,65536,0,3,127
1304383352,178121.4,139.89226,113,322912,5356,65536,0,3,127
1305384380,178271.28,139.89998,113,323160,2478,65536,0,3,127
1306385374,178416.5,139.90404,113,323408,4423,65536,0,3,127
1307386368,178539.1,139.89037,113,323654,29572,65536,0,3,127
1312391351,178731.58,139.49416,119,324890,3983,65536,0,3,127
1313392410,178880.0,139.501,119,325138,2869,65536,0,3,127
1314393362,179025.84,139.50584,119,325384,3957,65536,0,3,127
1315394360,179170.6,139.50981,119,325632,6381,65536,0,3,127
1316395395,179319.72,139.51718,119,325878,4429,65536,0,3,127
1317396351,179469.0,139.52466,119,326126,2163,65536,0,3,127
1318397484,179614.9,139.52951,119,326373,3397,65536,0,3,127
1319398359,179759.62,139.53343,119,326620,6041,65536,0,3,127
1320399355,179908.06,139.54024,119,326868,4642,65536,0,3,127
1321400345,180057.6,139.54787,119,327114,1985,65536,0,3,127
1322401359,180203.58,139.55275,119,327362,3830,65536,0,3,127
1323402389,180352.0,139.5595,119,327608,2307,65536,0,3,127
1324403349,180496.8,139.56345,119,327856,4683,65536,0,3,127
1325404575,180646.72,139.57132,119,328104,2039,65536,0,3,127
1326405346,180791.4,139.57518,119,328350,4191,65536,0,3,127
1327406359,180936.98,139.57971,119,328598,5593,65536,0,3,127
1328407379,181085.67,139.58661,119,328844,4013,65536,0,3,127
1329408357,181227.75,139.58842,119,329092,9628,65536,0,3,127
1330409347,181380.11,139.59814,119,329338,3614,65536,0,3,127
1331410346,181525.64,139.60262,119,329586,5418,65536,0,3,127
1332411382,181674.61,139.6097,119,329834,3619,65536,0,3,127
1333412368,181824.0,139.6171,119,330080,1763,65536,0,3,127
1334413353,181968.6,139.62082,119,330328,4339,65536,0,3,127
1335414343,182115.28,139.62613,119,330574,4094,65536,0,3,127
1336415364,182262.33,139.6317,119,330822,4744,65536,0,3,127
1337416349,182408.28,139.63644,119,331068,5864,65536,0,3,127
1338417381,182554.95,139.64171,119,331316,6273,65536,0,3,127
1339418482,182703.5,139.64839,119,331564,4867,65536,0,3,127
1340419345,182852.25,139.65526,119,331810,3011,65536,0,3,127
1341420372,182997.77,139.6596,119,332058,4498,65536,0,3,127
1342421353,183144.06,139.66457,119,332304,5958,65536,0,3,127
1343422391,183292.69,139.67128,119,332552,4384,65536,0,3,127
1344423344,183441.81,139.6784,119,332798,1641,65536,0,3,127
1345424373,183586.86,139.68237,119,333046,4431,65536,0,3,127
1346425355,183736.25,139.68965,119,333294,2062,65536,0,3,127
1347426350,183880.31,139.69287,119,333540,4996,65536,0,3,127
1348427390,184025.72,139.69708,119,333788,6976,65536,0,3,127
1349428380,184177.56,139.70619,119,334034,1810,65536,0,3,127
1350429353,184324.3,139.71143,119,334282,2088,65536,0,3,127
1351430353,184469.97,139.71582,119,334528,4075,65536,0,3,127
1352431381,184618.92,139.72272,119,334776,2196,65536,0,3,127
1353432556,184765.45,139.72772,119,335024,2750,65536,0,3,127
1354433368,184912.8,139.7334,119,335270,2088,65536,0,3,127
1355434357,185057.98,139.73741,119,335518,4533,65536,0,3,127
1356435351,185206.4,139.74387,119,335764,3011,65536,0,3,127
1357436351,185352.27,139.74835,119,336012,4463,65536,0,3,127
1358437379,185498.25,139.75296,119,336258,5470,65536,0,3,127
1359438353,185647.69,139.76016,119,336506,3034,65536,0,3,127
1360439354,185796.08,139.76653,119,336754,1958,65536,0,3,127
1361440346,185940.88,139.7702,119,337000,4090,65536,0,3,127
1362441386,186087.12,139.77498,119,337248,5423,65536,0,3,127
1363442400,186240.0,139.7847,119,337544,2139,65536,0,3,127
1364443348,186393.61,139.79497,119,338040,6363,65536,0,3,127
1365444356,186553.6,139.81,119,338532,3949,65536,0,3,127
1366445375,186709.2,139.8217,119,339028,6334,65536,0,3,127
1367446352,186869.42,139.83687,119,339524,3638,65536,0,3,127
1368447377,187025.89,139.8492,119,340016,4575,65536,0,3,127
1369448353,187183.4,139.8623,119,340512,5037,65536,0,3,127
1370449381,187340.47,139.87505,119,341004,5617,65536,0,3,127
1371450350,187498.17,139.88823,119,341500,5625,65536,0,3,127
1375454362,187665.67,139.59619,121,343671,4531,65536,0,3,127
1376455364,187824.48,139.61037,121,344291,6707,65536,0,3,127
1377456346,187990.12,139.62961,121,344906,1768,65536,0,3,127
1378457379,188150.8,139.64511,121,345526,2331,65536,0,3,127
1379458376,188310.33,139.65974,121,346146,3833,65536,0,3,127
1380459352,188472.8,139.67656,121,346761,2167,65536,0,3,127
1381460715,188630.75,139.68994,121,347381,5907,65536,0,3,127
1382461348,188792.94,139.70654,121,347996,4052,65536,0,3,127
1383462389,188954.73,139.72276,121,348616,3243,65536,0,3,127
1384463358,189114.72,139.73763,121,349231,4769,65536,0,3,127
1385464353,189275.28,139.75291,121,349851,5340,65536,0,3,127
1386465543,189440.0,139.77121,121,350471,1500,65536,0,3,127
1387466344,189597.73,139.78436,121,351086,4894,65536,0,3,127
1388467389,189760.0,139.80081,121,351706,3560,65536,0,3,127
1389468352,189922.42,139.81737,121,352321,2101,65536,0,3,127
1390469375,190080.0,139.83034,121,352941,6269,65536,0,3,127
1391470345,190243.36,139.84753,121,353556,3202,65536,0,3,127
1392471372,190404.73,139.86324,121,354176,3243,65536,0,3,127
1393472394,190566.22,139.87901,121,354796,2968,65536,0,3,127
1394473363,190724.06,139.89209,121,355411,6057,65536,0,3,127
1395474352,190889.08,139.9104,121,356031,1914,65536,0,3,127
1396475344,191049.02,139.92496,121,356646,3048,65536,0,3,127
1397476358,191209.83,139.94016,121,357266,3202,65536,0,3,127
1398477392,191368.92,139.95404,121,357881,5340,65536,0,3,127
1399478382,191531.77,139.97067,121,358501,3693,65536,0,3,127
1400479848,191693.92,139.98672,121,359121,2895,65536,0,3,127
1401480345,191854.97,140.00204,121,359736,2218,65536,0,3,127
1402481351,192013.31,140.01532,121,360356,5299,65536,0,3,127
1404483373,192256.0,139.98793,124,361591,1536,65536,0,3,127
1405484368,192413.9,140.00085,124,362206,4432,65536,0,3,127
