timestamp,timestamp_sample,device_id,x,y,z,temperature,error_count,is_external
32109797,32108646,592905,0.15860143,-0.09324278,0.44496116,nan,0,1
33109792,33108646,592905,0.16603489,-0.08725949,0.44949102,nan,0,1
34109795,34108646,592905,0.16900826,-0.103713594,0.44949102,nan,0,1
35109796,35108655,592905,0.1526547,-0.09324278,0.44496116,nan,0,1
36109795,36108646,592905,0.18090174,-0.060334563,0.45704082,nan,0,1
37109779,37108648,592905,0.1942819,-0.019947212,0.43590143,nan,0,1
38109777,38108646,592905,0.14819466,0.006977708,0.45704082,nan,0,1
39109794,39108648,592905,0.14968134,-0.03640132,0.45855075,nan,0,1
40109795,40108646,592905,0.1452213,-0.0019972653,0.4540209,nan,0,1
41109794,41108646,592905,0.14968134,0.012961004,0.46459055,nan,0,1
42109796,42108646,592905,0.14819466,0.006977708,0.46006072,nan,0,1
43109778,43108646,592905,0.16454819,0.015952682,0.4540209,nan,0,1
44109798,44108646,592905,0.1630615,0.0024902513,0.4630806,nan,0,1
45109794,45108646,592905,0.14076123,0.012961004,0.46006072,nan,0,1
46109796,46108646,592905,0.15711477,-0.0049889428,0.4630806,nan,0,1
47109795,47108646,592905,0.14670795,-0.0064847223,0.45251095,nan,0,1
48109794,48108646,592905,0.12886772,0.006977708,0.46006072,nan,0,1
49109780,49108647,592905,0.12292098,0.0009944125,0.4661005,nan,0,1
50109793,50108647,592905,0.12738106,-0.0005014264,0.4630806,nan,0,1
53109798,53108646,592905,0.076833725,-0.0019972653,0.4630806,nan,0,1
54109798,54108646,592905,0.081293784,-0.010972239,0.46459055,nan,0,1
55109777,55108645,592905,0.066426925,-0.012468077,0.4661005,nan,0,1
56109795,56108646,592905,0.078320414,-0.0019972653,0.47667018,nan,0,1
57109794,57108646,592905,0.10656744,-0.0005014264,0.46761045,nan,0,1
58109795,58108646,592905,0.11697424,0.012961004,0.46761045,nan,0,1
59109797,59108648,592905,0.067913614,0.01894436,0.45251095,nan,0,1
60109795,60108646,592905,0.030746471,0.015952682,0.47667018,nan,0,1
61109779,61108648,592905,0.024799727,0.03390263,0.46761045,nan,0,1
62109796,62108646,592905,0.017366298,0.096727446,0.4479811,nan,0,1
63109793,63108646,592905,0.008446184,0.1655355,0.4343915,nan,0,1
64109777,64108646,592905,0.012906239,0.13861063,0.4268417,nan,0,1
65109798,65108646,592905,0.024799727,0.17301469,0.41627207,nan,0,1
66109796,66108646,592905,0.0010127549,0.15656058,0.42835167,nan,0,1
67109778,67108646,592905,-0.009394046,0.12514815,0.4374114,nan,0,1
68109794,68108646,592905,-0.030207647,0.11766901,0.4343915,nan,0,1
69109793,69108646,592905,-0.04656119,0.038390085,0.4721403,nan,0,1
70109795,70108646,592905,-0.094135135,0.054844193,0.4540209,nan,0,1
71109796,71108646,592905,-0.092648454,0.030910952,0.45553085,nan,0,1
72109795,72108647,592905,-0.13278897,0.05035674,0.45553085,nan,0,1
73109779,73108647,592905,-0.13576233,0.029415112,0.4479811,nan,0,1
74109794,74108646,592905,-0.109001994,-0.0842678,0.47365028,nan,0,1
75109793,75108648,592905,-0.107515305,-0.07230119,0.4721403,nan,0,1
76109805,76108646,592905,-0.12981558,-0.11717605,0.4540209,nan,0,1
77109796,77108646,592905,-0.15657593,-0.08576365,0.44194126,nan,0,1
78109796,78108646,592905,-0.14616914,-0.13063848,0.4540209,nan,0,1
79109777,79108646,592905,-0.15211588,-0.10969689,0.4404313,nan,0,1
80109794,80108647,592905,-0.107515305,-0.14559679,0.45704082,nan,0,1
81109777,81108646,592905,-0.11792211,-0.12615103,0.44496116,nan,0,1
82109806,82108646,592905,-0.14765581,-0.12315935,0.45855075,nan,0,1
83109799,83108647,592905,-0.1402224,-0.13213432,0.4479811,nan,0,1
84109797,84108646,592905,-0.14468245,-0.10969689,0.44949102,nan,0,1
85109788,85108647,592905,-0.14319576,-0.13213432,0.4374114,nan,0,1
86109793,86108646,592905,-0.1506292,-0.1366218,0.4374114,nan,0,1
87109781,87108646,592905,-0.17441617,-0.13213432,0.4238218,nan,0,1
88109813,88108646,592905,-0.1803629,-0.12465519,0.4268417,nan,0,1
89109796,89108646,592905,-0.17738953,-0.14110929,0.42986163,nan,0,1
90109795,90108645,592905,-0.17738953,-0.230859,0.386073,nan,0,1
91109796,91108646,592905,-0.18482296,-0.27573383,0.36946353,nan,0,1
92109801,92108647,592905,-0.1595493,-0.283213,0.36191377,nan,0,1
93109795,93108646,592905,-0.107515305,-0.34304613,0.32416493,nan,0,1
94109848,94108647,592905,-0.07629491,-0.37595436,0.31661516,nan,0,1
95109799,95108646,592905,-0.010880733,-0.378946,0.32114503,nan,0,1
96109797,96108646,592905,0.05007338,-0.32808784,0.34530428,nan,0,1
97109796,97108647,592905,0.114000864,-0.30116293,0.386073,nan,0,1
98109814,98108646,592905,0.11251418,-0.2802213,0.39815262,nan,0,1
99109795,99108646,592905,0.12292098,-0.28620464,0.38758296,nan,0,1
100109793,100108646,592905,0.094673954,-0.19795078,0.4404313,nan,0,1
101109795,101108646,592905,0.07534704,0.027919333,0.48120004,nan,0,1
102109796,102108646,592905,0.084267154,-0.030418025,0.4781801,nan,0,1
103109794,103108648,592905,0.0902139,0.030910952,0.46459055,nan,0,1
104109779,104108646,592905,0.10508076,0.015952682,0.46006072,nan,0,1
105109792,105108648,592905,0.1110275,0.012961004,0.46761045,nan,0,1
106109869,106108662,592905,0.108054124,0.009969386,0.4721403,nan,0,1
107109796,107108646,592905,0.114000864,0.012961004,0.46761045,nan,0,1
108109794,108108660,592905,0.12292098,0.030910952,0.4630806,nan,0,1
109109796,109108646,592905,0.1110275,0.0024902513,0.4630806,nan,0,1
110109825,110108693,592905,0.12292098,0.009969386,0.45704082,nan,0,1
111109793,111108646,592905,0.12738106,-0.0005014264,0.46459055,nan,0,1
112109888,112108682,592905,0.11846092,0.015952682,0.47063035,nan,0,1
113109798,113108649,592905,0.087240525,0.01894436,0.47365028,nan,0,1
118109809,118108677,592905,0.17644167,0.021935977,0.4313716,nan,0,1
119109818,119108687,592905,0.16752155,0.012961004,0.44194126,nan,0,1
120109796,120108664,592905,0.14819466,0.026423493,0.45704082,nan,0,1
121109837,121108705,592905,0.108054124,0.029415112,0.4661005,nan,0,1
122109777,122108646,592905,0.084267154,-0.0049889428,0.4781801,nan,0,1
123109795,123108646,592905,0.0902139,0.01894436,0.45855075,nan,0,1
124109792,124108646,592905,0.0039861253,0.009969386,0.4887498,nan,0,1
125109799,125108668,592905,-0.04656119,0.03390263,0.47365028,nan,0,1
126109797,126108647,592905,-0.034667704,0.021935977,0.48723984,nan,0,1
127109841,127108707,592905,0.1452213,0.012961004,0.44496116,nan,0,1
128109779,128108646,592905,0.17644167,0.008473547,0.44496116,nan,0,1
129109794,129108646,592905,0.15860143,0.012961004,0.4540209,nan,0,1
130109794,130108646,592905,0.087240525,0.021935977,0.46459055,nan,0,1
131109796,131108646,592905,0.05453344,0.17451046,0.4117422,nan,0,1
132109795,132108646,592905,0.06048019,0.1475856,0.4268417,nan,0,1
133109795,133108647,592905,0.04412664,0.17750214,0.4087223,nan,0,1
134109778,134108646,592905,0.069400296,0.22686447,0.38154313,nan,0,1
135109794,135108647,592905,0.03669321,0.19844377,0.42231187,nan,0,1
136109792,136108646,592905,0.006959495,0.14010641,0.451001,nan,0,1
137109795,137108646,592905,-0.027234277,0.12963566,0.4238218,nan,0,1
138109795,138108647,592905,-0.059941363,0.12963566,0.4404313,nan,0,1
139109796,139108646,592905,-0.07183485,0.10271074,0.44194126,nan,0,1
140109778,140108646,592905,-0.06440142,-0.025930507,0.46761045,nan,0,1
141109794,141108646,592905,-0.07778159,-0.1560676,0.4540209,nan,0,1
142109793,142108646,592905,-0.07183485,-0.1366218,0.4721403,nan,0,1
143109796,143108646,592905,-0.06440142,-0.14410095,0.4630806,nan,0,1
144109795,144108646,592905,-0.04656119,-0.16953002,0.4630806,nan,0,1
145109884,145108752,592905,-0.028720962,-0.1575634,0.45553085,nan,0,1
146109778,146108646,592905,-0.028720962,-0.13063848,0.4721403,nan,0,1
147109793,147108646,592905,-0.04061445,-0.14709263,0.4721403,nan,0,1
148109793,148108645,592905,-0.034667704,-0.16354673,0.4630806,nan,0,1
149109795,149108646,592905,-0.034667704,-0.1575634,0.45553085,nan,0,1
150109795,150108647,592905,-0.037641075,-0.1575634,0.4721403,nan,0,1
151109796,151108646,592905,-0.058454677,-0.16504253,0.4721403,nan,0,1
152109778,152108646,592905,-0.1595493,-0.13063848,0.44496116,nan,0,1
153109795,153108646,592905,-0.20414989,-0.1575634,0.41778204,nan,0,1
154109793,154108646,592905,-0.13278897,-0.15008427,0.44345123,nan,0,1
155109797,155108646,592905,0.03371984,-0.16803421,0.4479811,nan,0,1
156109795,156108646,592905,0.042639952,-0.16354673,0.45855075,nan,0,1
157109795,157108647,592905,0.024799727,-0.16354673,0.45251095,nan,0,1
158109780,158108649,592905,-0.007907361,-0.112688564,0.46761045,nan,0,1
159109794,159108646,592905,-0.04953456,0.008473547,0.4781801,nan,0,1
160109791,160108647,592905,-0.104541935,-0.088755295,0.4630806,nan,0,1
163109795,163108646,592905,-0.17144278,0.04736506,0.4404313,nan,0,1
164109780,164108649,592905,-0.17144278,-0.0005014264,0.44345123,nan,0,1
165109792,165108646,592905,-0.1803629,-0.030418025,0.42986163,nan,0,1
166109792,166108647,592905,-0.1402224,-0.096234456,0.451001,nan,0,1
167109796,167108646,592905,-0.15806264,-0.24880895,0.3890929,nan,0,1
168109795,168108646,592905,-0.15657593,-0.30265877,0.354364,nan,0,1
169109795,169108646,592905,-0.19820313,-0.31312954,0.29094595,nan,0,1
170109778,170108646,592905,-0.19374308,-0.3639877,0.25923696,nan,0,1
171109793,171108646,592905,-0.109001994,-0.38642517,0.25621703,nan,0,1
172109793,172108648,592905,-0.04061445,-0.3834335,0.28490618,nan,0,1
173109796,173108646,592905,0.05304676,-0.38792098,0.28641608,nan,0,1
174109796,174108648,592905,0.11548756,-0.36847523,0.2954758,nan,0,1
175109794,175108645,592905,0.14670795,-0.3206087,0.322655,nan,0,1
176109780,176108648,592905,0.13035442,-0.2936838,0.3604038,nan,0,1
177109792,177108647,592905,0.10210738,-0.21290906,0.41929194,nan,0,1
178109793,178108646,592905,0.087240525,-0.13512596,0.4630806,nan,0,1
179109803,179108646,592905,0.09616064,-0.0064847223,0.48120004,nan,0,1
180109798,180108646,592905,0.11846092,0.009969386,0.46006072,nan,0,1
181109795,181108646,592905,0.12292098,0.0024902513,0.44949102,nan,0,1
182109777,182108646,592905,0.12292098,-0.0049889428,0.48421994,nan,0,1
183109794,183108647,592905,0.13332778,-0.0049889428,0.46459055,nan,0,1
184109793,184108646,592905,0.11251418,0.015952682,0.4630806,nan,0,1
185109794,185108646,592905,0.12440769,0.0009944125,0.46006072,nan,0,1
186109796,186108646,592905,0.09318727,0.012961004,0.47969007,nan,0,1
187109795,187108646,592905,-0.028720962,0.0024902513,0.4781801,nan,0,1
188109780,188108647,592905,-0.058454677,-0.012468077,0.4857299,nan,0,1
189109792,189108646,592905,0.020339668,-0.0019972653,0.4857299,nan,0,1
190109794,190108647,592905,0.20022866,-0.0019972653,0.42835167,nan,0,1
191109795,191108646,592905,0.21212214,-0.0019972653,0.4268417,nan,0,1
192109797,192108646,592905,0.1838751,0.039885923,0.43590143,nan,0,1
193109796,193108646,592905,0.13035442,0.021935977,0.46761045,nan,0,1
194109779,194108648,592905,0.13778783,-0.007980561,0.4479811,nan,0,1
195109794,195108647,592905,0.14076123,-0.0005014264,0.45855075,nan,0,1
196109792,196108646,592905,0.12886772,0.009969386,0.4540209,nan,0,1
197109820,197108645,592905,0.114000864,0.014456843,0.45855075,nan,0,1
198109796,198108646,592905,0.04115327,0.003986031,0.48120004,nan,0,1
199109794,199108645,592905,-0.04656119,-0.0049889428,0.48120004,nan,0,1
200109789,200108654,592905,-0.055481307,0.009969386,0.47969007,nan,0,1
201109792,201108646,592905,0.078320414,0.0009944125,0.47969007,nan,0,1
202109776,202108645,592905,0.22698902,0.015952682,0.42231187,nan,0,1
203109794,203108645,592905,0.21806887,0.024927655,0.4147621,nan,0,1
204109795,204108647,592905,0.15860143,0.012961004,0.4540209,nan,0,1
205109796,205108654,592905,0.13630117,-0.025930507,0.45855075,nan,0,1
206109782,206108646,592905,0.09318727,-0.0019972653,0.47667018,nan,0,1
207109794,207108646,592905,0.0589935,-0.042384617,0.48421994,nan,0,1
208109778,208108646,592905,0.032233156,0.021935977,0.4781801,nan,0,1
209109823,209108645,592905,0.0143929245,-0.0019972653,0.4721403,nan,0,1
210109785,210108646,592905,-0.037641075,0.0024902513,0.46761045,nan,0,1
211109795,211108646,592905,0.00249944,-0.13512596,0.46761045,nan,0,1
212109794,212108650,592905,-0.001960617,-0.17102586,0.4540209,nan,0,1
213109815,213108647,592905,-0.06440142,-0.16953002,0.45553085,nan,0,1
214109817,214108647,592905,-0.107515305,-0.23833813,0.4087223,nan,0,1
215109833,215108647,592905,-0.14468245,-0.24880895,0.38003317,nan,0,1
216109795,216108646,592905,-0.091161765,-0.31761706,0.36493367,nan,0,1
217109795,217108646,592905,-0.122382164,-0.3221045,0.33624455,nan,0,1
218109795,218108646,592905,-0.13576233,-0.3624919,0.2773564,nan,0,1
219109812,219108646,592905,-0.12089548,-0.35950026,0.30151564,nan,0,1
220109793,220108646,592905,-0.091161765,-0.35351694,0.32718486,nan,0,1
221109867,221108647,592905,-0.100081876,-0.14559679,0.47969007,nan,0,1
222109797,222108646,592905,-0.091161765,-0.19645494,0.42231187,nan,0,1
223109795,223108646,592905,-0.00047393204,-0.16803421,0.46459055,nan,0,1
227109851,227108658,592905,-0.03615439,-0.16205089,0.4540209,nan,0,1
228109795,228108646,592905,-0.02574759,-0.1560676,0.46006072,nan,0,1
229109793,229108652,592905,-0.04358782,-0.1725217,0.45251095,nan,0,1
230109794,230108650,592905,-0.100081876,-0.16354673,0.45855075,nan,0,1
231109778,231108647,592905,-0.111975364,-0.16653837,0.44496116,nan,0,1
232109794,232108647,592905,-0.059941363,-0.1770092,0.45553085,nan,0,1
233109878,233108677,592905,0.00249944,-0.1770092,0.44949102,nan,0,1
234109799,234108647,592905,0.020339668,-0.18149668,0.46006072,nan,0,1
235109803,235108672,592905,0.0039861253,-0.15158011,0.4630806,nan,0,1
236109795,236108649,592905,-0.016827475,-0.178505,0.45251095,nan,0,1
237109778,237108647,592905,-0.028720962,-0.18448833,0.4540209,nan,0,1
238109794,238108646,592905,-0.02574759,-0.17102586,0.4630806,nan,0,1
239109799,239108667,592905,-0.05696799,-0.16653837,0.45251095,nan,0,1
240109795,240108647,592905,-0.11792211,-0.18149668,0.43590143,nan,0,1
241109823,241108692,592905,-0.1387357,-0.16953002,0.44345123,nan,0,1
242109845,242108713,592905,-0.073321536,-0.178505,0.44345123,nan,0,1
243109779,243108647,592905,0.017366298,-0.16803421,0.45704082,nan,0,1
244109795,244108646,592905,0.0381799,-0.16653837,0.45251095,nan,0,1
245109793,245108646,592905,0.018852983,-0.16354673,0.45251095,nan,0,1
246109795,246108663,592905,-0.016827475,-0.18299249,0.45553085,nan,0,1
247109800,247108646,592905,-0.06440142,-0.17102586,0.4540209,nan,0,1
248109820,248108689,592905,-0.11643542,-0.06482205,0.47365028,nan,0,1
249109778,249108646,592905,-0.16995612,0.039885923,0.4374114,nan,0,1
250109793,250108646,592905,-0.17590284,0.14010641,0.39060286,nan,0,1
251109792,251108646,592905,-0.20414989,0.18348545,0.34681422,nan,0,1
252109795,252108647,592905,-0.20712325,0.23583944,0.31661516,nan,0,1
253109794,253108646,592905,-0.16846941,0.2642602,0.28490618,nan,0,1
254109849,254108647,592905,-0.11792211,0.28819343,0.28188625,nan,0,1
255109778,255108647,592905,-0.06440142,0.274731,0.31812513,nan,0,1
256109794,256108646,592905,0.008446184,0.29567257,0.31812513,nan,0,1
257109793,257108647,592905,0.0902139,0.2059229,0.39211282,nan,0,1
258109799,258108652,592905,0.06048019,0.1012149,0.45855075,nan,0,1
259109795,259108646,592905,0.076833725,0.009969386,0.47063035,nan,0,1
260109794,260108647,592905,0.13481447,-0.0049889428,0.4630806,nan,0,1
261109778,261108646,592905,0.1452213,-0.018451374,0.4630806,nan,0,1
262109793,262108646,592905,0.12886772,0.009969386,0.4661005,nan,0,1
263109792,263108647,592905,0.13630117,0.008473547,0.46459055,nan,0,1
264109795,264108646,592905,0.11251418,0.0009944125,0.4661005,nan,0,1
265109797,265108647,592905,0.026286412,0.0009944125,0.47969007,nan,0,1
266109824,266108693,592905,-0.028720962,0.012961004,0.48120004,nan,0,1
267109778,267108647,592905,0.012906239,-0.0064847223,0.49327967,nan,0,1
268109797,268108646,592905,0.16752155,0.020440139,0.451001,nan,0,1
269109792,269108645,592905,0.21212214,0.03240679,0.41929194,nan,0,1
270109797,270108646,592905,0.19279522,0.008473547,0.44949102,nan,0,1
271109794,271108646,592905,0.16752155,0.006977708,0.4540209,nan,0,1
272109796,272108646,592905,0.14076123,-0.0049889428,0.45855075,nan,0,1
273109777,273108646,592905,0.11697424,0.0024902513,0.4630806,nan,0,1
274109796,274108645,592905,0.108054124,0.009969386,0.4630806,nan,0,1
275109792,275108647,592905,0.072373666,0.009969386,0.4721403,nan,0,1
276109795,276108647,592905,-0.016827475,0.027919333,0.47365028,nan,0,1
277109796,277108646,592905,-0.083728336,0.012961004,0.47063035,nan,0,1
278109794,278108646,592905,0.0039861253,0.039885923,0.4721403,nan,0,1
279109780,279108649,592905,0.2150955,-0.0005014264,0.42986163,nan,0,1
280109778,280108646,592905,0.21212214,0.021935977,0.4238218,nan,0,1
281109793,281108647,592905,0.17644167,0.006977708,0.4374114,nan,0,1
282109795,282108646,592905,0.14968134,0.012961004,0.45855075,nan,0,1
283109795,283108646,592905,0.06494024,-0.058838725,0.48723984,nan,0,1
284109795,284108646,592905,0.03371984,0.021935977,0.47969007,nan,0,1
285109780,285108649,592905,-0.001960617,0.015952682,0.48120004,nan,0,1
286109793,286108647,592905,0.006959495,-0.013963857,0.48120004,nan,0,1
287109792,287108648,592905,-0.013854103,-0.16953002,0.44949102,nan,0,1
288109796,288108646,592905,-0.037641075,-0.18149668,0.4540209,nan,0,1
290109796,290108646,592905,-0.11048868,-0.18448833,0.4374114,nan,0,1
291109778,291108647,592905,-0.07778159,-0.22936316,0.42231187,nan,0,1
292109792,292108646,592905,-0.106028624,-0.30714625,0.34077442,nan,0,1
293109792,293108646,592905,-0.106028624,-0.3639877,0.30000567,nan,0,1
294109797,294108646,592905,-0.08224165,-0.37445852,0.26527676,nan,0,1
295109796,295108646,592905,-0.080754966,-0.3385586,0.34077442,nan,0,1
297109777,297108646,592905,-0.16252269,-0.25030476,0.39060286,nan,0,1
298109795,298108647,592905,-0.12386885,-0.13213432,0.4540209,nan,0,1
299109794,299108646,592905,-0.06440142,-0.17102586,0.45704082,nan,0,1
300109794,300108646,592905,-0.052507933,-0.11418437,0.47667018,nan,0,1
301109797,301108646,592905,-0.04656119,-0.15307592,0.45855075,nan,0,1
302109795,302108646,592905,-0.037641075,-0.14709263,0.45855075,nan,0,1
303109779,303108648,592905,-0.088188395,-0.15008427,0.4540209,nan,0,1
304109792,304108646,592905,-0.094135135,-0.088755295,0.47063035,nan,0,1
305109793,305108647,592905,-0.11792211,-0.07080538,0.46459055,nan,0,1
306109796,306108646,592905,-0.15360257,-0.088755295,0.4630806,nan,0,1
307109799,307108646,592905,-0.17441617,-0.103713594,0.43590143,nan,0,1
308109797,308108646,592905,-0.16400936,-0.096234456,0.44949102,nan,0,1
309109779,309108647,592905,-0.16252269,-0.08725949,0.45251095,nan,0,1
310109795,310108646,592905,-0.12535554,-0.13213432,0.4404313,nan,0,1
311109792,311108646,592905,-0.14616914,-0.10670524,0.46006072,nan,0,1
312109796,312108646,592905,-0.16549605,-0.11717605,0.4479811,nan,0,1
313109795,313108646,592905,-0.16252269,-0.14559679,0.4313716,nan,0,1
314109794,314108646,592905,-0.14765581,-0.178505,0.42986163,nan,0,1
315109779,315108647,592905,-0.17144278,-0.24880895,0.3890929,nan,0,1
316109801,316108646,592905,-0.14765581,-0.31312954,0.34077442,nan,0,1
317109793,317108646,592905,-0.091161765,-0.34304613,0.30151564,nan,0,1
318109800,318108646,592905,-0.019800847,-0.37445852,0.2924559,nan,0,1
319109795,319108647,592905,0.0589935,-0.3415503,0.3256749,nan,0,1
320109797,320108649,592905,0.13778783,-0.3370628,0.2924559,nan,0,1
321109777,321108646,592905,0.15116802,-0.2936838,0.35889384,nan,0,1
322109795,322108646,592905,0.12738106,-0.20243827,0.41778204,nan,0,1
323109800,323108646,592905,0.11251418,-0.088755295,0.4630806,nan,0,1
324109828,324108646,592905,0.078320414,-0.15905924,0.44949102,nan,0,1
325109795,325108646,592905,0.081293784,-0.0842678,0.45855075,nan,0,1
326109818,326108687,592905,0.09616064,0.021935977,0.46459055,nan,0,1
327109778,327108647,592905,0.0902139,0.012961004,0.4630806,nan,0,1
328109792,328108646,592905,0.10508076,0.024927655,0.46761045,nan,0,1
329109779,329108647,592905,0.11697424,0.0054818694,0.4721403,nan,0,1
330109873,330108648,592905,0.12738106,-0.010972239,0.45855075,nan,0,1
331109795,331108646,592905,0.12738106,-0.010972239,0.4721403,nan,0,1
332109796,332108646,592905,0.12886772,-0.012468077,0.4630806,nan,0,1
337109796,337108646,592905,0.18982185,0.0009944125,0.44194126,nan,0,1
338109795,338108646,592905,0.1942819,-0.0064847223,0.44496116,nan,0,1
339109795,339108647,592905,0.16008814,-0.09174697,0.451001,nan,0,1
340109777,340108646,592905,0.14076123,0.020440139,0.4540209,nan,0,1
341109793,341108648,592905,0.11697424,0.008473547,0.4630806,nan,0,1
342109845,342108646,592905,0.03669321,0.020440139,0.47667018,nan,0,1
343109795,343108646,592905,-0.048047878,0.021935977,0.47667018,nan,0,1
344109796,344108646,592905,-0.06588811,0.03390263,0.4721403,nan,0,1
345109794,345108650,592905,0.0381799,0.014456843,0.47365028,nan,0,1
346109778,346108647,592905,0.18684849,-0.0019972653,0.4374114,nan,0,1
347109793,347108646,592905,0.1942819,0.015952682,0.4268417,nan,0,1
348109870,348108654,592905,0.14819466,-0.031913802,0.44194126,nan,0,1
349109796,349108646,592905,0.081293784,-0.07080538,0.4630806,nan,0,1
350109795,350108649,592905,0.03520653,-0.16354673,0.45553085,nan,0,1
351109795,351108660,592905,0.006959495,-0.17102586,0.451001,nan,0,1
352109779,352108647,592905,-0.037641075,-0.17551336,0.4630806,nan,0,1
353109795,353108647,592905,-0.06588811,-0.1575634,0.4630806,nan,0,1
354109876,354108674,592905,-0.083728336,0.03539847,0.4661005,nan,0,1
355109795,355108646,592905,-0.089675084,0.113181554,0.4404313,nan,0,1
356109799,356108668,592905,-0.094135135,0.15057722,0.41325217,nan,0,1
357109793,357108663,592905,-0.094135135,0.19246042,0.39362276,nan,0,1
358109777,358108646,592905,-0.091161765,0.24331857,0.36191377,nan,0,1
359109793,359108646,592905,-0.037641075,0.26874766,0.34379432,nan,0,1
360109889,360108693,592905,0.029259782,0.27323517,0.3317147,nan,0,1
361109795,361108646,592905,0.10656744,0.24481441,0.3604038,nan,0,1
362109823,362108689,592905,0.13481447,0.1475856,0.42231187,nan,0,1
363109803,363108672,592905,0.078320414,0.06082755,0.451001,nan,0,1
364109779,364108648,592905,0.08575384,0.054844193,0.45704082,nan,0,1
365109795,365108647,592905,0.024799727,0.05933171,0.47365028,nan,0,1
366109778,366108647,592905,-0.027234277,0.053348415,0.4721403,nan,0,1
367109794,367108663,592905,-0.04358782,0.062323388,0.46459055,nan,0,1
368109793,368108646,592905,-0.080754966,0.05933171,0.46459055,nan,0,1
369109835,369108700,592905,-0.086701706,-0.030418025,0.48421994,nan,0,1
370109778,370108647,592905,-0.06440142,-0.1560676,0.451001,nan,0,1
371109797,371108666,592905,-0.05399462,-0.16354673,0.44949102,nan,0,1
372109793,372108648,592905,-0.03615439,-0.17551336,0.4540209,nan,0,1
373109798,373108649,592905,-0.022774218,-0.16354673,0.45553085,nan,0,1
374109779,374108647,592905,-0.03169433,-0.16803421,0.45704082,nan,0,1
375109836,375108705,592905,-0.030207647,-0.15008427,0.45553085,nan,0,1
376109780,376108648,592905,-0.095621824,-0.15307592,0.44496116,nan,0,1
377109794,377108648,592905,-0.15211588,-0.1725217,0.42986163,nan,0,1
378109793,378108648,592905,-0.1506292,-0.17102586,0.4268417,nan,0,1
379109796,379108647,592905,-0.055481307,-0.14559679,0.451001,nan,0,1
380109796,380108647,592905,0.05007338,-0.17551336,0.451001,nan,0,1
381109795,381108649,592905,0.05007338,-0.088755295,0.4857299,nan,0,1
382109780,382108648,592905,0.029259782,-0.15008427,0.46761045,nan,0,1
383109792,383108647,592905,-0.00047393204,-0.15008427,0.45855075,nan,0,1
384109793,384108648,592905,-0.07629491,-0.16653837,0.46761045,nan,0,1
385109794,385108647,592905,-0.16252269,-0.16953002,0.4343915,nan,0,1
386109796,386108647,592905,-0.17441617,-0.14709263,0.42986163,nan,0,1
387109795,387108648,592905,-0.092648454,-0.15008427,0.45251095,nan,0,1
388109779,388108647,592905,0.069400296,-0.16504253,0.45704082,nan,0,1
389109794,389108648,592905,0.06494024,-0.11568021,0.4630806,nan,0,1
390109792,390108648,592905,-0.04656119,-0.16205089,0.4661005,nan,0,1
391109794,391108648,592905,-0.089675084,-0.07978032,0.46761045,nan,0,1
395109794,395108646,592905,-0.1818496,0.15356891,0.3830531,nan,0,1
396109795,396108647,592905,-0.16252269,0.23135199,0.34077442,nan,0,1
397109800,397108646,592905,-0.11792211,0.2582769,0.34530428,nan,0,1
398109796,398108646,592905,-0.073321536,0.25678107,0.35134408,nan,0,1
399109796,399108646,592905,-0.04061445,0.2911851,0.3286948,nan,0,1
400109778,400108646,592905,-0.019800847,0.28520176,0.3286948,nan,0,1
401109795,401108646,592905,0.006959495,0.21938534,0.38154313,nan,0,1
402109794,402108646,592905,0.0143929245,0.06531501,0.4661005,nan,0,1
403109796,403108646,592905,0.03669321,-0.02144305,0.4661005,nan,0,1
404109796,404108646,592905,0.11846092,-0.0019972653,0.4630806,nan,0,1
405109796,405108646,592905,0.1452213,-0.0019972653,0.4479811,nan,0,1
406109778,406108647,592905,0.15414141,0.009969386,0.45704082,nan,0,1
407109795,407108648,592905,0.12292098,-0.0005014264,0.45855075,nan,0,1
408109795,408108647,592905,0.04710001,0.03240679,0.4721403,nan,0,1
409109796,409108646,592905,-0.019800847,0.003986031,0.4887498,nan,0,1
410109796,410108646,592905,-0.037641075,0.029415112,0.47969007,nan,0,1
411109796,411108646,592905,0.08575384,0.029415112,0.47667018,nan,0,1
412109778,412108646,592905,0.16752155,0.029415112,0.44496116,nan,0,1
413109804,413108673,592905,0.15711477,0.021935977,0.45251095,nan,0,1
414109795,414108646,592905,0.11251418,0.039885923,0.451001,nan,0,1
415109797,415108646,592905,0.10508076,0.027919333,0.4630806,nan,0,1
416109796,416108646,592905,0.09616064,0.03539847,0.4661005,nan,0,1
417109796,417108645,592905,0.063453555,0.021935977,0.47063035,nan,0,1
418109781,418108648,592905,-0.019800847,0.04586928,0.47667018,nan,0,1
419109795,419108646,592905,-0.088188395,0.015952682,0.4721403,nan,0,1
420109795,420108646,592905,-0.048047878,0.039885923,0.48120004,nan,0,1
421109799,421108646,592905,0.15116802,0.041381765,0.44496116,nan,0,1
422109798,422108646,592905,0.18090174,0.041381765,0.4479811,nan,0,1
423109796,423108647,592905,0.14670795,-0.019947212,0.45251095,nan,0,1
424109778,424108646,592905,0.078320414,0.04736506,0.44496116,nan,0,1
425109794,425108647,592905,0.08575384,0.041381765,0.47063035,nan,0,1
426109794,426108646,592905,0.066426925,0.048860896,0.4661005,nan,0,1
427109801,427108646,592905,-0.015340789,0.029415112,0.48120004,nan,0,1
428109797,428108646,592905,-0.106028624,0.068306684,0.46459055,nan,0,1
429109795,429108647,592905,-0.12684222,0.026423493,0.4630806,nan,0,1
430109778,430108646,592905,0.012906239,0.068306684,0.4630806,nan,0,1
431109794,431108646,592905,0.14670795,0.04736506,0.44496116,nan,0,1
432109794,432108646,592905,0.13630117,0.039885923,0.45553085,nan,0,1
433109797,433108646,592905,0.06048019,0.08775247,0.44345123,nan,0,1
434109797,434108646,592905,0.020339668,0.15057722,0.4374114,nan,0,1
435109796,435108646,592905,-0.001960617,0.15057722,0.4268417,nan,0,1
436109778,436108646,592905,0.024799727,0.24182273,0.36644363,nan,0,1
437109794,437108646,592905,0.029259782,0.17750214,0.41778204,nan,0,1
438109794,438108646,592905,0.04710001,0.1475856,0.44194126,nan,0,1
439109806,439108646,592905,0.042639952,0.13412312,0.45704082,nan,0,1
440109796,440108647,592905,-0.010880733,0.03539847,0.4630806,nan,0,1
441109797,441108646,592905,-0.019800847,0.113181554,0.45553085,nan,0,1
442109781,442108649,592905,-0.06886148,0.07428998,0.4630806,nan,0,1
443109793,443108646,592905,-0.107515305,0.006977708,0.4721403,nan,0,1
446109796,446108646,592905,-0.05696799,0.0024902513,0.48120004,nan,0,1
447109796,447108646,592905,-0.04358782,-0.13213432,0.46761045,nan,0,1
448109777,448108646,592905,-0.037641075,-0.15307592,0.45251095,nan,0,1
449109803,449108646,592905,-0.027234277,-0.1575634,0.4630806,nan,0,1
450109777,450108646,592905,-0.015340789,-0.15905924,0.46006072,nan,0,1
451109818,451108647,592905,-0.019800847,-0.16205089,0.46006072,nan,0,1
452109797,452108646,592905,-0.019800847,-0.14559679,0.45704082,nan,0,1
453109795,453108646,592905,-0.091161765,-0.14260514,0.4479811,nan,0,1
454109796,454108647,592905,-0.18630965,-0.15158011,0.42231187,nan,0,1
455109811,455108646,592905,-0.16252269,-0.16953002,0.4208019,nan,0,1
456109789,456108646,592905,-0.03169433,-0.1560676,0.4540209,nan,0,1
457109817,457108646,592905,0.07534704,-0.16354673,0.44345123,nan,0,1
458109794,458108646,592905,0.0381799,-0.096234456,0.46761045,nan,0,1
459109796,459108646,592905,-0.042101134,-0.07230119,0.4661005,nan,0,1
460109794,460108646,592905,-0.122382164,-0.12315935,0.45251095,nan,0,1
461109804,461108647,592905,-0.15360257,-0.12315935,0.4374114,nan,0,1
462109792,462108648,592905,-0.13576233,-0.07828451,0.45251095,nan,0,1
463109879,463108646,592905,-0.18482296,-0.039392937,0.45251095,nan,0,1
464109796,464108646,592905,-0.15657593,0.09373576,0.42231187,nan,0,1
465109795,465108646,592905,-0.16400936,0.12963566,0.4057024,nan,0,1
466109795,466108647,592905,-0.19374308,0.11766901,0.4057024,nan,0,1
467109777,467108646,592905,-0.21604337,0.19246042,0.34379432,nan,0,1
468109794,468108646,592905,-0.21158332,0.20143539,0.33322462,nan,0,1
469109793,469108649,592905,-0.20860995,0.20442706,0.3151052,nan,0,1
470109795,470108646,592905,-0.20712325,0.23135199,0.31661516,nan,0,1
471109795,471108646,592905,-0.18630965,0.24331857,0.32718486,nan,0,1
472109795,472108652,592905,-0.11346205,0.28370598,0.32114503,nan,0,1
473109779,473108648,592905,0.06494024,0.28221014,0.3317147,nan,0,1
474109792,474108646,592905,0.17644167,0.23135199,0.34681422,nan,0,1
475109875,475108670,592905,0.12440769,0.048860896,0.451001,nan,0,1
476109798,476108647,592905,0.11697424,-0.0005014264,0.45553085,nan,0,1
477109795,477108664,592905,0.078320414,0.024927655,0.46761045,nan,0,1
478109796,478108646,592905,0.072373666,0.012961004,0.4630806,nan,0,1
479109777,479108646,592905,0.08278047,0.012961004,0.46006072,nan,0,1
480109793,480108646,592905,0.081293784,0.014456843,0.4630806,nan,0,1
481109873,481108690,592905,0.063453555,0.026423493,0.4721403,nan,0,1
482109797,482108646,592905,0.006959495,0.014456843,0.48120004,nan,0,1
483109816,483108685,592905,-0.013854103,-0.0049889428,0.48421994,nan,0,1
484109808,484108676,592905,0.0485867,0.030910952,0.4721403,nan,0,1
485109777,485108646,592905,0.15414141,0.009969386,0.4540209,nan,0,1
486109793,486108647,592905,0.14670795,0.024927655,0.45553085,nan,0,1
487109793,487108646,592905,0.12738106,0.04437344,0.46761045,nan,0,1
488109799,488108655,592905,0.09616064,0.04586928,0.4630806,nan,0,1
489109795,489108646,592905,0.070886984,0.038390085,0.47365028,nan,0,1
490109811,490108680,592905,0.069400296,0.041381765,0.4721403,nan,0,1
491109780,491108648,592905,-0.00047393204,0.03390263,0.48723984,nan,0,1
492109793,492108648,592905,-0.04953456,0.027919333,0.48120004,nan,0,1
493109792,493108647,592905,-0.04953456,0.053348415,0.4721403,nan,0,1
494109800,494108646,592905,0.078320414,0.04736506,0.45855075,nan,0,1
495109796,495108647,592905,0.14670795,0.039885923,0.44949102,nan,0,1
498109793,498108646,592905,0.067913614,0.038390085,0.46459055,nan,0,1
499109792,499108647,592905,0.06048019,0.03539847,0.4661005,nan,0,1
500109798,500108645,592905,0.024799727,0.04437344,0.48120004,nan,0,1
501109795,501108646,592905,-0.06440142,0.057835873,0.47969007,nan,0,1
502109795,502108647,592905,-0.12684222,0.021935977,0.4630806,nan,0,1
503109777,503108646,592905,-0.06588811,0.05035674,0.4721403,nan,0,1
504109793,504108646,592905,0.14076123,0.062323388,0.44496116,nan,0,1
505109792,505108646,592905,0.16752155,0.077281654,0.4313716,nan,0,1
506109797,506108647,592905,0.11697424,0.12963566,0.4238218,nan,0,1
507109796,507108646,592905,0.09616064,0.13861063,0.42986163,nan,0,1
508109884,508108754,592905,0.05304676,0.1894688,0.4087223,nan,0,1
509109777,509108646,592905,0.023313042,0.15656058,0.44496116,nan,0,1
510109798,510108647,592905,0.04115327,0.15656058,0.41627207,nan,0,1
511109793,511108646,592905,0.029259782,0.1012149,0.44496116,nan,0,1
512109799,512108646,592905,0.012906239,0.08476079,0.46761045,nan,0,1
513109794,513108646,592905,-0.03615439,0.057835873,0.4721403,nan,0,1
514109800,514108646,592905,-0.04358782,0.024927655,0.4721403,nan,0,1
515109778,515108646,592905,-0.070348166,0.021935977,0.46761045,nan,0,1
516109794,516108646,592905,-0.089675084,-0.0005014264,0.46761045,nan,0,1
517109792,517108648,592905,-0.089675084,0.05933171,0.46761045,nan,0,1
518109800,518108646,592905,-0.109001994,-0.0064847223,0.46761045,nan,0,1
519109795,519108647,592905,-0.06440142,-0.08576365,0.47667018,nan,0,1
520109795,520108646,592905,-0.091161765,-0.1366218,0.451001,nan,0,1
521109781,521108649,592905,-0.106028624,-0.016955534,0.47365028,nan,0,1
522109793,522108646,592905,-0.06440142,-0.14559679,0.45704082,nan,0,1
523109794,523108646,592905,-0.05696799,-0.12465519,0.4721403,nan,0,1
524109797,524108646,592905,-0.04656119,-0.13063848,0.4630806,nan,0,1
525109794,525108646,592905,-0.055481307,-0.12615103,0.47667018,nan,0,1
526109795,526108646,592905,-0.04358782,-0.14110929,0.4630806,nan,0,1
527109778,527108646,592905,-0.05696799,-0.12465519,0.46761045,nan,0,1
528109794,528108648,592905,-0.061428048,-0.09174697,0.4721403,nan,0,1
529109797,529108647,592905,-0.042101134,-0.03789716,0.4857299,nan,0,1
530109794,530108646,592905,-0.07183485,-0.096234456,0.47063035,nan,0,1
531109801,531108647,592905,-0.059941363,-0.12465519,0.46459055,nan,0,1
532109806,532108675,592905,-0.058454677,-0.13063848,0.46006072,nan,0,1
533109778,533108647,592905,-0.06440142,-0.1366218,0.47063035,nan,0,1
534109793,534108646,592905,-0.104541935,0.021935977,0.45704082,nan,0,1
535109793,535108645,592905,-0.12832892,0.024927655,0.44496116,nan,0,1
536109800,536108646,592905,-0.15657593,0.054844193,0.4479811,nan,0,1
537109794,537108646,592905,-0.16846941,0.012961004,0.44345123,nan,0,1
538109796,538108646,592905,-0.17441617,0.021935977,0.43590143,nan,0,1
539109779,539108648,592905,-0.17441617,-0.103713594,0.4343915,nan,0,1
540109795,540108646,592905,-0.19374308,-0.22188403,0.3890929,nan,0,1
541109793,541108646,592905,-0.16252269,-0.30116293,0.33624455,nan,0,1
542109794,542108646,592905,-0.13576233,-0.3086421,0.34530428,nan,0,1
543109795,543108649,592905,-0.100081876,-0.34304613,0.30453554,nan,0,1
544109802,544108646,592905,-0.101568565,-0.35650858,0.28792605,nan,0,1
545109778,545108647,592905,-0.037641075,-0.37445852,0.2743365,nan,0,1
546109792,546108646,592905,0.04710001,-0.33407116,0.32718486,nan,0,1
550109796,550108647,592905,0.006959495,-0.13063848,0.4630806,nan,0,1
551109778,551108646,592905,0.011419554,-0.033409644,0.4887498,nan,0,1
552109793,552108646,592905,0.078320414,0.003986031,0.4721403,nan,0,1
553109793,553108646,592905,0.10210738,-0.018451374,0.47063035,nan,0,1
554109796,554108646,592905,0.12738106,0.030910952,0.4630806,nan,0,1
555109801,555108646,592905,0.12292098,-0.057342917,0.45704082,nan,0,1
556109795,556108646,592905,0.12292098,0.0009944125,0.4721403,nan,0,1
557109779,557108647,592905,0.1526547,-0.0064847223,0.44496116,nan,0,1
558109793,558108646,592905,0.13481447,-0.031913802,0.4540209,nan,0,1
559109777,559108646,592905,0.114000864,-0.02293883,0.4630806,nan,0,1
560109795,560108647,592905,0.09616064,0.014456843,0.45855075,nan,0,1
561109795,561108648,592905,0.05453344,0.008473547,0.4781801,nan,0,1
562109800,562108647,592905,-0.037641075,0.03240679,0.47969007,nan,0,1
563109778,563108646,592905,-0.037641075,0.029415112,0.48120004,nan,0,1
564109793,564108655,592905,0.05602013,0.039885923,0.47063035,nan,0,1
565109795,565108646,592905,0.18833515,0.024927655,0.4147621,nan,0,1
566109795,566108646,592905,0.18982185,0.039885923,0.4313716,nan,0,1
567109795,567108648,592905,0.16008814,0.026423493,0.451001,nan,0,1
568109794,568108646,592905,0.13630117,0.027919333,0.4630806,nan,0,1
569109779,569108648,592905,0.12292098,0.012961004,0.46761045,nan,0,1
570109792,570108647,592905,0.11994762,0.021935977,0.45855075,nan,0,1
571109777,571108646,592905,0.094673954,0.03390263,0.4630806,nan,0,1
572109797,572108648,592905,0.094673954,0.014456843,0.4630806,nan,0,1
573109796,573108646,592905,-0.021287533,0.051852576,0.4721403,nan,0,1
574109795,574108646,592905,-0.086701706,0.04437344,0.4721403,nan,0,1
575109789,575108646,592905,-0.070348166,0.021935977,0.46761045,nan,0,1
576109792,576108646,592905,0.09318727,0.041381765,0.47063035,nan,0,1
577109784,577108647,592905,0.1942819,0.030910952,0.4268417,nan,0,1
578109830,578108646,592905,0.19279522,0.030910952,0.42986163,nan,0,1
579109795,579108646,592905,0.17198162,0.027919333,0.45553085,nan,0,1
580109794,580108646,592905,0.13184111,0.03539847,0.45704082,nan,0,1
581109793,581108648,592905,0.11251418,0.021935977,0.45704082,nan,0,1
582109799,582108649,592905,0.078320414,0.03240679,0.47063035,nan,0,1
583109793,583108648,592905,-0.04656119,0.041381765,0.4721403,nan,0,1
584109797,584108646,592905,-0.12089548,0.029415112,0.4630806,nan,0,1
585109795,585108646,592905,-0.06440142,0.039885923,0.4661005,nan,0,1
586109795,586108646,592905,0.16603489,0.024927655,0.42986163,nan,0,1
587109794,587108646,592905,0.20320202,0.041381765,0.41627207,nan,0,1
588109815,588108647,592905,0.15860143,-0.096234456,0.4404313,nan,0,1
589109793,589108646,592905,0.0485867,0.0024902513,0.48421994,nan,0,1
590109865,590108646,592905,-0.02574759,-0.097730264,0.4721403,nan,0,1
591109799,591108647,592905,-0.070348166,-0.14410095,0.45251095,nan,0,1
592109795,592108645,592905,-0.100081876,-0.230859,0.41325217,nan,0,1
593109795,593108647,592905,-0.1818496,-0.19944659,0.39362276,nan,0,1
594109779,594108647,592905,-0.18928301,-0.24132979,0.36191377,nan,0,1
595109795,595108646,592905,-0.22199012,-0.29517964,0.30453554,nan,0,1
596109797,596108666,592905,-0.16846941,-0.3639877,0.2637668,nan,0,1
597109793,597108646,592905,-0.12386885,-0.38492933,0.2320578,nan,0,1
598109795,598108660,592905,-0.04953456,-0.335567,0.3286948,nan,0,1
599109794,599108657,592905,-0.14468245,-0.16653837,0.4404313,nan,0,1
600109778,600108646,592905,-0.037641075,-0.16354673,0.44949102,nan,0,1
601109792,601108646,592905,0.015879612,-0.13213432,0.47365028,nan,0,1
602109887,602108710,592905,0.03520653,-0.1575634,0.46459055,nan,0,1
603109798,603108646,592905,0.03669321,-0.16504253,0.451001,nan,0,1
604109810,604108679,592905,0.006959495,-0.15905924,0.451001,nan,0,1
605109796,605108658,592905,-0.004933989,-0.16803421,0.46006072,nan,0,1
606109778,606108646,592905,-0.055481307,-0.16205089,0.4630806,nan,0,1
607109794,607108645,592905,-0.12832892,-0.16653837,0.43590143,nan,0,1
608109792,608108647,592905,-0.15360257,-0.15008427,0.4404313,nan,0,1
609109797,609108646,592905,-0.080754966,-0.19196746,0.45251095,nan,0,1
610109803,610108670,592905,0.069400296,-0.1770092,0.4479811,nan,0,1
611109842,611108710,592905,0.09318727,-0.16803421,0.4479811,nan,0,1
612109779,612108648,592905,0.066426925,-0.18747997,0.44496116,nan,0,1
613109792,613108649,592905,0.030746471,-0.16504253,0.4540209,nan,0,1
614109793,614108648,592905,0.011419554,-0.17102586,0.45704082,nan,0,1
615109802,615108670,592905,-0.080754966,-0.16953002,0.45553085,nan,0,1
616109779,616108648,592905,-0.13278897,-0.15307592,0.4404313,nan,0,1
617109827,617108696,592905,-0.13427565,-0.1560676,0.4313716,nan,0,1
618109779,618108648,592905,-0.019800847,-0.16354673,0.46459055,nan,0,1
619109793,619108648,592905,0.0902139,-0.15307592,0.4404313,nan,0,1
620109792,620108648,592905,0.08278047,-0.16205089,0.44194126,nan,0,1
621109795,621108648,592905,0.006959495,-0.12615103,0.46006072,nan,0,1
622109796,622108647,592905,-0.07778159,-0.08576365,0.47063035,nan,0,1
627109800,627108647,592905,-0.18482296,0.120660685,0.39211282,nan,0,1
628109796,628108647,592905,-0.19820313,0.1655355,0.37852323,nan,0,1
629109796,629108648,592905,-0.20712325,0.21938534,0.3317147,nan,0,1
630109779,630108648,592905,-0.16549605,0.24930194,0.3090654,nan,0,1
631109794,631108647,592905,-0.106028624,0.27921847,0.31359527,nan,0,1
632109792,632108648,592905,-0.059941363,0.22836031,0.38003317,nan,0,1
633109795,633108648,592905,-0.010880733,0.18498129,0.40268248,nan,0,1
634109796,634108648,592905,0.006959495,0.10271074,0.45704082,nan,0,1
635109787,635108648,592905,0.008446184,0.021935977,0.48723984,nan,0,1
636109779,636108648,592905,0.11994762,-0.013963857,0.46761045,nan,0,1
637109791,637108647,592905,0.114000864,0.008473547,0.46459055,nan,0,1
638109793,638108648,592905,0.13778783,0.039885923,0.4540209,nan,0,1
639109797,639108647,592905,0.11251418,0.06531501,0.45704082,nan,0,1
640109795,640108648,592905,0.0902139,0.012961004,0.45855075,nan,0,1
641109795,641108647,592905,0.08575384,0.021935977,0.4721403,nan,0,1
642109781,642108650,592905,0.070886984,0.008473547,0.46761045,nan,0,1
643109793,643108648,592905,0.09318727,0.029415112,0.4661005,nan,0,1
644109792,644108648,592905,0.11697424,0.027919333,0.46459055,nan,0,1
645109794,645108648,592905,0.11548756,0.039885923,0.4540209,nan,0,1
646109796,646108648,592905,0.0902139,0.038390085,0.4630806,nan,0,1
647109797,647108648,592905,0.13035442,0.038390085,0.45251095,nan,0,1
648109779,648108648,592905,0.11846092,0.039885923,0.45704082,nan,0,1
649109793,649108648,592905,0.072373666,0.03539847,0.4857299,nan,0,1
650109795,650108648,592905,-0.015340789,0.03240679,0.4887498,nan,0,1
651109796,651108648,592905,-0.111975364,0.06681085,0.4630806,nan,0,1
652109795,652108647,592905,-0.15360257,0.038390085,0.45251095,nan,0,1
653109794,653108647,592905,-0.02574759,0.051852576,0.4721403,nan,0,1
654109779,654108647,592905,0.16752155,0.057835873,0.4479811,nan,0,1
655109794,655108648,592905,0.18090174,0.07129836,0.4268417,nan,0,1
656109792,656108647,592905,0.13035442,0.05933171,0.44496116,nan,0,1
657109795,657108648,592905,0.094673954,0.062323388,0.4721403,nan,0,1
658109796,658108646,592905,0.0589935,0.053348415,0.46459055,nan,0,1
659109796,659108646,592905,-0.03615439,0.07129836,0.45704082,nan,0,1
660109779,660108648,592905,-0.12832892,0.04437344,0.4630806,nan,0,1
661109796,661108646,592905,-0.122382164,0.06681085,0.45855075,nan,0,1
662109795,662108646,592905,0.03669321,0.03539847,0.4721403,nan,0,1
663109796,663108646,592905,0.12886772,0.111685716,0.43590143,nan,0,1
664109795,664108646,592905,0.11548756,0.13412312,0.4268417,nan,0,1
665109795,665108646,592905,0.0485867,0.12664399,0.43590143,nan,0,1
666109778,666108646,592905,0.00249944,0.14309809,0.4404313,nan,0,1
667109796,667108646,592905,0.008446184,0.1655355,0.41778204,nan,0,1
668109794,668108646,592905,-0.009394046,0.1760063,0.41325217,nan,0,1
669109798,669108646,592905,-0.007907361,0.15656058,0.43590143,nan,0,1
670109796,670108646,592905,0.0143929245,0.17301469,0.4313716,nan,0,1
671109788,671108647,592905,-0.04656119,0.1012149,0.45251095,nan,0,1
672109779,672108648,592905,-0.100081876,0.08476079,0.44949102,nan,0,1
673109795,673108646,592905,-0.13427565,0.08027328,0.44194126,nan,0,1
674109794,674108646,592905,-0.13576233,0.105702356,0.4268417,nan,0,1
675109796,675108646,592905,-0.12981558,-0.04687213,0.45704082,nan,0,1
676109796,676108646,592905,-0.073321536,-0.16953002,0.44496116,nan,0,1
677109796,677108646,592905,-0.03169433,-0.07678867,0.47063035,nan,0,1
678109777,678108646,592905,-0.019800847,-0.12615103,0.4630806,nan,0,1
679109793,679108646,592905,0.0381799,-0.112688564,0.46761045,nan,0,1
680109793,680108645,592905,0.05007338,-0.11717605,0.46006072,nan,0,1
681109795,681108646,592905,0.018852983,-0.14709263,0.45251095,nan,0,1
682109798,682108648,592905,-0.030207647,-0.15008427,0.45855075,nan,0,1
683109796,683108646,592905,-0.16846941,-0.13512596,0.4268417,nan,0,1
684109802,684108647,592905,-0.27848417,-0.14260514,0.37248343,nan,0,1
685109792,685108646,592905,-0.24131703,-0.1366218,0.39060286,nan,0,1
686109793,686108647,592905,0.023313042,-0.1575634,0.45251095,nan,0,1
687109809,687108646,592905,0.12440769,-0.15905924,0.4313716,nan,0,1
688109795,688108647,592905,0.11846092,-0.13961345,0.44496116,nan,0,1
689109796,689108646,592905,0.076833725,-0.1560676,0.44496116,nan,0,1
690109777,690108646,592905,0.024799727,-0.1770092,0.45553085,nan,0,1
691109793,691108646,592905,-0.055481307,-0.16803421,0.4479811,nan,0,1
692109777,692108646,592905,-0.18630965,-0.1201677,0.43590143,nan,0,1
693109837,693108648,592905,-0.22793685,-0.16205089,0.39815262,nan,0,1
694109796,694108646,592905,-0.14765581,-0.14559679,0.4268417,nan,0,1
698109781,698108647,592905,-0.098595195,-0.012468077,0.4630806,nan,0,1
699109815,699108646,592905,-0.16846941,0.014456843,0.4404313,nan,0,1
700109794,700108646,592905,-0.20414989,0.0787775,0.4117422,nan,0,1
701109796,701108646,592905,-0.21604337,0.13262728,0.3890929,nan,0,1
702109794,702108646,592905,-0.20712325,0.18049382,0.34530428,nan,0,1
703109797,703108646,592905,-0.17441617,0.21041036,0.34077442,nan,0,1
704109793,704108648,592905,-0.16252269,0.23733528,0.32718486,nan,0,1
705109850,705108646,592905,-0.08224165,0.30315173,0.2924559,nan,0,1
706109796,706108646,592905,0.0010127549,0.3001601,0.2954758,nan,0,1
707109795,707108646,592905,0.0485867,0.23135199,0.3634237,nan,0,1
708109796,708108648,592905,-0.001960617,0.120660685,0.4479811,nan,0,1
709109843,709108646,592905,-0.086701706,0.04736506,0.4781801,nan,0,1
710109793,710108646,592905,-0.00047393204,-0.15905924,0.4404313,nan,0,1
711109854,711108646,592905,0.078320414,-0.03789716,0.47063035,nan,0,1
712109795,712108646,592905,0.072373666,-0.16504253,0.44496116,nan,0,1
713109794,713108645,592905,0.063453555,-0.012468077,0.4857299,nan,0,1
714109794,714108651,592905,0.1110275,-0.030418025,0.46459055,nan,0,1
715109777,715108646,592905,0.11251418,-0.031913802,0.4540209,nan,0,1
716109794,716108646,592905,0.14076123,0.006977708,0.4479811,nan,0,1
717109866,717108662,592905,0.14968134,0.014456843,0.45855075,nan,0,1
718109795,718108646,592905,0.1110275,0.0024902513,0.45855075,nan,0,1
719109795,719108656,592905,0.09318727,0.009969386,0.4661005,nan,0,1
720109796,720108646,592905,-0.028720962,0.026423493,0.47969007,nan,0,1
721109777,721108646,592905,-0.122382164,-0.0005014264,0.4630806,nan,0,1
722109794,722108646,592905,-0.05399462,0.030910952,0.4721403,nan,0,1
723109889,723108681,592905,0.18982185,0.026423493,0.4313716,nan,0,1
724109796,724108646,592905,0.22104226,0.026423493,0.40721235,nan,0,1
725109808,725108678,592905,0.20022866,0.020440139,0.42835167,nan,0,1
726109797,726108666,592905,0.14076123,0.03240679,0.44496116,nan,0,1
727109779,727108647,592905,0.094673954,0.038390085,0.45553085,nan,0,1
728109793,728108646,592905,0.0381799,0.04736506,0.4721403,nan,0,1
729109802,729108671,592905,0.0381799,0.03390263,0.48120004,nan,0,1
730109798,730108649,592905,0.1422479,-0.0064847223,0.45553085,nan,0,1
731109797,731108665,592905,0.12886772,0.039885923,0.45704082,nan,0,1
732109832,732108700,592905,0.094673954,0.03390263,0.46761045,nan,0,1
733109778,733108646,592905,0.0589935,0.039885923,0.46761045,nan,0,1
734109796,734108648,592905,-0.05399462,0.057835873,0.47365028,nan,0,1
735109793,735108646,592905,-0.12535554,0.030910952,0.45855075,nan,0,1
736109801,736108670,592905,-0.12089548,0.03539847,0.4721403,nan,0,1
737109800,737108646,592905,0.072373666,0.054844193,0.46006072,nan,0,1
738109837,738108706,592905,0.15860143,0.06531501,0.44194126,nan,0,1
739109782,739108649,592905,0.1006207,0.13262728,0.4238218,nan,0,1
740109792,740108646,592905,0.13184111,0.19246042,0.39060286,nan,0,1
741109792,741108646,592905,0.11697424,0.18348545,0.39966258,nan,0,1
742109800,742108646,592905,0.076833725,0.17301469,0.41929194,nan,0,1
743109795,743108646,592905,0.05156007,0.14309809,0.4404313,nan,0,1
744109836,744108646,592905,0.006959495,0.113181554,0.45251095,nan,0,1
745109777,745108646,592905,-0.05399462,0.062323388,0.46459055,nan,0,1
746109794,746108647,592905,-0.058454677,0.06681085,0.46006072,nan,0,1
747109794,747108648,592905,-0.11346205,0.090744086,0.44496116,nan,0,1
748109799,748108646,592905,-0.16549605,0.07428998,0.4374114,nan,0,1
749109796,749108646,592905,-0.17292948,0.015952682,0.44194126,nan,0,1
750109794,750108646,592905,-0.16252269,-0.12315935,0.4268417,nan,0,1
751109779,751108647,592905,-0.12535554,-0.12465519,0.44496116,nan,0,1
752109792,752108646,592905,-0.052507933,-0.16205089,0.451001,nan,0,1
753109793,753108647,592905,-0.037641075,-0.1052094,0.4721403,nan,0,1
754109795,754108646,592905,-0.055481307,-0.10670524,0.4661005,nan,0,1
755109795,755108649,592905,-0.04358782,-0.07828451,0.4781801,nan,0,1
756109795,756108646,592905,-0.048047878,-0.15905924,0.4540209,nan,0,1
757109780,757108649,592905,-0.05696799,-0.13811764,0.45553085,nan,0,1
758109794,758108647,592905,-0.11792211,0.0024902513,0.46761045,nan,0,1
759109795,759108647,592905,-0.111975364,-0.0005014264,0.46459055,nan,0,1
760109795,760108647,592905,-0.106028624,-0.12914267,0.45251095,nan,0,1
761109796,761108645,592905,-0.122382164,-0.05135959,0.46761045,nan,0,1
762109794,762108646,592905,-0.16846941,-0.067813694,0.45251095,nan,0,1
763109780,763108649,592905,-0.17441617,-0.0064847223,0.44345123,nan,0,1
764109792,764108646,592905,-0.15360257,-0.027426347,0.451001,nan,0,1
769109778,769108647,592905,-0.1818496,-0.018451374,0.4479811,nan,0,1
770109793,770108648,592905,-0.17738953,-0.033409644,0.45251095,nan,0,1
771109797,771108647,592905,-0.17441617,-0.15307592,0.4268417,nan,0,1
772109795,772108646,592905,-0.13576233,-0.2144049,0.4087223,nan,0,1
773109795,773108647,592905,-0.14468245,-0.24282563,0.40117255,nan,0,1
774109796,774108646,592905,-0.100081876,-0.29667544,0.354364,nan,0,1
775109780,775108649,592905,-0.100081876,-0.29667544,0.36946353,nan,0,1
776109795,776108648,592905,-0.06588811,-0.3385586,0.30000567,nan,0,1
777109793,777108646,592905,-0.021287533,-0.36548355,0.28641608,nan,0,1
778109796,778108647,592905,0.03371984,-0.34753358,0.30453554,nan,0,1
779109795,779108646,592905,0.078320414,-0.29517964,0.3739934,nan,0,1
780109793,780108646,592905,0.11251418,-0.27573383,0.36795357,nan,0,1
781109777,781108646,592905,0.13184111,-0.2667589,0.36493367,nan,0,1
782109793,782108646,592905,0.10508076,-0.19795078,0.41778204,nan,0,1
783109792,783108646,592905,0.05156007,0.057835873,0.46459055,nan,0,1
784109795,784108646,592905,0.078320414,-0.048367914,0.4781801,nan,0,1
785109795,785108646,592905,0.08278047,0.03539847,0.45704082,nan,0,1
786109795,786108646,592905,0.10508076,0.021935977,0.4721403,nan,0,1
787109777,787108647,592905,0.094673954,0.021935977,0.46459055,nan,0,1
788109794,788108647,592905,0.108054124,0.026423493,0.47063035,nan,0,1
789109793,789108648,592905,0.10656744,0.012961004,0.46761045,nan,0,1
790109800,790108647,592905,0.09913402,0.0009944125,0.47667018,nan,0,1
791109796,791108647,592905,0.1006207,0.021935977,0.45855075,nan,0,1
792109796,792108647,592905,0.11251418,-0.0019972653,0.4630806,nan,0,1
793109778,793108647,592905,0.09913402,-0.06332621,0.4661005,nan,0,1
794109794,794108648,592905,0.081293784,-0.05135959,0.46459055,nan,0,1
795109792,795108648,592905,0.066426925,-0.043880455,0.47063035,nan,0,1
796109795,796108648,592905,0.05007338,-0.04088878,0.47667018,nan,0,1
797109796,797108648,592905,0.05602013,0.054844193,0.4661005,nan,0,1
798109795,798108647,592905,0.067913614,0.038390085,0.47365028,nan,0,1
799109779,799108647,592905,0.04710001,0.009969386,0.47063035,nan,0,1
800109793,800108648,592905,0.04115327,0.057835873,0.4630806,nan,0,1
801109792,801108650,592905,0.06048019,0.039885923,0.4857299,nan,0,1
802109796,802108647,592905,0.03520653,0.04437344,0.48120004,nan,0,1
803109797,803108648,592905,0.04115327,0.054844193,0.4661005,nan,0,1
804109795,804108648,592905,0.018852983,0.05933171,0.4721403,nan,0,1
805109777,805108646,592905,0.00249944,0.113181554,0.45251095,nan,0,1
806109796,806108648,592905,0.006959495,0.14459392,0.44194126,nan,0,1
807109792,807108647,592905,0.024799727,0.21938534,0.38154313,nan,0,1
808109796,808108647,592905,-0.003447304,0.19694793,0.39966258,nan,0,1
809109797,809108648,592905,0.006959495,0.21041036,0.39966258,nan,0,1
810109795,810108648,592905,-0.02574759,0.17301469,0.4268417,nan,0,1
811109785,811108652,592905,0.03669321,0.17301469,0.41627207,nan,0,1
815109794,815108648,592905,-0.05399462,-0.033409644,0.4721403,nan,0,1
816109797,816108646,592905,-0.034667704,-0.15307592,0.45553085,nan,0,1
817109783,817108646,592905,-0.03169433,-0.14260514,0.4630806,nan,0,1
818109793,818108647,592905,-0.021287533,-0.14559679,0.46006072,nan,0,1
819109777,819108647,592905,-0.037641075,-0.11418437,0.4661005,nan,0,1
820109832,820108646,592905,-0.030207647,-0.15905924,0.45553085,nan,0,1
821109795,821108646,592905,-0.059941363,-0.13811764,0.45855075,nan,0,1
822109796,822108646,592905,-0.030207647,-0.067813694,0.4781801,nan,0,1
823109795,823108647,592905,-0.06440142,-0.07080538,0.4781801,nan,0,1
824109790,824108647,592905,-0.07183485,-0.04687213,0.47063035,nan,0,1
825109817,825108647,592905,-0.07629491,-0.016955534,0.48120004,nan,0,1
826109849,826108648,592905,-0.083728336,0.003986031,0.4661005,nan,0,1
827109795,827108648,592905,-0.106028624,0.030910952,0.4781801,nan,0,1
828109804,828108647,592905,-0.11792211,0.009969386,0.451001,nan,0,1
829109794,829108648,592905,-0.106028624,0.05035674,0.46459055,nan,0,1
830109814,830108648,592905,-0.111975364,0.04736506,0.46761045,nan,0,1
831109792,831108648,592905,-0.13576233,-0.045376293,0.45553085,nan,0,1
832109867,832108647,592905,-0.14170907,-0.13512596,0.44949102,nan,0,1
833109798,833108648,592905,-0.1402224,-0.20542991,0.40268248,nan,0,1
834109795,834108647,592905,-0.13576233,-0.230859,0.39060286,nan,0,1
835109795,835108647,592905,-0.107515305,-0.3086421,0.33624455,nan,0,1
836109779,836108648,592905,-0.106028624,-0.31612122,0.3286948,nan,0,1
837109795,837108648,592905,-0.074808225,-0.378946,0.2607469,nan,0,1
838109795,838108659,592905,-0.028720962,-0.38193765,0.2713166,nan,0,1
839109793,839108646,592905,0.032233156,-0.36997104,0.27886635,nan,0,1
840109796,840108653,592905,0.08278047,-0.34005445,0.3090654,nan,0,1
841109795,841108647,592905,0.12440769,-0.31462538,0.3090654,nan,0,1
842109789,842108658,592905,0.114000864,-0.2518006,0.386073,nan,0,1
843109793,843108648,592905,0.09616064,-0.20542991,0.4313716,nan,0,1
844109812,844108680,592905,0.070886984,-0.07978032,0.4721403,nan,0,1
845109798,845108646,592905,0.078320414,0.0009944125,0.47667018,nan,0,1
846109809,846108678,592905,0.09616064,0.03539847,0.4630806,nan,0,1
847109795,847108650,592905,0.09616064,0.029415112,0.47063035,nan,0,1
848109778,848108647,592905,0.094673954,0.014456843,0.4721403,nan,0,1
849109795,849108648,592905,0.087240525,0.03390263,0.45855075,nan,0,1
850109800,850108669,592905,0.072373666,0.17301469,0.41929194,nan,0,1
851109798,851108649,592905,0.11994762,0.22536863,0.3755033,nan,0,1
852109826,852108695,592905,0.12292098,-0.027426347,0.46006072,nan,0,1
853109817,853108686,592905,0.10210738,-0.012468077,0.45704082,nan,0,1
854109778,854108647,592905,0.1110275,-0.0049889428,0.46459055,nan,0,1
855109797,855108646,592905,0.094673954,-0.013963857,0.46459055,nan,0,1
856109795,856108650,592905,0.10656744,-0.10969689,0.44345123,nan,0,1
857109799,857108668,592905,0.10508076,-0.3206087,0.34530428,nan,0,1
858109818,858108686,592905,0.0902139,0.0787775,0.45251095,nan,0,1
859109823,859108688,592905,0.072373666,0.06681085,0.47063035,nan,0,1
860109778,860108646,592905,0.063453555,0.048860896,0.4630806,nan,0,1
861109799,861108646,592905,0.066426925,0.048860896,0.47063035,nan,0,1
862109793,862108646,592905,0.06494024,0.13861063,0.44345123,nan,0,1
863109798,863108646,592905,0.13184111,0.2971684,0.2924559,nan,0,1
864109778,864108646,592905,0.11548756,0.006977708,0.46006072,nan,0,1
865109846,865108646,592905,0.08575384,0.015952682,0.47667018,nan,0,1
866109778,866108647,592905,0.078320414,0.003986031,0.4721403,nan,0,1
867109792,867108646,592905,0.078320414,0.021935977,0.4721403,nan,0,1
868109793,868108646,592905,0.06048019,-0.27124634,0.38003317,nan,0,1
869109795,869108647,592905,0.07534704,0.008473547,0.4721403,nan,0,1
870109795,870108645,592905,0.06048019,0.081769116,0.4630806,nan,0,1
871109795,871108652,592905,0.05304676,0.1595522,0.4268417,nan,0,1
872109777,872108646,592905,0.05453344,0.25528523,0.37248343,nan,0,1
873109793,873108646,592905,0.066426925,0.23883112,0.37852323,nan,0,1
874109791,874108646,592905,0.04710001,0.2178895,0.38154313,nan,0,1
875109794,875108646,592905,0.03371984,0.18348545,0.41627207,nan,0,1
880109793,880108648,592905,-0.106028624,0.04437344,0.46761045,nan,0,1
881109800,881108646,592905,-0.058454677,-0.13063848,0.4630806,nan,0,1
882109795,882108646,592905,-0.037641075,-0.14559679,0.4661005,nan,0,1
883109795,883108645,592905,-0.04358782,-0.1575634,0.4630806,nan,0,1
884109777,884108646,592905,-0.04656119,-0.14110929,0.45855075,nan,0,1
885109793,885108647,592905,-0.055481307,0.039885923,0.4630806,nan,0,1
886109792,886108646,592905,-0.055481307,0.029415112,0.47063035,nan,0,1
887109795,887108646,592905,-0.059941363,-0.18598413,0.44496116,nan,0,1
888109796,888108645,592905,-0.074808225,-0.17102586,0.44194126,nan,0,1
889109794,889108646,592905,-0.07778159,-0.15158011,0.4540209,nan,0,1
890109777,890108646,592905,-0.086701706,-0.31612122,0.35134408,nan,0,1
891109794,891108647,592905,-0.04656119,-0.36847523,0.28641608,nan,0,1
892109795,892108647,592905,-0.016827475,-0.12914267,0.46459055,nan,0,1
893109799,893108646,592905,-0.04061445,-0.12465519,0.4721403,nan,0,1
894109795,894108646,592905,-0.037641075,-0.13811764,0.46761045,nan,0,1
895109796,895108646,592905,-0.04061445,-0.13811764,0.45855075,nan,0,1
896109776,896108645,592905,-0.022774218,-0.13811764,0.45855075,nan,0,1
897109794,897108646,592905,-0.04061445,-0.12914267,0.46761045,nan,0,1
898109794,898108646,592905,-0.055481307,0.13861063,0.4479811,nan,0,1
899109794,899108646,592905,-0.13427565,0.15057722,0.42231187,nan,0,1
900109796,900108646,592905,-0.17590284,0.19246042,0.37852323,nan,0,1
901109794,901108646,592905,-0.19820313,0.25229356,0.33322462,nan,0,1
902109779,902108648,592905,-0.18482296,0.27921847,0.29094595,nan,0,1
903109797,903108646,592905,-0.104541935,0.30763924,0.2773564,nan,0,1
904109778,904108646,592905,-0.061428048,0.30315173,0.3090654,nan,0,1
905109799,905108646,592905,0.020339668,0.26874766,0.35285404,nan,0,1
906109795,906108646,592905,0.05007338,0.04586928,0.4661005,nan,0,1
907109796,907108646,592905,0.069400296,0.04586928,0.46006072,nan,0,1
908109777,908108646,592905,0.078320414,0.041381765,0.4630806,nan,0,1
909109796,909108647,592905,0.070886984,0.039885923,0.46761045,nan,0,1
910109792,910108646,592905,0.05156007,0.024927655,0.4781801,nan,0,1
911109795,911108646,592905,0.04412664,0.28221014,0.354364,nan,0,1
912109796,912108646,592905,0.11846092,-0.02144305,0.4630806,nan,0,1
913109794,913108647,592905,0.0902139,-0.013963857,0.4630806,nan,0,1
914109778,914108647,592905,0.072373666,-0.007980561,0.4661005,nan,0,1
915109793,915108646,592905,0.06494024,0.008473547,0.46459055,nan,0,1
916109792,916108646,592905,0.078320414,0.0054818694,0.4781801,nan,0,1
917109797,917108646,592905,0.09616064,-0.20393407,0.42231187,nan,0,1
918109797,918108646,592905,0.04412664,0.05933171,0.4721403,nan,0,1
919109796,919108646,592905,0.0381799,0.068306684,0.45855075,nan,0,1
920109777,920108646,592905,0.03520653,0.075785816,0.46761045,nan,0,1
921109793,921108646,592905,0.0485867,0.04736506,0.4721403,nan,0,1
922109792,922108646,592905,0.03669321,0.057835873,0.47063035,nan,0,1
923109794,923108646,592905,0.029259782,0.24481441,0.37248343,nan,0,1
924109796,924108647,592905,0.0902139,0.16703133,0.4268417,nan,0,1
925109795,925108645,592905,0.09913402,-0.0049889428,0.4661005,nan,0,1
926109778,926108647,592905,0.069400296,0.020440139,0.47969007,nan,0,1
927109795,927108646,592905,0.072373666,0.03240679,0.47063035,nan,0,1
928109795,928108646,592905,0.087240525,-0.16354673,0.4343915,nan,0,1
929109796,929108646,592905,0.023313042,0.057835873,0.46761045,nan,0,1
930109795,930108646,592905,0.04115327,0.07428998,0.4630806,nan,0,1
931109795,931108646,592905,0.0381799,0.2119062,0.4057024,nan,0,1
932109777,932108646,592905,0.0381799,0.22237702,0.39060286,nan,0,1
933109793,933108646,592905,0.042639952,0.28221014,0.33926445,nan,0,1
934109816,934108645,592905,0.070886984,0.2702435,0.33624455,nan,0,1
935109796,935108647,592905,0.063453555,0.23733528,0.3830531,nan,0,1
936109797,936108646,592905,0.029259782,0.15656058,0.4404313,nan,0,1
937109793,937108645,592905,0.0143929245,0.18498129,0.42231187,nan,0,1
938109778,938108647,592905,-0.03615439,0.1475856,0.4374114,nan,0,1
939109792,939108646,592905,-0.04061445,0.057835873,0.46459055,nan,0,1
940109778,940108647,592905,-0.04656119,-0.06482205,0.4630806,nan,0,1
941109806,941108646,592905,-0.022774218,-0.16354673,0.45251095,nan,0,1
942109796,942108646,592905,-0.034667704,-0.058838725,0.47365028,nan,0,1
943109796,943108646,592905,-0.027234277,0.113181554,0.45855075,nan,0,1
944109795,944108646,592905,-0.019800847,-0.178505,0.45251095,nan,0,1
945109815,945108647,592905,-0.037641075,-0.18897581,0.44496116,nan,0,1
946109813,946108647,592905,-0.04358782,-0.178505,0.4404313,nan,0,1
947109838,947108646,592905,-0.03169433,-0.17551336,0.451001,nan,0,1
948109796,948108646,592905,-0.019800847,-0.1770092,0.45251095,nan,0,1
949109795,949108646,592905,-0.015340789,-0.230859,0.41929194,nan,0,1
950109794,950108647,592905,0.07534704,-0.3998876,0.20185874,nan,0,1
951109822,951108646,592905,0.0485867,-0.15307592,0.45251095,nan,0,1
952109794,952108647,592905,0.0381799,-0.14110929,0.4630806,nan,0,1
957109778,957108647,592905,-0.11792211,0.062323388,0.45855075,nan,0,1
958109793,958108647,592905,-0.14170907,0.08476079,0.4404313,nan,0,1
959109864,959108653,592905,-0.14765581,0.092239924,0.4404313,nan,0,1
960109802,960108646,592905,-0.14468245,0.13861063,0.4268417,nan,0,1
961109795,961108648,592905,-0.14319576,0.17899798,0.39966258,nan,0,1
962109797,962108647,592905,-0.14616914,0.20143539,0.3830531,nan,0,1
963109777,963108646,592905,-0.1402224,0.23883112,0.36795357,nan,0,1
964109794,964108647,592905,-0.11643542,0.25678107,0.34530428,nan,0,1
965109860,965108674,592905,-0.095621824,0.2702435,0.354364,nan,0,1
966109794,966108646,592905,-0.074808225,0.2582769,0.36795357,nan,0,1
967109801,967108669,592905,-0.037641075,0.21340203,0.39966258,nan,0,1
968109810,968108678,592905,-0.007907361,0.12664399,0.45553085,nan,0,1
969109778,969108647,592905,0.042639952,0.048860896,0.4721403,nan,0,1
970109792,970108646,592905,0.069400296,0.06681085,0.4721403,nan,0,1
971109891,971108692,592905,0.066426925,0.048860896,0.47063035,nan,0,1
972109795,972108646,592905,0.078320414,0.2178895,0.39815262,nan,0,1
973109819,973108688,592905,0.13332778,-0.013963857,0.46459055,nan,0,1
974109796,974108664,592905,0.08575384,-0.0049889428,0.47063035,nan,0,1
975109777,975108646,592905,0.07534704,0.008473547,0.4721403,nan,0,1
976109793,976108647,592905,0.06494024,0.008473547,0.4721403,nan,0,1
977109793,977108647,592905,0.078320414,-0.15008427,0.4540209,nan,0,1
978109794,978108663,592905,0.067913614,-0.2622714,0.39060286,nan,0,1
979109796,979108646,592905,0.04710001,0.07428998,0.45704082,nan,0,1
980109830,980108699,592905,0.024799727,0.08027328,0.47063035,nan,0,1
981109778,981108647,592905,0.023313042,0.075785816,0.46761045,nan,0,1
982109792,982108646,592905,0.030746471,0.07129836,0.47063035,nan,0,1
983109793,983108647,592905,0.042639952,0.075785816,0.4721403,nan,0,1
984109799,984108647,592905,0.018852983,0.17451046,0.4343915,nan,0,1
985109795,985108646,592905,0.08872721,0.30913508,0.28641608,nan,0,1
986109796,986108646,592905,0.081293784,0.014456843,0.4721403,nan,0,1
987109778,987108646,592905,0.03669321,0.08625663,0.46006072,nan,0,1
988109794,988108647,592905,0.03520653,0.18647712,0.4147621,nan,0,1
989109794,989108648,592905,0.030746471,0.20442706,0.40721235,nan,0,1
990109796,990108646,592905,0.04115327,0.20143539,0.40268248,nan,0,1
991109795,991108646,592905,0.0381799,0.18049382,0.4147621,nan,0,1
992109794,992108646,592905,0.026286412,0.15356891,0.4313716,nan,0,1
993109778,993108646,592905,-0.009394046,0.1595522,0.43590143,nan,0,1
994109792,994108647,592905,-0.02574759,0.13113144,0.451001,nan,0,1
995109777,995108646,592905,-0.05696799,0.13262728,0.4404313,nan,0,1
996109795,996108646,592905,-0.100081876,0.09373576,0.44949102,nan,0,1
997109795,997108647,592905,-0.12832892,0.092239924,0.42986163,nan,0,1
998109796,998108646,592905,-0.12832892,0.1236523,0.43590143,nan,0,1
999109781,999108646,592905,-0.098595195,-0.0019972653,0.47667018,nan,0,1
1000109794,1000108648,592905,-0.058454677,0.03539847,0.47667018,nan,0,1
1001109795,1001108646,592905,-0.04061445,-0.12914267,0.4721403,nan,0,1
1002109795,1002108646,592905,-0.04061445,-0.118671864,0.45855075,nan,0,1
1003109794,1003108648,592905,-0.05399462,-0.3206087,0.3377545,nan,0,1
1004109817,1004108646,592905,-0.003447304,-0.1949591,0.44345123,nan,0,1
1005109777,1005108647,592905,-0.022774218,-0.12315935,0.45855075,nan,0,1
1006109792,1006108646,592905,-0.028720962,-0.11568021,0.4721403,nan,0,1
1007109795,1007108646,592905,-0.030207647,-0.13213432,0.4630806,nan,0,1
1008109796,1008108646,592905,-0.03615439,0.054844193,0.4661005,nan,0,1
1009109794,1009108646,592905,-0.042101134,-0.024434669,0.47667018,nan,0,1
1010109795,1010108646,592905,-0.028720962,-0.19196746,0.4343915,nan,0,1
1011109780,1011108649,592905,-0.034667704,-0.16653837,0.45553085,nan,0,1
1015109796,1015108646,592905,-0.13576233,0.14459392,0.4268417,nan,0,1
1016109795,1016108646,592905,-0.16549605,0.1894688,0.38154313,nan,0,1
1017109777,1017108646,592905,-0.17738953,0.22237702,0.3573839,nan,0,1
1018109792,1018108646,592905,-0.17144278,0.25079772,0.33624455,nan,0,1
1019109793,1019108647,592905,-0.1387357,0.28520176,0.29094595,nan,0,1
1020109800,1020108646,592905,-0.091161765,0.2971684,0.30000567,nan,0,1
1021109794,1021108646,592905,-0.028720962,0.28370598,0.33624455,nan,0,1
1022109796,1022108647,592905,0.023313042,0.2119062,0.39966258,nan,0,1
1023109778,1023108646,592905,0.07534704,0.030910952,0.4721403,nan,0,1
1024109793,1024108646,592905,0.09616064,0.03240679,0.46006072,nan,0,1
1025109793,1025108646,592905,0.108054124,-0.06332621,0.4630806,nan,0,1
1026109795,1026108646,592905,0.09616064,-0.18299249,0.42986163,nan,0,1
1027109795,1027108646,592905,0.072373666,0.07129836,0.4630806,nan,0,1
1028109794,1028108646,592905,0.0589935,0.068306684,0.4630806,nan,0,1
1029109779,1029108648,592905,0.05156007,0.14908138,0.4404313,nan,0,1
1030109794,1030108646,592905,0.0902139,0.28968927,0.31661516,nan,0,1
1031109793,1031108645,592905,0.081293784,0.012961004,0.47365028,nan,0,1
1032109796,1032108646,592905,0.07534704,0.024927655,0.47365028,nan,0,1
1033109795,1033108648,592905,0.06048019,0.05035674,0.4721403,nan,0,1
1034109796,1034108646,592905,0.06048019,-0.0005014264,0.48120004,nan,0,1
1035109777,1035108646,592905,0.069400296,-0.1949591,0.4313716,nan,0,1
1036109794,1036108647,592905,0.024799727,0.08027328,0.48120004,nan,0,1
1037109793,1037108646,592905,0.020339668,0.1475856,0.4313716,nan,0,1
1038109794,1038108646,592905,0.04710001,0.23284782,0.39060286,nan,0,1
1039109796,1039108646,592905,0.05156007,0.21041036,0.4147621,nan,0,1
1040109796,1040108646,592905,0.06048019,0.21041036,0.39060286,nan,0,1
1041109779,1041108648,592905,0.10656744,0.03390263,0.46761045,nan,0,1
1042109792,1042108646,592905,0.11697424,0.03390263,0.46459055,nan,0,1
1043109794,1043108647,592905,0.17049494,0.21041036,0.3498341,nan,0,1
1044109797,1044108647,592905,0.1422479,-0.03640132,0.44496116,nan,0,1
1045109798,1045108646,592905,0.1110275,0.008473547,0.46761045,nan,0,1
1046109796,1046108646,592905,0.072373666,0.120660685,0.4479811,nan,0,1
1047109778,1047108647,592905,0.042639952,0.14010641,0.4374114,nan,0,1
1048109797,1048108646,592905,0.042639952,0.13412312,0.45704082,nan,0,1
1049109793,1049108647,592905,0.03371984,0.09971906,0.4479811,nan,0,1
1050109807,1050108646,592905,0.0039861253,0.08476079,0.4630806,nan,0,1
1051109795,1051108647,592905,-0.022774218,0.04437344,0.46459055,nan,0,1
1052109794,1052108646,592905,-0.04358782,0.05035674,0.4721403,nan,0,1
1053109784,1053108647,592905,-0.12089548,-0.0049889428,0.46006072,nan,0,1
1054109796,1054108646,592905,-0.1402224,0.029415112,0.4540209,nan,0,1
1055109800,1055108647,592905,-0.15211588,0.014456843,0.46459055,nan,0,1
1056109778,1056108647,592905,-0.18630965,-0.013963857,0.44496116,nan,0,1
1057109777,1057108646,592905,-0.13278897,-0.14110929,0.44345123,nan,0,1
1060109793,1060108646,592905,-0.021287533,-0.15905924,0.45704082,nan,0,1
1061109779,1061108646,592905,-0.016827475,-0.27573383,0.38003317,nan,0,1
1062109810,1062108646,592905,0.03520653,-0.3669794,0.28792605,nan,0,1
1063109795,1063108646,592905,0.024799727,-0.12914267,0.45855075,nan,0,1
1064109795,1064108646,592905,0.006959495,-0.15008427,0.45855075,nan,0,1
1065109795,1065108648,592905,-0.004933989,-0.02144305,0.48120004,nan,0,1
1066109792,1066108650,592905,-0.003447304,0.10420658,0.45553085,nan,0,1
1067109789,1067108646,592905,0.00249944,-0.18598413,0.4404313,nan,0,1
1068109850,1068108646,592905,-0.015340789,-0.17551336,0.451001,nan,0,1
1069109794,1069108646,592905,-0.016827475,-0.1052094,0.46761045,nan,0,1
1070109798,1070108646,592905,-0.028720962,0.08625663,0.4661005,nan,0,1
1071109794,1071108647,592905,-0.06588811,0.098223224,0.45855075,nan,0,1
1072109804,1072108647,592905,-0.073321536,0.10719819,0.44949102,nan,0,1
1073109793,1073108646,592905,-0.12386885,0.12514815,0.44496116,nan,0,1
1074109854,1074108646,592905,-0.13576233,0.15207307,0.41778204,nan,0,1
1075109796,1075108646,592905,-0.1506292,0.1954521,0.39815262,nan,0,1
1076109794,1076108646,592905,-0.14468245,0.19246042,0.3890929,nan,0,1
1077109795,1077108647,592905,-0.11792211,0.21041036,0.386073,nan,0,1
1078109815,1078108646,592905,-0.107515305,0.23284782,0.36191377,nan,0,1
1079109793,1079108646,592905,-0.095621824,0.2762268,0.322655,nan,0,1
1080109849,1080108650,592905,-0.06588811,0.2762268,0.34077442,nan,0,1
1081109794,1081108646,592905,-0.019800847,0.29567257,0.3377545,nan,0,1
1082109794,1082108646,592905,0.06494024,0.14908138,0.4343915,nan,0,1
1083109800,1083108647,592905,0.0381799,0.19993955,0.4087223,nan,0,1
1084109778,1084108647,592905,0.108054124,0.006977708,0.4630806,nan,0,1
1085109794,1085108646,592905,0.11548756,0.012961004,0.4661005,nan,0,1
1086109801,1086108670,592905,0.12738106,-0.07828451,0.45553085,nan,0,1
1087109798,1087108646,592905,0.08278047,0.06082755,0.45704082,nan,0,1
1088109798,1088108667,592905,0.081293784,0.053348415,0.4721403,nan,0,1
1089109796,1089108646,592905,0.07534704,0.053348415,0.45553085,nan,0,1
1090109777,1090108646,592905,0.108054124,0.20143539,0.39815262,nan,0,1
1091109794,1091108646,592905,0.12292098,0.003986031,0.4661005,nan,0,1
1092109876,1092108689,592905,0.10656744,-0.0049889428,0.45553085,nan,0,1
1093109795,1093108645,592905,0.08575384,0.009969386,0.47063035,nan,0,1
1094109815,1094108683,592905,0.10508076,0.01894436,0.4721403,nan,0,1
1095109808,1095108677,592905,0.087240525,-0.10969689,0.45855075,nan,0,1
1096109777,1096108646,592905,0.067913614,0.0787775,0.48120004,nan,0,1
1097109793,1097108645,592905,0.06048019,0.08027328,0.45704082,nan,0,1
1098109812,1098108679,592905,0.06048019,0.06681085,0.45704082,nan,0,1
1099109799,1099108661,592905,0.05602013,0.20143539,0.39966258,nan,0,1
1100109796,1100108646,592905,0.0902139,0.16703133,0.42986163,nan,0,1
1101109795,1101108646,592905,0.09318727,0.020440139,0.47063035,nan,0,1
1102109780,1102108647,592905,0.06494024,0.01894436,0.46761045,nan,0,1
1103109794,1103108647,592905,0.069400296,-0.12615103,0.45704082,nan,0,1
1104109793,1104108647,592905,0.03669321,0.111685716,0.4661005,nan,0,1
1105109799,1105108646,592905,0.06048019,0.06082755,0.46006072,nan,0,1
1106109795,1106108647,592905,0.04115327,0.057835873,0.47063035,nan,0,1
1107109845,1107108714,592905,-0.013854103,0.15805636,0.42986163,nan,0,1
1108109778,1108108646,592905,-0.019800847,0.24481441,0.36946353,nan,0,1
1109109777,1109108647,592905,0.00249944,0.23583944,0.3890929,nan,0,1
1110109795,1110108648,592905,0.00249944,0.21041036,0.39513272,nan,0,1
1111109796,1111108646,592905,0.032233156,0.23135199,0.386073,nan,0,1
1112109794,1112108646,592905,0.017366298,0.1760063,0.4268417,nan,0,1
1113109795,1113108646,592905,-0.004933989,0.17002301,0.41325217,nan,0,1
1114109777,1114108646,592905,-0.042101134,0.13113144,0.44496116,nan,0,1
1115109794,1115108646,592905,-0.08224165,0.113181554,0.4404313,nan,0,1
1116109793,1116108647,592905,-0.11792211,0.096727446,0.4540209,nan,0,1
1117109797,1117108646,592905,-0.17441617,0.027919333,0.44345123,nan,0,1
1118109795,1118108647,592905,-0.15806264,0.08775247,0.4268417,nan,0,1
1119109795,1119108646,592905,-0.17738953,0.08476079,0.4268417,nan,0,1
1120109778,1120108647,592905,-0.18482296,-0.013963857,0.42986163,nan,0,1
1121109794,1121108648,592905,-0.1506292,-0.06930954,0.44496116,nan,0,1
1122109795,1122108647,592905,-0.11346205,-0.12615103,0.4479811,nan,0,1
1123109798,1123108646,592905,-0.109001994,-0.11568021,0.45855075,nan,0,1
1124109795,1124108646,592905,-0.17292948,-0.10072194,0.4479811,nan,0,1
1125109793,1125108646,592905,-0.19374308,-0.118671864,0.4147621,nan,0,1
1126109777,1126108647,592905,-0.19968984,-0.118671864,0.4117422,nan,0,1
1127109793,1127108646,592905,-0.17144278,-0.11568021,0.42986163,nan,0,1
1128109793,1128108646,592905,-0.17292948,-0.1052094,0.4374114,nan,0,1
1129109795,1129108647,592905,-0.17590284,-0.04088878,0.4313716,nan,0,1
1130109796,1130108646,592905,-0.17590284,-0.02144305,0.44496116,nan,0,1
1131109795,1131108646,592905,-0.19076972,-0.019947212,0.4343915,nan,0,1
1132109804,1132108673,592905,-0.1922564,-0.088755295,0.43590143,nan,0,1
1133109796,1133108646,592905,-0.20860995,-0.1201677,0.42231187,nan,0,1
1138109777,1138108646,592905,-0.14765581,-0.24282563,0.3890929,nan,0,1
1139109793,1139108648,592905,-0.11792211,-0.27124634,0.3755033,nan,0,1
1140109795,1140108646,592905,-0.080754966,-0.3221045,0.3317147,nan,0,1
1141109795,1141108646,592905,-0.021287533,-0.32958364,0.33322462,nan,0,1
1142109795,1142108646,592905,-0.010880733,-0.36997104,0.28792605,nan,0,1
1143109793,1143108646,592905,0.023313042,-0.3669794,0.28188625,nan,0,1
1144109777,1144108647,592905,0.04710001,-0.31163374,0.33926445,nan,0,1
1145109795,1145108646,592905,0.072373666,-0.34005445,0.28943598,nan,0,1
1146109797,1146108646,592905,0.10656744,-0.335567,0.30755544,nan,0,1
1147109804,1147108646,592905,0.12738106,-0.31612122,0.3317147,nan,0,1
1148109799,1148108646,592905,0.1452213,-0.28620464,0.34379432,nan,0,1
1149109795,1149108646,592905,0.15711477,-0.13213432,0.44496116,nan,0,1
1150109778,1150108647,592905,0.10508076,-0.012468077,0.4661005,nan,0,1
1151109795,1151108647,592905,0.114000864,0.024927655,0.45855075,nan,0,1
1152109793,1152108647,592905,0.1006207,0.03390263,0.46459055,nan,0,1
1153109795,1153108646,592905,0.10656744,0.038390085,0.4781801,nan,0,1
1154109777,1154108646,592905,0.0902139,0.31063086,0.29094595,nan,0,1
1155109795,1155108646,592905,0.18982185,0.24930194,0.30453554,nan,0,1
1156109777,1156108646,592905,0.18684849,-0.082771994,0.4268417,nan,0,1
1157109792,1157108646,592905,0.15711477,-0.058838725,0.45553085,nan,0,1
1158109793,1158108647,592905,0.12292098,-0.057342917,0.4540209,nan,0,1
1159109796,1159108646,592905,0.11994762,-0.039392937,0.4630806,nan,0,1
1160109796,1160108646,592905,0.12738106,-0.112688564,0.45251095,nan,0,1
1161109795,1161108647,592905,0.15116802,-0.36548355,0.2320578,nan,0,1
1162109778,1162108646,592905,0.11697424,-0.2518006,0.386073,nan,0,1
1163109794,1163108647,592905,0.08872721,0.10271074,0.4374114,nan,0,1
1164109792,1164108646,592905,0.04710001,0.08476079,0.45704082,nan,0,1
1165109796,1165108650,592905,0.0381799,0.08775247,0.45855075,nan,0,1
1166109796,1166108646,592905,0.05304676,0.057835873,0.47063035,nan,0,1
1167109826,1167108695,592905,0.042639952,0.34353912,0.22752795,nan,0,1
1168109816,1168108685,592905,0.17644167,0.31063086,0.25017723,nan,0,1
1169109806,1169108675,592905,0.18238842,-0.03640132,0.44496116,nan,0,1
1170109795,1170108664,592905,0.11548756,-0.033409644,0.4540209,nan,0,1
1171109796,1171108654,592905,0.09913402,-0.012468077,0.4721403,nan,0,1
1172109798,1172108646,592905,0.09318727,-0.0049889428,0.47063035,nan,0,1
1173109796,1173108645,592905,0.09318727,-0.35351694,0.2924559,nan,0,1
1174109779,1174108645,592905,0.10508076,-0.3041546,0.33322462,nan,0,1
1175109794,1175108645,592905,0.0589935,0.053348415,0.4630806,nan,0,1
1176109795,1176108645,592905,0.026286412,0.08625663,0.4630806,nan,0,1
1177109858,1177108647,592905,0.006959495,0.28370598,0.33322462,nan,0,1
1178109796,1178108645,592905,0.032233156,0.2762268,0.34077442,nan,0,1
1179109794,1179108645,592905,0.04412664,0.26575604,0.354364,nan,0,1
1180109778,1180108647,592905,0.08872721,0.28370598,0.32416493,nan,0,1
1181109792,1181108646,592905,0.026286412,0.2178895,0.39060286,nan,0,1
1182109776,1182108646,592905,-0.00047393204,0.18647712,0.4087223,nan,0,1
1183109801,1183108647,592905,-0.05399462,0.15656058,0.4343915,nan,0,1
1184109796,1184108646,592905,-0.080754966,0.13262728,0.44949102,nan,0,1
1185109795,1185108646,592905,-0.06440142,0.07428998,0.4630806,nan,0,1
1186109789,1186108646,592905,-0.010880733,-0.13063848,0.4661005,nan,0,1
1187109793,1187108646,592905,0.0039861253,-0.13961345,0.46006072,nan,0,1
1188109784,1188108645,592905,0.015879612,-0.15905924,0.45553085,nan,0,1
1189109828,1189108645,592905,-0.00047393204,-0.019947212,0.47365028,nan,0,1
1190109795,1190108646,592905,0.05602013,0.25229356,0.36493367,nan,0,1
1191109795,1191108646,592905,0.042639952,0.13861063,0.4479811,nan,0,1
1192109792,1192108648,592905,-0.034667704,-0.2144049,0.4208019,nan,0,1
1193109801,1193108648,592905,-0.13427565,-0.18747997,0.42231187,nan,0,1
1194109794,1194108647,592905,-0.15360257,-0.15008427,0.4313716,nan,0,1
1195109838,1195108645,592905,-0.104541935,-0.17102586,0.43590143,nan,0,1
1196109794,1196108646,592905,-0.061428048,-0.14559679,0.45704082,nan,0,1
1197109795,1197108646,592905,-0.02574759,-0.1770092,0.4540209,nan,0,1
1198109795,1198108647,592905,0.00249944,-0.42830837,0.08559236,nan,0,1
1199109778,1199108648,592905,0.063453555,-0.42232504,0.10069191,nan,0,1
1200109794,1200108646,592905,0.1006207,-0.15307592,0.4404313,nan,0,1
1201109794,1201108645,592905,0.008446184,-0.13811764,0.4630806,nan,0,1
1202109796,1202108646,592905,-0.05399462,-0.13213432,0.45855075,nan,0,1
1203109794,1203108646,592905,-0.010880733,-0.15008427,0.45251095,nan,0,1
1204109795,1204108650,592905,0.008446184,-0.16354673,0.45855075,nan,0,1
1208109795,1208108646,592905,0.006959495,-0.22487567,0.42231187,nan,0,1
1209109796,1209108660,592905,-0.03169433,-0.1949591,0.4313716,nan,0,1
1210109794,1210108652,592905,-0.092648454,-0.054351266,0.47365028,nan,0,1
1211109798,1211108667,592905,-0.12386885,0.029415112,0.45704082,nan,0,1
1212109793,1212108646,592905,-0.15360257,0.08476079,0.42231187,nan,0,1
1213109815,1213108684,592905,-0.14468245,0.053348415,0.44496116,nan,0,1
1214109798,1214108646,592905,-0.19076972,0.081769116,0.41778204,nan,0,1
1215109811,1215108679,592905,-0.19820313,0.14908138,0.3890929,nan,0,1
1216109794,1216108659,592905,-0.21009661,0.18049382,0.36644363,nan,0,1
1217109777,1217108646,592905,-0.21009661,0.19694793,0.35134408,nan,0,1
1218109794,1218108646,592905,-0.22050343,0.22536863,0.30755544,nan,0,1
1219109793,1219108645,592905,-0.21604337,0.24182273,0.31359527,nan,0,1
1220109794,1220108654,592905,-0.17738953,0.23135199,0.31661516,nan,0,1
1221109802,1221108671,592905,-0.17292948,0.27173933,0.30000567,nan,0,1
1222109821,1222108690,592905,-0.07629491,0.27921847,0.31661516,nan,0,1
1223109779,1223108648,592905,-0.04656119,0.1655355,0.42835167,nan,0,1
1224109792,1224108648,592905,0.067913614,0.021935977,0.48421994,nan,0,1
1225109793,1225108648,592905,0.1006207,0.10420658,0.44345123,nan,0,1
1226109800,1226108668,592905,0.13332778,0.03390263,0.46459055,nan,0,1
1227109795,1227108647,592905,0.11251418,0.003986031,0.4721403,nan,0,1
1228109833,1228108703,592905,0.1006207,0.03390263,0.45855075,nan,0,1
1229109778,1229108648,592905,0.10656744,0.03390263,0.46459055,nan,0,1
1230109812,1230108682,592905,0.09616064,0.029415112,0.47063035,nan,0,1
1231109792,1231108647,592905,0.084267154,-0.31013793,0.3377545,nan,0,1
1233109795,1233108647,592905,0.032233156,0.01894436,0.48421994,nan,0,1
1234109795,1234108648,592905,0.0010127549,0.051852576,0.47063035,nan,0,1
1235109779,1235108648,592905,-0.058454677,0.09373576,0.47063035,nan,0,1
1236109792,1236108648,592905,-0.028720962,0.068306684,0.4630806,nan,0,1
1237109793,1237108647,592905,-0.016827475,0.26126853,0.3755033,nan,0,1
1238109798,1238108647,592905,0.1110275,0.2059229,0.39513272,nan,0,1
1239109796,1239108647,592905,0.114000864,-0.013963857,0.4630806,nan,0,1
1241109781,1241108651,592905,0.04115327,0.25229356,0.3739934,nan,0,1
1242109793,1242108647,592905,0.067913614,0.2059229,0.39966258,nan,0,1
1243109793,1243108647,592905,0.05007338,0.051852576,0.47063035,nan,0,1
1244109795,1244108647,592905,0.05007338,0.0009944125,0.4721403,nan,0,1
1245109796,1245108647,592905,0.08872721,-0.14559679,0.4479811,nan,0,1
1246109794,1246108647,592905,0.1422479,-0.1949591,0.4087223,nan,0,1
1247109779,1247108648,592905,0.087240525,0.0054818694,0.4781801,nan,0,1
1248109793,1248108648,592905,0.03520653,0.19694793,0.4087223,nan,0,1
1249109794,1249108647,592905,0.084267154,0.3016559,0.30000567,nan,0,1
1250109800,1250108647,592905,0.0039861253,0.21340203,0.4087223,nan,0,1
1251109795,1251108647,592905,0.03669321,0.03539847,0.47063035,nan,0,1
1252109796,1252108647,592905,0.08872721,0.15057722,0.4313716,nan,0,1
1253109778,1253108647,592905,0.21063545,0.28221014,0.26678672,nan,0,1
1254109779,1254108648,592905,0.2582094,0.09971906,0.37852323,nan,0,1
1255109793,1255108647,592905,0.12886772,-0.033409644,0.45704082,nan,0,1
1256109779,1256108647,592905,0.020339668,0.04586928,0.4721403,nan,0,1
1257109796,1257108647,592905,-0.010880733,0.041381765,0.4721403,nan,0,1
1258109795,1258108647,592905,-0.03169433,0.09971906,0.451001,nan,0,1
1259109780,1259108648,592905,-0.042101134,0.07129836,0.47063035,nan,0,1
1260109792,1260108647,592905,-0.106028624,0.053348415,0.45251095,nan,0,1
1261109795,1261108647,592905,-0.15360257,0.0054818694,0.4343915,nan,0,1
1262109795,1262108647,592905,-0.16252269,-0.054351266,0.43590143,nan,0,1
1263109795,1263108647,592905,-0.15360257,-0.08725949,0.45553085,nan,0,1
1264109795,1264108647,592905,-0.1595493,-0.066317886,0.45704082,nan,0,1
1265109778,1265108647,592905,-0.19968984,-0.067813694,0.4238218,nan,0,1
1266109796,1266108647,592905,-0.20414989,-0.042384617,0.42986163,nan,0,1
1267109796,1267108646,592905,-0.08224165,-0.103713594,0.46459055,nan,0,1
1268109796,1268108646,592905,-0.104541935,-0.043880455,0.4661005,nan,0,1
1269109777,1269108646,592905,-0.11048868,-0.043880455,0.46006072,nan,0,1
1270109796,1270108646,592905,-0.058454677,-0.11717605,0.45704082,nan,0,1
1271109778,1271108647,592905,-0.030207647,-0.13213432,0.46761045,nan,0,1
1272109796,1272108646,592905,-0.04061445,-0.13811764,0.45855075,nan,0,1
1273109795,1273108647,592905,-0.04358782,-0.27722967,0.39211282,nan,0,1
1274109796,1274108647,592905,0.05304676,-0.31761706,0.33020476,nan,0,1
1275109795,1275108646,592905,0.063453555,-0.19944659,0.44496116,nan,0,1
1276109797,1276108647,592905,0.00249944,-0.112688564,0.46761045,nan,0,1
1277109776,1277108646,592905,-0.07629491,-0.12914267,0.45855075,nan,0,1
1278109795,1278108647,592905,-0.07629491,-0.15008427,0.46459055,nan,0,1
1279109794,1279108646,592905,-0.028720962,-0.03789716,0.47063035,nan,0,1
1280109796,1280108646,592905,0.023313042,0.14309809,0.4404313,nan,0,1
1281109796,1281108647,592905,0.00249944,-0.06482205,0.4721403,nan,0,1
1282109796,1282108647,592905,-0.019800847,-0.230859,0.4208019,nan,0,1
1283109778,1283108647,592905,-0.04358782,-0.18598413,0.43590143,nan,0,1
1284109794,1284108646,592905,-0.06440142,-0.13811764,0.46459055,nan,0,1
1285109803,1285108647,592905,-0.089675084,0.053348415,0.46459055,nan,0,1
1286109796,1286108646,592905,-0.14319576,0.111685716,0.44194126,nan,0,1
1287109798,1287108646,592905,-0.17292948,0.11916485,0.42231187,nan,0,1
1288109796,1288108646,592905,-0.18928301,0.14459392,0.39815262,nan,0,1
1289109778,1289108646,592905,-0.19076972,0.21938534,0.33624455,nan,0,1
1290109794,1290108648,592905,-0.19522977,0.24631025,0.31057537,nan,0,1
1291109792,1291108645,592905,-0.15360257,0.2702435,0.30755544,nan,0,1
1292109795,1292108646,592905,-0.122382164,0.27921847,0.31661516,nan,0,1
1293109798,1293108647,592905,-0.094135135,0.28819343,0.3151052,nan,0,1
1294109798,1294108646,592905,-0.042101134,0.22686447,0.39362276,nan,0,1
1295109781,1295108649,592905,0.030746471,0.029415112,0.47063035,nan,0,1
1296109794,1296108646,592905,0.1110275,0.027919333,0.47365028,nan,0,1
1297109793,1297108646,592905,0.09913402,0.029415112,0.45704082,nan,0,1
1298109795,1298108646,592905,0.08872721,0.04586928,0.47667018,nan,0,1
1299109796,1299108646,592905,0.1006207,0.03390263,0.45251095,nan,0,1
1300109797,1300108645,592905,0.10508076,0.039885923,0.46459055,nan,0,1
1301109777,1301108646,592905,0.09616064,0.026423493,0.4661005,nan,0,1
1302109794,1302108646,592905,0.08872721,0.015952682,0.4721403,nan,0,1
1303109777,1303108646,592905,0.076833725,-0.34304613,0.32416493,nan,0,1
1304109807,1304108647,592905,0.05602013,-0.2936838,0.36795357,nan,0,1
1305109796,1305108646,592905,0.0381799,0.081769116,0.46459055,nan,0,1
1306109796,1306108646,592905,-0.048047878,0.17002301,0.42835167,nan,0,1
1307109787,1307108647,592905,-0.003447304,0.07279414,0.47365028,nan,0,1
1312109796,1312108646,592905,0.06048019,0.14309809,0.45553085,nan,0,1
1313109795,1313108646,592905,0.04412664,0.15207307,0.4343915,nan,0,1
1314109778,1314108646,592905,0.081293784,-0.033409644,0.46761045,nan,0,1
1315109795,1315108648,592905,0.081293784,0.01894436,0.4781801,nan,0,1
1316109848,1316108646,592905,0.08278047,0.012961004,0.46006072,nan,0,1
1317109797,1317108646,592905,0.078320414,-0.27573383,0.36644363,nan,0,1
1318109796,1318108645,592905,0.087240525,-0.23983398,0.4057024,nan,0,1
1319109796,1319108647,592905,0.04115327,0.054844193,0.47969007,nan,0,1
1320109812,1320108646,592905,0.011419554,0.1655355,0.44496116,nan,0,1
1321109796,1321108646,592905,-0.04656119,0.13412312,0.4540209,nan,0,1
1322109855,1322108646,592905,-0.001960617,0.07428998,0.46006072,nan,0,1
1323109795,1323108646,592905,0.03520653,0.18348545,0.4268417,nan,0,1
1324109796,1324108646,592905,0.1422479,0.2911851,0.29396588,nan,0,1
1325109797,1325108648,592905,0.17644167,0.12664399,0.4117422,nan,0,1
1326109779,1326108648,592905,0.11846092,-0.05135959,0.451001,nan,0,1
1327109796,1327108646,592905,0.08575384,0.17002301,0.41627207,nan,0,1
1328109881,1328108662,592905,0.084267154,0.18348545,0.4147621,nan,0,1
1329109798,1329108646,592905,0.05453344,0.18049382,0.4208019,nan,0,1
1330109795,1330108656,592905,0.032233156,0.12963566,0.44345123,nan,0,1
1331109798,1331108667,592905,0.023313042,0.17151885,0.44345123,nan,0,1
1332109778,1332108647,592905,-0.010880733,0.11916485,0.451001,nan,0,1
1333109795,1333108646,592905,-0.003447304,0.10719819,0.44496116,nan,0,1
1334109864,1334108681,592905,-0.034667704,0.111685716,0.45251095,nan,0,1
1335109795,1335108646,592905,-0.061428048,0.11916485,0.451001,nan,0,1
1336109809,1336108678,592905,-0.059941363,0.012961004,0.48120004,nan,0,1
1337109801,1337108669,592905,-0.06440142,-0.057342917,0.47063035,nan,0,1
1338109778,1338108646,592905,-0.055481307,-0.1560676,0.4540209,nan,0,1
1339109795,1339108648,592905,-0.05399462,-0.15307592,0.44496116,nan,0,1
1340109805,1340108673,592905,-0.04061445,-0.14110929,0.46459055,nan,0,1
1341109799,1341108647,592905,-0.052507933,-0.1560676,0.4540209,nan,0,1
1342109798,1342108665,592905,-0.052507933,-0.17551336,0.4540209,nan,0,1
1343109803,1343108672,592905,-0.048047878,-0.18149668,0.4374114,nan,0,1
1344109778,1344108647,592905,-0.04656119,-0.0992261,0.46761045,nan,0,1
1345109794,1345108647,592905,-0.074808225,-0.060334563,0.48120004,nan,0,1
1346109791,1346108646,592905,-0.073321536,-0.039392937,0.48120004,nan,0,1
1347109833,1347108703,592905,-0.092648454,-0.060334563,0.46459055,nan,0,1
1348109795,1348108648,592905,-0.101568565,-0.118671864,0.45251095,nan,0,1
1349109836,1349108704,592905,-0.094135135,-0.066317886,0.4721403,nan,0,1
1350109777,1350108646,592905,-0.11792211,-0.12465519,0.44949102,nan,0,1
1351109792,1351108646,592905,-0.091161765,0.054844193,0.46006072,nan,0,1
1352109793,1352108647,592905,-0.101568565,0.057835873,0.46459055,nan,0,1
1353109798,1353108646,592905,-0.12832892,0.113181554,0.4343915,nan,0,1
1354109795,1354108646,592905,-0.18779635,0.12664399,0.4117422,nan,0,1
1355109796,1355108646,592905,-0.21604337,0.1760063,0.35889384,nan,0,1
1356109777,1356108646,592905,-0.21604337,0.23883112,0.32114503,nan,0,1
1357109793,1357108646,592905,-0.16400936,0.28520176,0.28792605,nan,0,1
1358109792,1358108646,592905,-0.06440142,0.2911851,0.3030256,nan,0,1
1359109798,1359108647,592905,0.012906239,0.28520176,0.3377545,nan,0,1
1360109796,1360108646,592905,0.08872721,0.28819343,0.31812513,nan,0,1
1361109802,1361108646,592905,0.08872721,-0.027426347,0.45704082,nan,0,1
1362109777,1362108646,592905,0.09616064,0.009969386,0.47969007,nan,0,1
1363109793,1363108646,592905,0.08872721,0.012961004,0.4661005,nan,0,1
1364109792,1364108646,592905,0.087240525,0.024927655,0.47365028,nan,0,1
1365109797,1365108646,592905,0.081293784,0.008473547,0.47365028,nan,0,1
1366109795,1366108646,592905,0.10656744,0.014456843,0.47365028,nan,0,1
1367109795,1367108646,592905,0.12292098,0.015952682,0.4630806,nan,0,1
1368109777,1368108646,592905,0.12738106,-0.0064847223,0.4721403,nan,0,1
1369109793,1369108647,592905,0.11846092,0.003986031,0.47969007,nan,0,1
1370109792,1370108647,592905,0.063453555,0.020440139,0.47063035,nan,0,1
1371109796,1371108646,592905,0.076833725,0.026423493,0.4721403,nan,0,1
1375109793,1375108646,592905,0.078320414,0.014456843,0.46761045,nan,0,1
1376109794,1376108646,592905,0.09318727,-0.05135959,0.47667018,nan,0,1
1377109797,1377108645,592905,0.076833725,-0.05135959,0.47969007,nan,0,1
1378109795,1378108646,592905,0.10656744,-0.112688564,0.45553085,nan,0,1
1379109796,1379108646,592905,0.09616064,-0.057342917,0.47667018,nan,0,1
1380109778,1380108647,592905,0.12738106,-0.0992261,0.45855075,nan,0,1
1381109793,1381108648,592905,0.12292098,-0.097730264,0.451001,nan,0,1
1382109794,1382108646,592905,0.12292098,-0.07828451,0.46459055,nan,0,1
1383109795,1383108646,592905,0.12440769,-0.012468077,0.4721403,nan,0,1
1384109795,1384108646,592905,0.14819466,-0.057342917,0.4630806,nan,0,1
1385109794,1385108646,592905,0.1630615,-0.08725949,0.45251095,nan,0,1
1386109779,1386108648,592905,0.14670795,-0.07080538,0.46761045,nan,0,1
1387109794,1387108646,592905,0.13184111,-0.033409644,0.4661005,nan,0,1
1388109793,1388108647,592905,0.14819466,0.009969386,0.45704082,nan,0,1
1389109796,1389108646,592905,0.17049494,0.012961004,0.4540209,nan,0,1
1390109797,1390108646,592905,0.17495501,-0.007980561,0.4540209,nan,0,1
1391109795,1391108647,592905,0.20914878,0.0024902513,0.44345123,nan,0,1
1392109777,1392108646,592905,0.18684849,-0.012468077,0.4540209,nan,0,1
1393109795,1393108649,592905,0.16008814,-0.007980561,0.4540209,nan,0,1
1394109792,1394108646,592905,0.17941506,-0.042384617,0.45251095,nan,0,1
1395109795,1395108646,592905,0.1422479,-0.042384617,0.4630806,nan,0,1
1396109796,1396108646,592905,0.13184111,-0.04088878,0.4661005,nan,0,1
1397109795,1397108646,592905,0.14968134,-0.0842678,0.45553085,nan,0,1
1398109779,1398108648,592905,0.14819466,-0.027426347,0.4540209,nan,0,1
1399109795,1399108646,592905,0.15414141,-0.02144305,0.45704082,nan,0,1
1400109792,1400108646,592905,0.16752155,-0.024434669,0.47063035,nan,0,1
1401109800,1401108646,592905,0.13035442,-0.019947212,0.4630806,nan,0,1
1402109796,1402108647,592905,0.11994762,-0.013963857,0.46761045,nan,0,1
1403109796,1403108646,592905,0.12738106,-0.019947212,0.45553085,nan,0,1
1404109777,1404108646,592905,0.11846092,-0.02144305,0.45553085,nan,0,1
1405109796,1405108646,592905,0.108054124,0.003986031,0.4540209,nan,0,1
