timestamp,armed_time_ms,armed,prearmed,ready_to_arm,lockdown,manual_lockdown,force_failsafe,in_esc_calibration_mode,soft_stop
31084964,31084,1,1,1,0,0,0,0,0
31595669,31084,1,1,1,0,0,0,0,0
32101686,31084,1,1,1,0,0,0,0,0
32607696,31084,1,1,1,0,0,0,0,0
33113697,31084,1,1,1,0,0,0,0,0
33619671,31084,1,1,1,0,0,0,0,0
34125670,31084,1,1,1,0,0,0,0,0
34631671,31084,1,1,1,0,0,0,0,0
35137713,31084,1,1,1,0,0,0,0,0
35643672,31084,1,1,1,0,0,0,0,0
36149671,31084,1,1,1,0,0,0,0,0
36655690,31084,1,1,1,0,0,0,0,0
37161672,31084,1,1,1,0,0,0,0,0
37667817,31084,1,1,1,0,0,0,0,0
38173670,31084,1,1,1,0,0,0,0,0
38679669,31084,1,1,1,0,0,0,0,0
39185670,31084,1,1,1,0,0,0,0,0
39691761,31084,1,1,1,0,0,0,0,0
40198191,31084,1,1,1,0,0,0,0,0
40703683,31084,1,1,1,0,0,0,0,0
41209855,31084,1,1,1,0,0,0,0,0
41715669,31084,1,1,1,0,0,0,0,0
42221698,31084,1,1,1,0,0,0,0,0
42727710,31084,1,1,1,0,0,0,0,0
43233669,31084,1,1,1,0,0,0,0,0
43739669,31084,1,1,1,0,0,0,0,0
44245680,31084,1,1,1,0,0,0,0,0
44751670,31084,1,1,1,0,0,0,0,0
45257669,31084,1,1,1,0,0,0,0,0
45763669,31084,1,1,1,0,0,0,0,0
46269667,31084,1,1,1,0,0,0,0,0
46775707,31084,1,1,1,0,0,0,0,0
47281694,31084,1,1,1,0,0,0,0,0
47787718,31084,1,1,1,0,0,0,0,0
48293669,31084,1,1,1,0,0,0,0,0
48799692,31084,1,1,1,0,0,0,0,0
49305671,31084,1,1,1,0,0,0,0,0
49811672,31084,1,1,1,0,0,0,0,0
50317674,31084,1,1,1,0,0,0,0,0
50405695,31084,1,1,1,0,0,0,0,0
50911695,31084,1,1,1,0,0,0,0,0
52935671,31084,1,1,1,0,0,0,0,0
53441718,31084,1,1,1,0,0,0,0,0
53948008,31084,1,1,1,0,0,0,0,0
54453668,31084,1,1,1,0,0,0,0,0
54959670,31084,1,1,1,0,0,0,0,0
55465669,31084,1,1,1,0,0,0,0,0
55971668,31084,1,1,1,0,0,0,0,0
56280107,31084,1,1,1,0,0,0,0,1
56785670,31084,1,1,1,0,0,0,0,1
57291668,31084,1,1,1,0,0,0,0,1
57797693,31084,1,1,1,0,0,0,0,1
58303670,31084,1,1,1,0,0,0,0,1
58809718,31084,1,1,1,0,0,0,0,1
59315671,31084,1,1,1,0,0,0,0,1
59821666,31084,1,1,1,0,0,0,0,1
60327718,31084,1,1,1,0,0,0,0,1
60833669,31084,1,1,1,0,0,0,0,1
61339670,31084,1,1,1,0,0,0,0,1
61845671,31084,1,1,1,0,0,0,0,1
62351707,31084,1,1,1,0,0,0,0,1
62857669,31084,1,1,1,0,0,0,0,1
63363685,31084,1,1,1,0,0,0,0,1
63869740,31084,1,1,1,0,0,0,0,1
64375710,31084,1,1,1,0,0,0,0,1
64881682,31084,1,1,1,0,0,0,0,1
65387710,31084,1,1,1,0,0,0,0,1
65893670,31084,1,1,1,0,0,0,0,1
66399669,31084,1,1,1,0,0,0,0,1
66906036,31084,1,1,1,0,0,0,0,1
67411670,31084,1,1,1,0,0,0,0,1
67917722,31084,1,1,1,0,0,0,0,1
68423682,31084,1,1,1,0,0,0,0,1
68929670,31084,1,1,1,0,0,0,0,1
69435669,31084,1,1,1,0,0,0,0,1
69941743,31084,1,1,1,0,0,0,0,1
70447712,31084,1,1,1,0,0,0,0,1
70953672,31084,1,1,1,0,0,0,0,1
71459683,31084,1,1,1,0,0,0,0,1
71965670,31084,1,1,1,0,0,0,0,1
72471680,31084,1,1,1,0,0,0,0,1
72977694,31084,1,1,1,0,0,0,0,1
73483704,31084,1,1,1,0,0,0,0,1
73989686,31084,1,1,1,0,0,0,0,1
74495683,31084,1,1,1,0,0,0,0,1
75001669,31084,1,1,1,0,0,0,0,1
75507718,31084,1,1,1,0,0,0,0,1
76013669,31084,1,1,1,0,0,0,0,1
76519669,31084,1,1,1,0,0,0,0,1
77025733,31084,1,1,1,0,0,0,0,1
77531680,31084,1,1,1,0,0,0,0,1
78037720,31084,1,1,1,0,0,0,0,1
78543669,31084,1,1,1,0,0,0,0,1
79049672,31084,1,1,1,0,0,0,0,1
79555689,31084,1,1,1,0,0,0,0,1
80061764,31084,1,1,1,0,0,0,0,1
80567971,31084,1,1,1,0,0,0,0,1
81073669,31084,1,1,1,0,0,0,0,1
81579682,31084,1,1,1,0,0,0,0,1
82085669,31084,1,1,1,0,0,0,0,1
82591669,31084,1,1,1,0,0,0,0,1
83097705,31084,1,1,1,0,0,0,0,1
83603670,31084,1,1,1,0,0,0,0,1
84109671,31084,1,1,1,0,0,0,0,1
84615667,31084,1,1,1,0,0,0,0,1
85121683,31084,1,1,1,0,0,0,0,1
85627712,31084,1,1,1,0,0,0,0,1
86133668,31084,1,1,1,0,0,0,0,1
86639670,31084,1,1,1,0,0,0,0,1
87145694,31084,1,1,1,0,0,0,0,1
87651668,31084,1,1,1,0,0,0,0,1
88157709,31084,1,1,1,0,0,0,0,1
88663671,31084,1,1,1,0,0,0,0,1
89169692,31084,1,1,1,0,0,0,0,1
89675670,31084,1,1,1,0,0,0,0,1
90181668,31084,1,1,1,0,0,0,0,1
90687672,31084,1,1,1,0,0,0,0,1
91193666,31084,1,1,1,0,0,0,0,1
91699669,31084,1,1,1,0,0,0,0,1
92205671,31084,1,1,1,0,0,0,0,1
92711669,31084,1,1,1,0,0,0,0,1
93217956,31084,1,1,1,0,0,0,0,1
93723740,31084,1,1,1,0,0,0,0,1
94229835,31084,1,1,1,0,0,0,0,1
94735669,31084,1,1,1,0,0,0,0,1
95242086,31084,1,1,1,0,0,0,0,1
95747670,31084,1,1,1,0,0,0,0,1
96253685,31084,1,1,1,0,0,0,0,1
96759696,31084,1,1,1,0,0,0,0,1
97265670,31084,1,1,1,0,0,0,0,1
97771682,31084,1,1,1,0,0,0,0,1
98277693,31084,1,1,1,0,0,0,0,1
98783693,31084,1,1,1,0,0,0,0,1
99289673,31084,1,1,1,0,0,0,0,1
99795669,31084,1,1,1,0,0,0,0,1
100301695,31084,1,1,1,0,0,0,0,1
100807717,31084,1,1,1,0,0,0,0,1
101313669,31084,1,1,1,0,0,0,0,1
101819705,31084,1,1,1,0,0,0,0,1
102325715,31084,1,1,1,0,0,0,0,1
102831688,31084,1,1,1,0,0,0,0,1
103337670,31084,1,1,1,0,0,0,0,1
103843670,31084,1,1,1,0,0,0,0,1
104349671,31084,1,1,1,0,0,0,0,1
104855748,31084,1,1,1,0,0,0,0,1
105361669,31084,1,1,1,0,0,0,0,1
105867695,31084,1,1,1,0,0,0,0,1
106373670,31084,1,1,1,0,0,0,0,1
106879927,31084,1,1,1,0,0,0,0,1
107385712,31084,1,1,1,0,0,0,0,1
107891916,31084,1,1,1,0,0,0,0,1
108397698,31084,1,1,1,0,0,0,0,1
108903668,31084,1,1,1,0,0,0,0,1
109409670,31084,1,1,1,0,0,0,0,1
109915670,31084,1,1,1,0,0,0,0,1
110421667,31084,1,1,1,0,0,0,0,1
110927709,31084,1,1,1,0,0,0,0,1
111433670,31084,1,1,1,0,0,0,0,1
111939669,31084,1,1,1,0,0,0,0,1
112445668,31084,1,1,1,0,0,0,0,1
112951670,31084,1,1,1,0,0,0,0,1
113457696,31084,1,1,1,0,0,0,0,1
118011684,31084,1,1,1,0,0,0,0,1
118517714,31084,1,1,1,0,0,0,0,1
119023669,31084,1,1,1,0,0,0,0,1
119529668,31084,1,1,1,0,0,0,0,1
120035670,31084,1,1,1,0,0,0,0,1
120542396,31084,1,1,1,0,0,0,0,1
121047694,31084,1,1,1,0,0,0,0,1
121553882,31084,1,1,1,0,0,0,0,1
122059687,31084,1,1,1,0,0,0,0,1
122565670,31084,1,1,1,0,0,0,0,1
123071668,31084,1,1,1,0,0,0,0,1
123577695,31084,1,1,1,0,0,0,0,1
124083680,31084,1,1,1,0,0,0,0,1
124589669,31084,1,1,1,0,0,0,0,1
125095671,31084,1,1,1,0,0,0,0,1
125601668,31084,1,1,1,0,0,0,0,1
126107695,31084,1,1,1,0,0,0,0,1
126613670,31084,1,1,1,0,0,0,0,1
127119668,31084,1,1,1,0,0,0,0,1
127625669,31084,1,1,1,0,0,0,0,1
128131684,31084,1,1,1,0,0,0,0,1
128637729,31084,1,1,1,0,0,0,0,1
129143668,31084,1,1,1,0,0,0,0,1
129649689,31084,1,1,1,0,0,0,0,1
130155673,31084,1,1,1,0,0,0,0,1
130661673,31084,1,1,1,0,0,0,0,1
131167668,31084,1,1,1,0,0,0,0,1
131673695,31084,1,1,1,0,0,0,0,1
132179674,31084,1,1,1,0,0,0,0,1
132685691,31084,1,1,1,0,0,0,0,1
133191669,31084,1,1,1,0,0,0,0,1
133697694,31084,1,1,1,0,0,0,0,1
134203930,31084,1,1,1,0,0,0,0,1
134709669,31084,1,1,1,0,0,0,0,1
135215708,31084,1,1,1,0,0,0,0,1
135721667,31084,1,1,1,0,0,0,0,1
136227668,31084,1,1,1,0,0,0,0,1
136733685,31084,1,1,1,0,0,0,0,1
137239902,31084,1,1,1,0,0,0,0,1
137745669,31084,1,1,1,0,0,0,0,1
138251669,31084,1,1,1,0,0,0,0,1
138757713,31084,1,1,1,0,0,0,0,1
139263684,31084,1,1,1,0,0,0,0,1
139769685,31084,1,1,1,0,0,0,0,1
140275670,31084,1,1,1,0,0,0,0,1
140780690,31084,1,1,1,0,0,0,0,1
141286670,31084,1,1,1,0,0,0,0,1
141792669,31084,1,1,1,0,0,0,0,1
142298874,31084,1,1,1,0,0,0,0,1
142804667,31084,1,1,1,0,0,0,0,1
143310671,31084,1,1,1,0,0,0,0,1
143816669,31084,1,1,1,0,0,0,0,1
144322694,31084,1,1,1,0,0,0,0,1
144828685,31084,1,1,1,0,0,0,0,1
145334669,31084,1,1,1,0,0,0,0,1
145840669,31084,1,1,1,0,0,0,0,1
146346700,31084,1,1,1,0,0,0,0,1
146852715,31084,1,1,1,0,0,0,0,1
147358670,31084,1,1,1,0,0,0,0,1
147864669,31084,1,1,1,0,0,0,0,1
148370714,31084,1,1,1,0,0,0,0,1
148876670,31084,1,1,1,0,0,0,0,1
149382670,31084,1,1,1,0,0,0,0,1
149888710,31084,1,1,1,0,0,0,0,1
150394670,31084,1,1,1,0,0,0,0,1
150900675,31084,1,1,1,0,0,0,0,1
151406669,31084,1,1,1,0,0,0,0,1
151912694,31084,1,1,1,0,0,0,0,1
152418687,31084,1,1,1,0,0,0,0,1
152925499,31084,1,1,1,0,0,0,0,1
153430668,31084,1,1,1,0,0,0,0,1
153936676,31084,1,1,1,0,0,0,0,1
154442712,31084,1,1,1,0,0,0,0,1
154948737,31084,1,1,1,0,0,0,0,1
155454668,31084,1,1,1,0,0,0,0,1
155960670,31084,1,1,1,0,0,0,0,1
156466668,31084,1,1,1,0,0,0,0,1
156972695,31084,1,1,1,0,0,0,0,1
157478668,31084,1,1,1,0,0,0,0,1
157984669,31084,1,1,1,0,0,0,0,1
158490669,31084,1,1,1,0,0,0,0,1
158996671,31084,1,1,1,0,0,0,0,1
159502720,31084,1,1,1,0,0,0,0,1
160008684,31084,1,1,1,0,0,0,0,1
162538669,31084,1,1,1,0,0,0,0,1
163044669,31084,1,1,1,0,0,0,0,1
163550670,31084,1,1,1,0,0,0,0,1
164056695,31084,1,1,1,0,0,0,0,1
164562694,31084,1,1,1,0,0,0,0,1
165068685,31084,1,1,1,0,0,0,0,1
165574682,31084,1,1,1,0,0,0,0,1
166080764,31084,1,1,1,0,0,0,0,1
166586816,31084,1,1,1,0,0,0,0,1
167092694,31084,1,1,1,0,0,0,0,1
167598671,31084,1,1,1,0,0,0,0,1
168104683,31084,1,1,1,0,0,0,0,1
168610669,31084,1,1,1,0,0,0,0,1
169116686,31084,1,1,1,0,0,0,0,1
169622853,31084,1,1,1,0,0,0,0,1
170128685,31084,1,1,1,0,0,0,0,1
170634669,31084,1,1,1,0,0,0,0,1
171140668,31084,1,1,1,0,0,0,0,1
171646670,31084,1,1,1,0,0,0,0,1
172152694,31084,1,1,1,0,0,0,0,1
172658670,31084,1,1,1,0,0,0,0,1
173164694,31084,1,1,1,0,0,0,0,1
173670670,31084,1,1,1,0,0,0,0,1
174176683,31084,1,1,1,0,0,0,0,1
174682726,31084,1,1,1,0,0,0,0,1
175188724,31084,1,1,1,0,0,0,0,1
175694695,31084,1,1,1,0,0,0,0,1
176200671,31084,1,1,1,0,0,0,0,1
176706670,31084,1,1,1,0,0,0,0,1
177212749,31084,1,1,1,0,0,0,0,1
177718686,31084,1,1,1,0,0,0,0,1
178224670,31084,1,1,1,0,0,0,0,1
178730670,31084,1,1,1,0,0,0,0,1
179236670,31084,1,1,1,0,0,0,0,1
179742786,31084,1,1,1,0,0,0,0,1
180248979,31084,1,1,1,0,0,0,0,1
180754669,31084,1,1,1,0,0,0,0,1
181260761,31084,1,1,1,0,0,0,0,1
181766669,31084,1,1,1,0,0,0,0,1
182272696,31084,1,1,1,0,0,0,0,1
182778668,31084,1,1,1,0,0,0,0,1
183284670,31084,1,1,1,0,0,0,0,1
183790665,31084,1,1,1,0,0,0,0,1
184296669,31084,1,1,1,0,0,0,0,1
184802693,31084,1,1,1,0,0,0,0,1
185308704,31084,1,1,1,0,0,0,0,1
185814684,31084,1,1,1,0,0,0,0,1
186320712,31084,1,1,1,0,0,0,0,1
186826691,31084,1,1,1,0,0,0,0,1
187332710,31084,1,1,1,0,0,0,0,1
187838669,31084,1,1,1,0,0,0,0,1
188344671,31084,1,1,1,0,0,0,0,1
188850710,31084,1,1,1,0,0,0,0,1
189356669,31084,1,1,1,0,0,0,0,1
189862669,31084,1,1,1,0,0,0,0,1
190368686,31084,1,1,1,0,0,0,0,1
190874694,31084,1,1,1,0,0,0,0,1
191380702,31084,1,1,1,0,0,0,0,1
191886705,31084,1,1,1,0,0,0,0,1
192392694,31084,1,1,1,0,0,0,0,1
192899527,31084,1,1,1,0,0,0,0,1
193404723,31084,1,1,1,0,0,0,0,1
193910903,31084,1,1,1,0,0,0,0,1
194416669,31084,1,1,1,0,0,0,0,1
194922714,31084,1,1,1,0,0,0,0,1
195428686,31084,1,1,1,0,0,0,0,1
195934685,31084,1,1,1,0,0,0,0,1
196440686,31084,1,1,1,0,0,0,0,1
196946696,31084,1,1,1,0,0,0,0,1
197452693,31084,1,1,1,0,0,0,0,1
197958665,31084,1,1,1,0,0,0,0,1
198464668,31084,1,1,1,0,0,0,0,1
198970671,31084,1,1,1,0,0,0,0,1
199476669,31084,1,1,1,0,0,0,0,1
199982715,31084,1,1,1,0,0,0,0,1
200489653,31084,1,1,1,0,0,0,0,1
200995653,31084,1,1,1,0,0,0,0,1
201502359,31084,1,1,1,0,0,0,0,1
202007654,31084,1,1,1,0,0,0,0,1
202513811,31084,1,1,1,0,0,0,0,1
203019661,31084,1,1,1,0,0,0,0,1
203525652,31084,1,1,1,0,0,0,0,1
204031652,31084,1,1,1,0,0,0,0,1
204537652,31084,1,1,1,0,0,0,0,1
205043652,31084,1,1,1,0,0,0,0,1
205549652,31084,1,1,1,0,0,0,0,1
206055667,31084,1,1,1,0,0,0,0,1
206561670,31084,1,1,1,0,0,0,0,1
207067694,31084,1,1,1,0,0,0,0,1
207573667,31084,1,1,1,0,0,0,0,1
208079679,31084,1,1,1,0,0,0,0,1
208585652,31084,1,1,1,0,0,0,0,1
209091668,31084,1,1,1,0,0,0,0,1
209597710,31084,1,1,1,0,0,0,0,1
210103674,31084,1,1,1,0,0,0,0,1
210609652,31084,1,1,1,0,0,0,0,1
211115652,31084,1,1,1,0,0,0,0,1
211621652,31084,1,1,1,0,0,0,0,1
212127653,31084,1,1,1,0,0,0,0,1
212633654,31084,1,1,1,0,0,0,0,1
213139653,31084,1,1,1,0,0,0,0,1
213645653,31084,1,1,1,0,0,0,0,1
214151652,31084,1,1,1,0,0,0,0,1
214657767,31084,1,1,1,0,0,0,0,1
215163751,31084,1,1,1,0,0,0,0,1
215669653,31084,1,1,1,0,0,0,0,1
216175652,31084,1,1,1,0,0,0,0,1
216681652,31084,1,1,1,0,0,0,0,1
217187694,31084,1,1,1,0,0,0,0,1
217693668,31084,1,1,1,0,0,0,0,1
218199729,31084,1,1,1,0,0,0,0,1
218705653,31084,1,1,1,0,0,0,0,1
219205669,31084,1,1,1,0,0,0,0,1
219711669,31084,1,1,1,0,0,0,0,1
220217697,31084,1,1,1,0,0,0,0,1
220723756,31084,1,1,1,0,0,0,0,1
221229976,31084,1,1,1,0,0,0,0,1
221735670,31084,1,1,1,0,0,0,0,1
222242023,31084,1,1,1,0,0,0,0,1
222747669,31084,1,1,1,0,0,0,0,1
223253684,31084,1,1,1,0,0,0,0,1
227301669,31084,1,1,1,0,0,0,0,1
227807718,31084,1,1,1,0,0,0,0,1
228313674,31084,1,1,1,0,0,0,0,1
228819708,31084,1,1,1,0,0,0,0,1
229325672,31084,1,1,1,0,0,0,0,1
229831671,31084,1,1,1,0,0,0,0,1
230337669,31084,1,1,1,0,0,0,0,1
230843670,31084,1,1,1,0,0,0,0,1
231349670,31084,1,1,1,0,0,0,0,1
231855697,31084,1,1,1,0,0,0,0,1
232361670,31084,1,1,1,0,0,0,0,1
232867695,31084,1,1,1,0,0,0,0,1
233373681,31084,1,1,1,0,0,0,0,1
233880439,31084,1,1,1,0,0,0,0,1
234385729,31084,1,1,1,0,0,0,0,1
234892066,31084,1,1,1,0,0,0,0,1
235397715,31084,1,1,1,0,0,0,0,1
235903669,31084,1,1,1,0,0,0,0,1
236409671,31084,1,1,1,0,0,0,0,1
236915670,31084,1,1,1,0,0,0,0,1
237421669,31084,1,1,1,0,0,0,0,1
237927696,31084,1,1,1,0,0,0,0,1
238433667,31084,1,1,1,0,0,0,0,1
238939669,31084,1,1,1,0,0,0,0,1
239445669,31084,1,1,1,0,0,0,0,1
239951669,31084,1,1,1,0,0,0,0,1
240457694,31084,1,1,1,0,0,0,0,1
240963701,31084,1,1,1,0,0,0,0,1
241469670,31084,1,1,1,0,0,0,0,1
241975670,31084,1,1,1,0,0,0,0,1
242481670,31084,1,1,1,0,0,0,0,1
242987719,31084,1,1,1,0,0,0,0,1
243493669,31084,1,1,1,0,0,0,0,1
243999669,31084,1,1,1,0,0,0,0,1
244505675,31084,1,1,1,0,0,0,0,1
245011686,31084,1,1,1,0,0,0,0,1
245517730,31084,1,1,1,0,0,0,0,1
246023668,31084,1,1,1,0,0,0,0,1
246529686,31084,1,1,1,0,0,0,0,1
247035671,31084,1,1,1,0,0,0,0,1
247542421,31084,1,1,1,0,0,0,0,1
248047700,31084,1,1,1,0,0,0,0,1
248553702,31084,1,1,1,0,0,0,0,1
249059689,31084,1,1,1,0,0,0,0,1
249565670,31084,1,1,1,0,0,0,0,1
250071668,31084,1,1,1,0,0,0,0,1
250577694,31084,1,1,1,0,0,0,0,1
251083667,31084,1,1,1,0,0,0,0,1
251589685,31084,1,1,1,0,0,0,0,1
252095669,31084,1,1,1,0,0,0,0,1
252601669,31084,1,1,1,0,0,0,0,1
253107693,31084,1,1,1,0,0,0,0,1
253613669,31084,1,1,1,0,0,0,0,1
254119668,31084,1,1,1,0,0,0,0,1
254625677,31084,1,1,1,0,0,0,0,1
255131669,31084,1,1,1,0,0,0,0,1
255637712,31084,1,1,1,0,0,0,0,1
256143668,31084,1,1,1,0,0,0,0,1
256649723,31084,1,1,1,0,0,0,0,1
257155669,31084,1,1,1,0,0,0,0,1
257661668,31084,1,1,1,0,0,0,0,1
258167670,31084,1,1,1,0,0,0,0,1
258673692,31084,1,1,1,0,0,0,0,1
259179722,31084,1,1,1,0,0,0,0,1
259685670,31084,1,1,1,0,0,0,0,1
260191691,31084,1,1,1,0,0,0,0,1
260697695,31084,1,1,1,0,0,0,0,1
261203841,31084,1,1,1,0,0,0,0,1
261709669,31084,1,1,1,0,0,0,0,1
262215820,31084,1,1,1,0,0,0,0,1
262721688,31084,1,1,1,0,0,0,0,1
263227694,31084,1,1,1,0,0,0,0,1
263733688,31084,1,1,1,0,0,0,0,1
264239668,31084,1,1,1,0,0,0,0,1
264745669,31084,1,1,1,0,0,0,0,1
265251666,31084,1,1,1,0,0,0,0,1
265757692,31084,1,1,1,0,0,0,0,1
266263670,31084,1,1,1,0,0,0,0,1
266769669,31084,1,1,1,0,0,0,0,1
267275670,31084,1,1,1,0,0,0,0,1
267781696,31084,1,1,1,0,0,0,0,1
268287735,31084,1,1,1,0,0,0,0,1
268793683,31084,1,1,1,0,0,0,0,1
269299670,31084,1,1,1,0,0,0,0,1
269805693,31084,1,1,1,0,0,0,0,1
270311667,31084,1,1,1,0,0,0,0,1
270817668,31084,1,1,1,0,0,0,0,1
271323681,31084,1,1,1,0,0,0,0,1
271829670,31084,1,1,1,0,0,0,0,1
272335713,31084,1,1,1,0,0,0,0,1
272841668,31084,1,1,1,0,0,0,0,1
273347695,31084,1,1,1,0,0,0,0,1
273853669,31084,1,1,1,0,0,0,0,1
274359761,31084,1,1,1,0,0,0,0,1
274865805,31084,1,1,1,0,0,0,0,1
275371669,31084,1,1,1,0,0,0,0,1
275878285,31084,1,1,1,0,0,0,0,1
276383668,31084,1,1,1,0,0,0,0,1
276889670,31084,1,1,1,0,0,0,0,1
277395715,31084,1,1,1,0,0,0,0,1
277901708,31084,1,1,1,0,0,0,0,1
278407695,31084,1,1,1,0,0,0,0,1
278913671,31084,1,1,1,0,0,0,0,1
279419682,31084,1,1,1,0,0,0,0,1
279925668,31084,1,1,1,0,0,0,0,1
280431670,31084,1,1,1,0,0,0,0,1
280937695,31084,1,1,1,0,0,0,0,1
281443686,31084,1,1,1,0,0,0,0,1
281949671,31084,1,1,1,0,0,0,0,1
282455687,31084,1,1,1,0,0,0,0,1
282961669,31084,1,1,1,0,0,0,0,1
283467670,31084,1,1,1,0,0,0,0,1
283973682,31084,1,1,1,0,0,0,0,1
284479669,31084,1,1,1,0,0,0,0,1
284985670,31084,1,1,1,0,0,0,0,1
285491670,31084,1,1,1,0,0,0,0,1
285997696,31084,1,1,1,0,0,0,0,1
286503669,31084,1,1,1,0,0,0,0,1
287009674,31084,1,1,1,0,0,0,0,1
287515906,31084,1,1,1,0,0,0,0,1
288021737,31084,1,1,1,0,0,0,0,1
289033697,31084,1,1,1,0,0,0,0,1
289540068,31084,1,1,1,0,0,0,0,1
290045683,31084,1,1,1,0,0,0,0,1
290551684,31084,1,1,1,0,0,0,0,1
291057693,31084,1,1,1,0,0,0,0,1
291563673,31084,1,1,1,0,0,0,0,1
292069669,31084,1,1,1,0,0,0,0,1
292575669,31084,1,1,1,0,0,0,0,1
293081668,31084,1,1,1,0,0,0,0,1
293587694,31084,1,1,1,0,0,0,0,1
294093668,31084,1,1,1,0,0,0,0,1
294599698,31084,1,1,1,0,0,0,0,1
295105667,31084,1,1,1,0,0,0,0,1
296623717,31084,1,1,1,0,0,0,0,1
297129670,31084,1,1,1,0,0,0,0,1
297635671,31084,1,1,1,0,0,0,0,1
298141671,31084,1,1,1,0,0,0,0,1
298647669,31084,1,1,1,0,0,0,0,1
299153695,31084,1,1,1,0,0,0,0,1
299659668,31084,1,1,1,0,0,0,0,1
300165670,31084,1,1,1,0,0,0,0,1
300671670,31084,1,1,1,0,0,0,0,1
301178481,31084,1,1,1,0,0,0,0,1
301683696,31084,1,1,1,0,0,0,0,1
302189720,31084,1,1,1,0,0,0,0,1
302695691,31084,1,1,1,0,0,0,0,1
303201818,31084,1,1,1,0,0,0,0,1
303707697,31084,1,1,1,0,0,0,0,1
304213671,31084,1,1,1,0,0,0,0,1
304719678,31084,1,1,1,0,0,0,0,1
305225670,31084,1,1,1,0,0,0,0,1
305731670,31084,1,1,1,0,0,0,0,1
306237696,31084,1,1,1,0,0,0,0,1
306743670,31084,1,1,1,0,0,0,0,1
307249669,31084,1,1,1,0,0,0,0,1
307755670,31084,1,1,1,0,0,0,0,1
308261742,31084,1,1,1,0,0,0,0,1
308767717,31084,1,1,1,0,0,0,0,1
309273667,31084,1,1,1,0,0,0,0,1
309779685,31084,1,1,1,0,0,0,0,1
310285715,31084,1,1,1,0,0,0,0,1
310791668,31084,1,1,1,0,0,0,0,1
311297669,31084,1,1,1,0,0,0,0,1
311803670,31084,1,1,1,0,0,0,0,1
312309733,31084,1,1,1,0,0,0,0,1
312815720,31084,1,1,1,0,0,0,0,1
313321669,31084,1,1,1,0,0,0,0,1
313827694,31084,1,1,1,0,0,0,0,1
314333670,31084,1,1,1,0,0,0,0,1
314840141,31084,1,1,1,0,0,0,0,1
315346652,31084,1,1,1,0,0,0,0,1
315852652,31084,1,1,1,0,0,0,0,1
316358655,31084,1,1,1,0,0,0,0,1
316864652,31084,1,1,1,0,0,0,0,1
317370653,31084,1,1,1,0,0,0,0,1
317876653,31084,1,1,1,0,0,0,0,1
318382669,31084,1,1,1,0,0,0,0,1
318888670,31084,1,1,1,0,0,0,0,1
319394652,31084,1,1,1,0,0,0,0,1
319900690,31084,1,1,1,0,0,0,0,1
320406653,31084,1,1,1,0,0,0,0,1
320912676,31084,1,1,1,0,0,0,0,1
321418652,31084,1,1,1,0,0,0,0,1
321924680,31084,1,1,1,0,0,0,0,1
322431071,31084,1,1,1,0,0,0,0,1
322936705,31084,1,1,1,0,0,0,0,1
323443250,31084,1,1,1,0,0,0,0,1
323948671,31084,1,1,1,0,0,0,0,1
324454652,31084,1,1,1,0,0,0,0,1
324960654,31084,1,1,1,0,0,0,0,1
325466652,31084,1,1,1,0,0,0,0,1
325972676,31084,1,1,1,0,0,0,0,1
326478652,31084,1,1,1,0,0,0,0,1
326984669,31084,1,1,1,0,0,0,0,1
327490653,31084,1,1,1,0,0,0,0,1
327996654,31084,1,1,1,0,0,0,0,1
328502654,31084,1,1,1,0,0,0,0,1
329008670,31084,1,1,1,0,0,0,0,1
329514678,31084,1,1,1,0,0,0,0,1
330020655,31084,1,1,1,0,0,0,0,1
330526652,31084,1,1,1,0,0,0,0,1
331032649,31084,1,1,1,0,0,0,0,1
331538717,31084,1,1,1,0,0,0,0,1
332044652,31084,1,1,1,0,0,0,0,1
332550652,31084,1,1,1,0,0,0,0,1
333056666,31084,1,1,1,0,0,0,0,1
336598666,31084,1,1,1,0,0,0,0,1
337104715,31084,1,1,1,0,0,0,0,1
337610652,31084,1,1,1,0,0,0,0,1
338116653,31084,1,1,1,0,0,0,0,1
338622655,31084,1,1,1,0,0,0,0,1
339128664,31084,1,1,1,0,0,0,0,1
339634652,31084,1,1,1,0,0,0,0,1
340140716,31084,1,1,1,0,0,0,0,1
340646651,31084,1,1,1,0,0,0,0,1
341152652,31084,1,1,1,0,0,0,0,1
341658652,31084,1,1,1,0,0,0,0,1
342164652,31084,1,1,1,0,0,0,0,1
342670651,31084,1,1,1,0,0,0,0,1
343176666,31084,1,1,1,0,0,0,0,1
343682654,31084,1,1,1,0,0,0,0,1
344188707,31084,1,1,1,0,0,0,0,1
344694668,31084,1,1,1,0,0,0,0,1
345200711,31084,1,1,1,0,0,0,0,1
345706668,31084,1,1,1,0,0,0,0,1
346212657,31084,1,1,1,0,0,0,0,1
346718652,31084,1,1,1,0,0,0,0,1
347224655,31084,1,1,1,0,0,0,0,1
347730660,31084,1,1,1,0,0,0,0,1
348236649,31084,1,1,1,0,0,0,0,1
348742655,31084,1,1,1,0,0,0,0,1
349248671,31084,1,1,1,0,0,0,0,1
349755090,31084,1,1,1,0,0,0,0,1
350260653,31084,1,1,1,0,0,0,0,1
350766670,31084,1,1,1,0,0,0,0,1
351272698,31084,1,1,1,0,0,0,0,1
351778956,31084,1,1,1,0,0,0,0,1
352284652,31084,1,1,1,0,0,0,0,1
352790649,31084,1,1,1,0,0,0,0,1
353296652,31084,1,1,1,0,0,0,0,1
353802653,31084,1,1,1,0,0,0,0,1
354308671,31084,1,1,1,0,0,0,0,1
354814680,31084,1,1,1,0,0,0,0,1
355320715,31084,1,1,1,0,0,0,0,1
355826669,31084,1,1,1,0,0,0,0,1
356332653,31084,1,1,1,0,0,0,0,1
356838651,31084,1,1,1,0,0,0,0,1
357344653,31084,1,1,1,0,0,0,0,1
357850653,31084,1,1,1,0,0,0,0,1
358356651,31084,1,1,1,0,0,0,0,1
358862671,31084,1,1,1,0,0,0,0,1
359368671,31084,1,1,1,0,0,0,0,1
359874652,31084,1,1,1,0,0,0,0,1
360380653,31084,1,1,1,0,0,0,0,1
360886681,31084,1,1,1,0,0,0,0,1
361392654,31084,1,1,1,0,0,0,0,1
361898652,31084,1,1,1,0,0,0,0,1
362404649,31084,1,1,1,0,0,0,0,1
362910747,31084,1,1,1,0,0,0,0,1
363416833,31084,1,1,1,0,0,0,0,1
363922678,31084,1,1,1,0,0,0,0,1
364428673,31084,1,1,1,0,0,0,0,1
364934651,31084,1,1,1,0,0,0,0,1
365440910,31084,1,1,1,0,0,0,0,1
365946671,31084,1,1,1,0,0,0,0,1
366452678,31084,1,1,1,0,0,0,0,1
366958668,31084,1,1,1,0,0,0,0,1
367464669,31084,1,1,1,0,0,0,0,1
367970670,31084,1,1,1,0,0,0,0,1
368476652,31084,1,1,1,0,0,0,0,1
368982676,31084,1,1,1,0,0,0,0,1
369488672,31084,1,1,1,0,0,0,0,1
369994679,31084,1,1,1,0,0,0,0,1
370500652,31084,1,1,1,0,0,0,0,1
371006653,31084,1,1,1,0,0,0,0,1
371512654,31084,1,1,1,0,0,0,0,1
372018676,31084,1,1,1,0,0,0,0,1
372524654,31084,1,1,1,0,0,0,0,1
373030652,31084,1,1,1,0,0,0,0,1
373536651,31084,1,1,1,0,0,0,0,1
374042674,31084,1,1,1,0,0,0,0,1
374548673,31084,1,1,1,0,0,0,0,1
375054652,31084,1,1,1,0,0,0,0,1
375560652,31084,1,1,1,0,0,0,0,1
376066653,31084,1,1,1,0,0,0,0,1
376572771,31084,1,1,1,0,0,0,0,1
377078796,31084,1,1,1,0,0,0,0,1
377584669,31084,1,1,1,0,0,0,0,1
378090653,31084,1,1,1,0,0,0,0,1
378596652,31084,1,1,1,0,0,0,0,1
379102977,31084,1,1,1,0,0,0,0,1
379608673,31084,1,1,1,0,0,0,0,1
380114651,31084,1,1,1,0,0,0,0,1
380620686,31084,1,1,1,0,0,0,0,1
381126653,31084,1,1,1,0,0,0,0,1
381632653,31084,1,1,1,0,0,0,0,1
382138652,31084,1,1,1,0,0,0,0,1
382644650,31084,1,1,1,0,0,0,0,1
383150653,31084,1,1,1,0,0,0,0,1
383656651,31084,1,1,1,0,0,0,0,1
384162652,31084,1,1,1,0,0,0,0,1
384668670,31084,1,1,1,0,0,0,0,1
385174651,31084,1,1,1,0,0,0,0,1
385680653,31084,1,1,1,0,0,0,0,1
386186654,31084,1,1,1,0,0,0,0,1
386692651,31084,1,1,1,0,0,0,0,1
387198653,31084,1,1,1,0,0,0,0,1
387704677,31084,1,1,1,0,0,0,0,1
388210702,31084,1,1,1,0,0,0,0,1
388716651,31084,1,1,1,0,0,0,0,1
389222654,31084,1,1,1,0,0,0,0,1
389728877,31084,1,1,1,0,0,0,0,1
390234695,31084,1,1,1,0,0,0,0,1
390741203,31084,1,1,1,0,0,0,0,1
391246649,31084,1,1,1,0,0,0,0,1
394788670,31084,1,1,1,0,0,0,0,1
395294661,31084,1,1,1,0,0,0,0,1
395800651,31084,1,1,1,0,0,0,0,1
396306652,31084,1,1,1,0,0,0,0,1
396812656,31084,1,1,1,0,0,0,0,1
397318651,31084,1,1,1,0,0,0,0,1
397824652,31084,1,1,1,0,0,0,0,1
398330652,31084,1,1,1,0,0,0,0,1
398836699,31084,1,1,1,0,0,0,0,1
399342651,31084,1,1,1,0,0,0,0,1
399848672,31084,1,1,1,0,0,0,0,1
400354668,31084,1,1,1,0,0,0,0,1
400860669,31084,1,1,1,0,0,0,0,1
401366664,31084,1,1,1,0,0,0,0,1
401872653,31084,1,1,1,0,0,0,0,1
402378651,31084,1,1,1,0,0,0,0,1
402884652,31084,1,1,1,0,0,0,0,1
403391004,31084,1,1,1,0,0,0,0,1
403896653,31084,1,1,1,0,0,0,0,1
404403133,31084,1,1,1,0,0,0,0,1
404908717,31084,1,1,1,0,0,0,0,1
405414655,31084,1,1,1,0,0,0,0,1
405920649,31084,1,1,1,0,0,0,0,1
406426652,31084,1,1,1,0,0,0,0,1
406932652,31084,1,1,1,0,0,0,0,1
407438651,31084,1,1,1,0,0,0,0,1
407944652,31084,1,1,1,0,0,0,0,1
408450653,31084,1,1,1,0,0,0,0,1
408956658,31084,1,1,1,0,0,0,0,1
409462652,31084,1,1,1,0,0,0,0,1
409968671,31084,1,1,1,0,0,0,0,1
410474653,31084,1,1,1,0,0,0,0,1
410980669,31084,1,1,1,0,0,0,0,1
411486652,31084,1,1,1,0,0,0,0,1
411992653,31084,1,1,1,0,0,0,0,1
412498676,31084,1,1,1,0,0,0,0,1
413004652,31084,1,1,1,0,0,0,0,1
413510681,31084,1,1,1,0,0,0,0,1
414016708,31084,1,1,1,0,0,0,0,1
414522652,31084,1,1,1,0,0,0,0,1
415028671,31084,1,1,1,0,0,0,0,1
415534653,31084,1,1,1,0,0,0,0,1
416040652,31084,1,1,1,0,0,0,0,1
416546652,31084,1,1,1,0,0,0,0,1
417053125,31084,1,1,1,0,0,0,0,1
417558652,31084,1,1,1,0,0,0,0,1
418064659,31084,1,1,1,0,0,0,0,1
418570672,31084,1,1,1,0,0,0,0,1
419076681,31084,1,1,1,0,0,0,0,1
419582693,31084,1,1,1,0,0,0,0,1
420088671,31084,1,1,1,0,0,0,0,1
420594653,31084,1,1,1,0,0,0,0,1
421100651,31084,1,1,1,0,0,0,0,1
421606652,31084,1,1,1,0,0,0,0,1
422112694,31084,1,1,1,0,0,0,0,1
422618669,31084,1,1,1,0,0,0,0,1
423124665,31084,1,1,1,0,0,0,0,1
423630701,31084,1,1,1,0,0,0,0,1
424136686,31084,1,1,1,0,0,0,0,1
424642651,31084,1,1,1,0,0,0,0,1
425148671,31084,1,1,1,0,0,0,0,1
425654676,31084,1,1,1,0,0,0,0,1
426160651,31084,1,1,1,0,0,0,0,1
426666651,31084,1,1,1,0,0,0,0,1
427172666,31084,1,1,1,0,0,0,0,1
427678665,31084,1,1,1,0,0,0,0,1
428184683,31084,1,1,1,0,0,0,0,1
428690652,31084,1,1,1,0,0,0,0,1
429196653,31084,1,1,1,0,0,0,0,1
429703386,31084,1,1,1,0,0,0,0,1
430208755,31084,1,1,1,0,0,0,0,1
430714823,31084,1,1,1,0,0,0,0,1
431220653,31084,1,1,1,0,0,0,0,1
431726669,31084,1,1,1,0,0,0,0,1
432232651,31084,1,1,1,0,0,0,0,1
432738866,31084,1,1,1,0,0,0,0,1
433244684,31084,1,1,1,0,0,0,0,1
433750670,31084,1,1,1,0,0,0,0,1
434256683,31084,1,1,1,0,0,0,0,1
434762696,31084,1,1,1,0,0,0,0,1
435268670,31084,1,1,1,0,0,0,0,1
435774652,31084,1,1,1,0,0,0,0,1
436280665,31084,1,1,1,0,0,0,0,1
436786651,31084,1,1,1,0,0,0,0,1
437292694,31084,1,1,1,0,0,0,0,1
437798652,31084,1,1,1,0,0,0,0,1
438304652,31084,1,1,1,0,0,0,0,1
438810651,31084,1,1,1,0,0,0,0,1
439316670,31084,1,1,1,0,0,0,0,1
439822652,31084,1,1,1,0,0,0,0,1
440328670,31084,1,1,1,0,0,0,0,1
440834653,31084,1,1,1,0,0,0,0,1
441340652,31084,1,1,1,0,0,0,0,1
441846652,31084,1,1,1,0,0,0,0,1
442352653,31084,1,1,1,0,0,0,0,1
442858652,31084,1,1,1,0,0,0,0,1
446400971,31084,1,1,1,0,0,0,0,1
446906652,31084,1,1,1,0,0,0,0,1
447412653,31084,1,1,1,0,0,0,0,1
447918652,31084,1,1,1,0,0,0,0,1
448424670,31084,1,1,1,0,0,0,0,1
448930651,31084,1,1,1,0,0,0,0,1
449436653,31084,1,1,1,0,0,0,0,1
449942679,31084,1,1,1,0,0,0,0,1
450448670,31084,1,1,1,0,0,0,0,1
450954652,31084,1,1,1,0,0,0,0,1
451460653,31084,1,1,1,0,0,0,0,1
451966652,31084,1,1,1,0,0,0,0,1
452472653,31084,1,1,1,0,0,0,0,1
452978654,31084,1,1,1,0,0,0,0,1
453484653,31084,1,1,1,0,0,0,0,1
453990659,31084,1,1,1,0,0,0,0,1
454496668,31084,1,1,1,0,0,0,0,1
455002716,31084,1,1,1,0,0,0,0,1
455508686,31084,1,1,1,0,0,0,0,1
456014659,31084,1,1,1,0,0,0,0,1
456520653,31084,1,1,1,0,0,0,0,1
457026909,31084,1,1,1,0,0,0,0,1
457532699,31084,1,1,1,0,0,0,0,1
458039307,31084,1,1,1,0,0,0,0,1
458544651,31084,1,1,1,0,0,0,0,1
459050654,31084,1,1,1,0,0,0,0,1
459556651,31084,1,1,1,0,0,0,0,1
460062651,31084,1,1,1,0,0,0,0,1
460568670,31084,1,1,1,0,0,0,0,1
461074651,31084,1,1,1,0,0,0,0,1
461580670,31084,1,1,1,0,0,0,0,1
462086653,31084,1,1,1,0,0,0,0,1
462592648,31084,1,1,1,0,0,0,0,1
463098653,31084,1,1,1,0,0,0,0,1
463604652,31084,1,1,1,0,0,0,0,1
464110674,31084,1,1,1,0,0,0,0,1
464616653,31084,1,1,1,0,0,0,0,1
465122654,31084,1,1,1,0,0,0,0,1
465628671,31084,1,1,1,0,0,0,0,1
466134731,31084,1,1,1,0,0,0,0,1
466640670,31084,1,1,1,0,0,0,0,1
467146652,31084,1,1,1,0,0,0,0,1
467652652,31084,1,1,1,0,0,0,0,1
468158653,31084,1,1,1,0,0,0,0,1
468664657,31084,1,1,1,0,0,0,0,1
469170652,31084,1,1,1,0,0,0,0,1
469676653,31084,1,1,1,0,0,0,0,1
470182654,31084,1,1,1,0,0,0,0,1
470688876,31084,1,1,1,0,0,0,0,1
471194651,31084,1,1,1,0,0,0,0,1
471701143,31084,1,1,1,0,0,0,0,1
472206671,31084,1,1,1,0,0,0,0,1
472713027,31084,1,1,1,0,0,0,0,1
473218705,31084,1,1,1,0,0,0,0,1
473724652,31084,1,1,1,0,0,0,0,1
474230652,31084,1,1,1,0,0,0,0,1
474736652,31084,1,1,1,0,0,0,0,1
475242676,31084,1,1,1,0,0,0,0,1
475748673,31084,1,1,1,0,0,0,0,1
476254652,31084,1,1,1,0,0,0,0,1
476760652,31084,1,1,1,0,0,0,0,1
477266703,31084,1,1,1,0,0,0,0,1
477772729,31084,1,1,1,0,0,0,0,1
478278649,31084,1,1,1,0,0,0,0,1
478784652,31084,1,1,1,0,0,0,0,1
479290652,31084,1,1,1,0,0,0,0,1
479796664,31084,1,1,1,0,0,0,0,1
480302653,31084,1,1,1,0,0,0,0,1
480808671,31084,1,1,1,0,0,0,0,1
481314652,31084,1,1,1,0,0,0,0,1
481820704,31084,1,1,1,0,0,0,0,1
482326650,31084,1,1,1,0,0,0,0,1
483338653,31084,1,1,1,0,0,0,0,1
483844747,31084,1,1,1,0,0,0,0,1
484351031,31084,1,1,1,0,0,0,0,1
484856653,31084,1,1,1,0,0,0,0,1
485363147,31084,1,1,1,0,0,0,0,1
485868685,31084,1,1,1,0,0,0,0,1
486374652,31084,1,1,1,0,0,0,0,1
486880653,31084,1,1,1,0,0,0,0,1
487386653,31084,1,1,1,0,0,0,0,1
487892651,31084,1,1,1,0,0,0,0,1
488398653,31084,1,1,1,0,0,0,0,1
488904651,31084,1,1,1,0,0,0,0,1
489410657,31084,1,1,1,0,0,0,0,1
489916652,31084,1,1,1,0,0,0,0,1
490422654,31084,1,1,1,0,0,0,0,1
490928695,31084,1,1,1,0,0,0,0,1
491434652,31084,1,1,1,0,0,0,0,1
491940653,31084,1,1,1,0,0,0,0,1
492446652,31084,1,1,1,0,0,0,0,1
492952652,31084,1,1,1,0,0,0,0,1
493458650,31084,1,1,1,0,0,0,0,1
493964652,31084,1,1,1,0,0,0,0,1
494470696,31084,1,1,1,0,0,0,0,1
494976652,31084,1,1,1,0,0,0,0,1
498012831,31084,1,1,1,0,0,0,0,1
498518654,31084,1,1,1,0,0,0,0,1
499024670,31084,1,1,1,0,0,0,0,1
499530668,31084,1,1,1,0,0,0,0,1
500036652,31084,1,1,1,0,0,0,0,1
500542654,31084,1,1,1,0,0,0,0,1
501048663,31084,1,1,1,0,0,0,0,1
501554651,31084,1,1,1,0,0,0,0,1
502060651,31084,1,1,1,0,0,0,0,1
502566653,31084,1,1,1,0,0,0,0,1
503072690,31084,1,1,1,0,0,0,0,1
503578651,31084,1,1,1,0,0,0,0,1
504084652,31084,1,1,1,0,0,0,0,1
504590652,31084,1,1,1,0,0,0,0,1
505096652,31084,1,1,1,0,0,0,0,1
505602691,31084,1,1,1,0,0,0,0,1
506108673,31084,1,1,1,0,0,0,0,1
506614653,31084,1,1,1,0,0,0,0,1
507120652,31084,1,1,1,0,0,0,0,1
507626653,31084,1,1,1,0,0,0,0,1
508132652,31084,1,1,1,0,0,0,0,1
508638678,31084,1,1,1,0,0,0,0,1
509144653,31084,1,1,1,0,0,0,0,1
509650652,31084,1,1,1,0,0,0,0,1
510156652,31084,1,1,1,0,0,0,0,1
510662654,31084,1,1,1,0,0,0,0,1
511168717,31084,1,1,1,0,0,0,0,1
511674810,31084,1,1,1,0,0,0,0,1
512180651,31084,1,1,1,0,0,0,0,1
512686652,31084,1,1,1,0,0,0,0,1
513192652,31084,1,1,1,0,0,0,0,1
513698883,31084,1,1,1,0,0,0,0,1
514204653,31084,1,1,1,0,0,0,0,1
514710652,31084,1,1,1,0,0,0,0,1
515216687,31084,1,1,1,0,0,0,0,1
515722678,31084,1,1,1,0,0,0,0,1
516228671,31084,1,1,1,0,0,0,0,1
516734651,31084,1,1,1,0,0,0,0,1
517240652,31084,1,1,1,0,0,0,0,1
517746686,31084,1,1,1,0,0,0,0,1
518252651,31084,1,1,1,0,0,0,0,1
518758652,31084,1,1,1,0,0,0,0,1
519264669,31084,1,1,1,0,0,0,0,1
519770699,31084,1,1,1,0,0,0,0,1
520276652,31084,1,1,1,0,0,0,0,1
520782665,31084,1,1,1,0,0,0,0,1
521288673,31084,1,1,1,0,0,0,0,1
521794652,31084,1,1,1,0,0,0,0,1
522300691,31084,1,1,1,0,0,0,0,1
522806670,31084,1,1,1,0,0,0,0,1
523312698,31084,1,1,1,0,0,0,0,1
523818656,31084,1,1,1,0,0,0,0,1
524324923,31084,1,1,1,0,0,0,0,1
524830693,31084,1,1,1,0,0,0,0,1
525336707,31084,1,1,1,0,0,0,0,1
525842652,31084,1,1,1,0,0,0,0,1
526348703,31084,1,1,1,0,0,0,0,1
526854652,31084,1,1,1,0,0,0,0,1
527360652,31084,1,1,1,0,0,0,0,1
527866653,31084,1,1,1,0,0,0,0,1
528372652,31084,1,1,1,0,0,0,0,1
528878652,31084,1,1,1,0,0,0,0,1
529384651,31084,1,1,1,0,0,0,0,1
529890652,31084,1,1,1,0,0,0,0,1
530396652,31084,1,1,1,0,0,0,0,1
530902653,31084,1,1,1,0,0,0,0,1
531408677,31084,1,1,1,0,0,0,0,1
531914653,31084,1,1,1,0,0,0,0,1
532420652,31084,1,1,1,0,0,0,0,1
532926676,31084,1,1,1,0,0,0,0,1
533432670,31084,1,1,1,0,0,0,0,1
533938672,31084,1,1,1,0,0,0,0,1
534444673,31084,1,1,1,0,0,0,0,1
534950654,31084,1,1,1,0,0,0,0,1
535456651,31084,1,1,1,0,0,0,0,1
535962654,31084,1,1,1,0,0,0,0,1
536468670,31084,1,1,1,0,0,0,0,1
536974663,31084,1,1,1,0,0,0,0,1
537480653,31084,1,1,1,0,0,0,0,1
537986832,31084,1,1,1,0,0,0,0,1
538492652,31084,1,1,1,0,0,0,0,1
538999203,31084,1,1,1,0,0,0,0,1
539504666,31084,1,1,1,0,0,0,0,1
540010652,31084,1,1,1,0,0,0,0,1
540516652,31084,1,1,1,0,0,0,0,1
541022915,31084,1,1,1,0,0,0,0,1
541528672,31084,1,1,1,0,0,0,0,1
542034652,31084,1,1,1,0,0,0,0,1
542540651,31084,1,1,1,0,0,0,0,1
543046652,31084,1,1,1,0,0,0,0,1
543552653,31084,1,1,1,0,0,0,0,1
544058667,31084,1,1,1,0,0,0,0,1
544564695,31084,1,1,1,0,0,0,0,1
545070653,31084,1,1,1,0,0,0,0,1
545576652,31084,1,1,1,0,0,0,0,1
546082651,31084,1,1,1,0,0,0,0,1
546588690,31084,1,1,1,0,0,0,0,1
550130652,31084,1,1,1,0,0,0,0,1
550636672,31084,1,1,1,0,0,0,0,1
551142655,31084,1,1,1,0,0,0,0,1
551649167,31084,1,1,1,0,0,0,0,1
552154652,31084,1,1,1,0,0,0,0,1
552661175,31084,1,1,1,0,0,0,0,1
553166672,31084,1,1,1,0,0,0,0,1
553672691,31084,1,1,1,0,0,0,0,1
554178673,31084,1,1,1,0,0,0,0,1
554684652,31084,1,1,1,0,0,0,0,1
555190668,31084,1,1,1,0,0,0,0,1
555696670,31084,1,1,1,0,0,0,0,1
556202653,31084,1,1,1,0,0,0,0,1
556708670,31084,1,1,1,0,0,0,0,1
557214652,31084,1,1,1,0,0,0,0,1
557720652,31084,1,1,1,0,0,0,0,1
558226675,31084,1,1,1,0,0,0,0,1
558732652,31084,1,1,1,0,0,0,0,1
559238699,31084,1,1,1,0,0,0,0,1
559744652,31084,1,1,1,0,0,0,0,1
560250674,31084,1,1,1,0,0,0,0,1
560756652,31084,1,1,1,0,0,0,0,1
561262652,31084,1,1,1,0,0,0,0,1
561768670,31084,1,1,1,0,0,0,0,1
562274653,31084,1,1,1,0,0,0,0,1
562780706,31084,1,1,1,0,0,0,0,1
563286652,31084,1,1,1,0,0,0,0,1
563792654,31084,1,1,1,0,0,0,0,1
564298654,31084,1,1,1,0,0,0,0,1
564804722,31084,1,1,1,0,0,0,0,1
565310887,31084,1,1,1,0,0,0,0,1
565816653,31084,1,1,1,0,0,0,0,1
566323059,31084,1,1,1,0,0,0,0,1
566828704,31084,1,1,1,0,0,0,0,1
567334671,31084,1,1,1,0,0,0,0,1
567840651,31084,1,1,1,0,0,0,0,1
568346652,31084,1,1,1,0,0,0,0,1
568852652,31084,1,1,1,0,0,0,0,1
569358652,31084,1,1,1,0,0,0,0,1
569864649,31084,1,1,1,0,0,0,0,1
570370651,31084,1,1,1,0,0,0,0,1
570876652,31084,1,1,1,0,0,0,0,1
571382715,31084,1,1,1,0,0,0,0,1
571888685,31084,1,1,1,0,0,0,0,1
572394655,31084,1,1,1,0,0,0,0,1
572900652,31084,1,1,1,0,0,0,0,1
573406652,31084,1,1,1,0,0,0,0,1
573912654,31084,1,1,1,0,0,0,0,1
574418653,31084,1,1,1,0,0,0,0,1
574924651,31084,1,1,1,0,0,0,0,1
575430652,31084,1,1,1,0,0,0,0,1
575936680,31084,1,1,1,0,0,0,0,1
576442676,31084,1,1,1,0,0,0,0,1
576948688,31084,1,1,1,0,0,0,0,1
577454669,31084,1,1,1,0,0,0,0,1
577961370,31084,1,1,1,0,0,0,0,1
578466681,31084,1,1,1,0,0,0,0,1
578972915,31084,1,1,1,0,0,0,0,1
579478652,31084,1,1,1,0,0,0,0,1
579985057,31084,1,1,1,0,0,0,0,1
580490652,31084,1,1,1,0,0,0,0,1
580996653,31084,1,1,1,0,0,0,0,1
581502654,31084,1,1,1,0,0,0,0,1
582008670,31084,1,1,1,0,0,0,0,1
582514652,31084,1,1,1,0,0,0,0,1
583020652,31084,1,1,1,0,0,0,0,1
583526652,31084,1,1,1,0,0,0,0,1
584032677,31084,1,1,1,0,0,0,0,1
584538652,31084,1,1,1,0,0,0,0,1
585044676,31084,1,1,1,0,0,0,0,1
585550655,31084,1,1,1,0,0,0,0,1
586056653,31084,1,1,1,0,0,0,0,1
586562719,31084,1,1,1,0,0,0,0,1
587068713,31084,1,1,1,0,0,0,0,1
587574652,31084,1,1,1,0,0,0,0,1
588080670,31084,1,1,1,0,0,0,0,1
588586668,31084,1,1,1,0,0,0,0,1
589092652,31084,1,1,1,0,0,0,0,1
589598679,31084,1,1,1,0,0,0,0,1
590104651,31084,1,1,1,0,0,0,0,1
590610654,31084,1,1,1,0,0,0,0,1
591116653,31084,1,1,1,0,0,0,0,1
591622895,31084,1,1,1,0,0,0,0,1
592128705,31084,1,1,1,0,0,0,0,1
592634716,31084,1,1,1,0,0,0,0,1
593140672,31084,1,1,1,0,0,0,0,1
593646651,31084,1,1,1,0,0,0,0,1
594152652,31084,1,1,1,0,0,0,0,1
594658653,31084,1,1,1,0,0,0,0,1
595164651,31084,1,1,1,0,0,0,0,1
595670652,31084,1,1,1,0,0,0,0,1
596176652,31084,1,1,1,0,0,0,0,1
596682677,31084,1,1,1,0,0,0,0,1
597188670,31084,1,1,1,0,0,0,0,1
597694649,31084,1,1,1,0,0,0,0,1
598200652,31084,1,1,1,0,0,0,0,1
598706651,31084,1,1,1,0,0,0,0,1
599212712,31084,1,1,1,0,0,0,0,1
599718668,31084,1,1,1,0,0,0,0,1
600224667,31084,1,1,1,0,0,0,0,1
600730681,31084,1,1,1,0,0,0,0,1
601236652,31084,1,1,1,0,0,0,0,1
601742653,31084,1,1,1,0,0,0,0,1
602248670,31084,1,1,1,0,0,0,0,1
602754680,31084,1,1,1,0,0,0,0,1
603260654,31084,1,1,1,0,0,0,0,1
603766652,31084,1,1,1,0,0,0,0,1
604272653,31084,1,1,1,0,0,0,0,1
604778654,31084,1,1,1,0,0,0,0,1
605284832,31084,1,1,1,0,0,0,0,1
605790664,31084,1,1,1,0,0,0,0,1
606296667,31084,1,1,1,0,0,0,0,1
606802699,31084,1,1,1,0,0,0,0,1
607308670,31084,1,1,1,0,0,0,0,1
607814652,31084,1,1,1,0,0,0,0,1
608320888,31084,1,1,1,0,0,0,0,1
608826652,31084,1,1,1,0,0,0,0,1
609332678,31084,1,1,1,0,0,0,0,1
609838652,31084,1,1,1,0,0,0,0,1
610344671,31084,1,1,1,0,0,0,0,1
610850666,31084,1,1,1,0,0,0,0,1
611356651,31084,1,1,1,0,0,0,0,1
611862656,31084,1,1,1,0,0,0,0,1
612368672,31084,1,1,1,0,0,0,0,1
612874651,31084,1,1,1,0,0,0,0,1
613380653,31084,1,1,1,0,0,0,0,1
613886675,31084,1,1,1,0,0,0,0,1
614392652,31084,1,1,1,0,0,0,0,1
614898653,31084,1,1,1,0,0,0,0,1
615404652,31084,1,1,1,0,0,0,0,1
615910656,31084,1,1,1,0,0,0,0,1
616416692,31084,1,1,1,0,0,0,0,1
616922653,31084,1,1,1,0,0,0,0,1
617428671,31084,1,1,1,0,0,0,0,1
617934652,31084,1,1,1,0,0,0,0,1
618440744,31084,1,1,1,0,0,0,0,1
618946778,31084,1,1,1,0,0,0,0,1
619452653,31084,1,1,1,0,0,0,0,1
619959170,31084,1,1,1,0,0,0,0,1
620464652,31084,1,1,1,0,0,0,0,1
620970669,31084,1,1,1,0,0,0,0,1
621476668,31084,1,1,1,0,0,0,0,1
621982758,31084,1,1,1,0,0,0,0,1
622488672,31084,1,1,1,0,0,0,0,1
622994648,31084,1,1,1,0,0,0,0,1
627042718,31084,1,1,1,0,0,0,0,1
627548684,31084,1,1,1,0,0,0,0,1
628054651,31084,1,1,1,0,0,0,0,1
628560654,31084,1,1,1,0,0,0,0,1
629066652,31084,1,1,1,0,0,0,0,1
629572653,31084,1,1,1,0,0,0,0,1
630078653,31084,1,1,1,0,0,0,0,1
630584653,31084,1,1,1,0,0,0,0,1
631090652,31084,1,1,1,0,0,0,0,1
631596653,31084,1,1,1,0,0,0,0,1
632102757,31084,1,1,1,0,0,0,0,1
632608913,31084,1,1,1,0,0,0,0,1
633114669,31084,1,1,1,0,0,0,0,1
633621101,31084,1,1,1,0,0,0,0,1
634126653,31084,1,1,1,0,0,0,0,1
634632652,31084,1,1,1,0,0,0,0,1
635138652,31084,1,1,1,0,0,0,0,1
635644652,31084,1,1,1,0,0,0,0,1
636150651,31084,1,1,1,0,0,0,0,1
636656652,31084,1,1,1,0,0,0,0,1
637162653,31084,1,1,1,0,0,0,0,1
637668671,31084,1,1,1,0,0,0,0,1
638174651,31084,1,1,1,0,0,0,0,1
638680679,31084,1,1,1,0,0,0,0,1
639186670,31084,1,1,1,0,0,0,0,1
639692652,31084,1,1,1,0,0,0,0,1
640198652,31084,1,1,1,0,0,0,0,1
641210651,31084,1,1,1,0,0,0,0,1
641716652,31084,1,1,1,0,0,0,0,1
642222653,31084,1,1,1,0,0,0,0,1
642728671,31084,1,1,1,0,0,0,0,1
643234679,31084,1,1,1,0,0,0,0,1
643740652,31084,1,1,1,0,0,0,0,1
644246670,31084,1,1,1,0,0,0,0,1
644752694,31084,1,1,1,0,0,0,0,1
645259219,31084,1,1,1,0,0,0,0,1
645764666,31084,1,1,1,0,0,0,0,1
646270843,31084,1,1,1,0,0,0,0,1
646776674,31084,1,1,1,0,0,0,0,1
647283031,31084,1,1,1,0,0,0,0,1
647788672,31084,1,1,1,0,0,0,0,1
648294651,31084,1,1,1,0,0,0,0,1
648800651,31084,1,1,1,0,0,0,0,1
649306653,31084,1,1,1,0,0,0,0,1
649812694,31084,1,1,1,0,0,0,0,1
650318652,31084,1,1,1,0,0,0,0,1
650824654,31084,1,1,1,0,0,0,0,1
651330654,31084,1,1,1,0,0,0,0,1
651836651,31084,1,1,1,0,0,0,0,1
652342652,31084,1,1,1,0,0,0,0,1
652848671,31084,1,1,1,0,0,0,0,1
653354651,31084,1,1,1,0,0,0,0,1
653860652,31084,1,1,1,0,0,0,0,1
654366697,31084,1,1,1,0,0,0,0,1
654872651,31084,1,1,1,0,0,0,0,1
655378670,31084,1,1,1,0,0,0,0,1
655884669,31084,1,1,1,0,0,0,0,1
656390653,31084,1,1,1,0,0,0,0,1
656896652,31084,1,1,1,0,0,0,0,1
657402653,31084,1,1,1,0,0,0,0,1
657908671,31084,1,1,1,0,0,0,0,1
658414812,31084,1,1,1,0,0,0,0,1
658920997,31084,1,1,1,0,0,0,0,1
659426670,31084,1,1,1,0,0,0,0,1
659932657,31084,1,1,1,0,0,0,0,1
660438667,31084,1,1,1,0,0,0,0,1
660944932,31084,1,1,1,0,0,0,0,1
661450652,31084,1,1,1,0,0,0,0,1
661956652,31084,1,1,1,0,0,0,0,1
662462653,31084,1,1,1,0,0,0,0,1
662968672,31084,1,1,1,0,0,0,0,1
663474669,31084,1,1,1,0,0,0,0,1
663980651,31084,1,1,1,0,0,0,0,1
664486651,31084,1,1,1,0,0,0,0,1
664992654,31084,1,1,1,0,0,0,0,1
665498653,31084,1,1,1,0,0,0,0,1
666004669,31084,1,1,1,0,0,0,0,1
666510670,31084,1,1,1,0,0,0,0,1
667016669,31084,1,1,1,0,0,0,0,1
667522708,31084,1,1,1,0,0,0,0,1
668028680,31084,1,1,1,0,0,0,0,1
668534652,31084,1,1,1,0,0,0,0,1
669040671,31084,1,1,1,0,0,0,0,1
669546653,31084,1,1,1,0,0,0,0,1
670052746,31084,1,1,1,0,0,0,0,1
670558652,31084,1,1,1,0,0,0,0,1
671064652,31084,1,1,1,0,0,0,0,1
671570670,31084,1,1,1,0,0,0,0,1
672076747,31084,1,1,1,0,0,0,0,1
672582815,31084,1,1,1,0,0,0,0,1
673088670,31084,1,1,1,0,0,0,0,1
673594853,31084,1,1,1,0,0,0,0,1
674100652,31084,1,1,1,0,0,0,0,1
674606652,31084,1,1,1,0,0,0,0,1
675112698,31084,1,1,1,0,0,0,0,1
675618747,31084,1,1,1,0,0,0,0,1
676124649,31084,1,1,1,0,0,0,0,1
676630654,31084,1,1,1,0,0,0,0,1
677136668,31084,1,1,1,0,0,0,0,1
677642696,31084,1,1,1,0,0,0,0,1
678148670,31084,1,1,1,0,0,0,0,1
678654652,31084,1,1,1,0,0,0,0,1
679160674,31084,1,1,1,0,0,0,0,1
679666652,31084,1,1,1,0,0,0,0,1
680172654,31084,1,1,1,0,0,0,0,1
680678665,31084,1,1,1,0,0,0,0,1
681184693,31084,1,1,1,0,0,0,0,1
681690654,31084,1,1,1,0,0,0,0,1
682196653,31084,1,1,1,0,0,0,0,1
683208672,31084,1,1,1,0,0,0,0,1
683714653,31084,1,1,1,0,0,0,0,1
684220691,31084,1,1,1,0,0,0,0,1
684726652,31084,1,1,1,0,0,0,0,1
685232654,31084,1,1,1,0,0,0,0,1
685738730,31084,1,1,1,0,0,0,0,1
686244749,31084,1,1,1,0,0,0,0,1
686750654,31084,1,1,1,0,0,0,0,1
687256651,31084,1,1,1,0,0,0,0,1
687762652,31084,1,1,1,0,0,0,0,1
688268688,31084,1,1,1,0,0,0,0,1
688774688,31084,1,1,1,0,0,0,0,1
689280764,31084,1,1,1,0,0,0,0,1
689786651,31084,1,1,1,0,0,0,0,1
690292652,31084,1,1,1,0,0,0,0,1
690798655,31084,1,1,1,0,0,0,0,1
691304651,31084,1,1,1,0,0,0,0,1
691810650,31084,1,1,1,0,0,0,0,1
692316652,31084,1,1,1,0,0,0,0,1
692822654,31084,1,1,1,0,0,0,0,1
693328670,31084,1,1,1,0,0,0,0,1
693834653,31084,1,1,1,0,0,0,0,1
694340652,31084,1,1,1,0,0,0,0,1
694846649,31084,1,1,1,0,0,0,0,1
697882652,31084,1,1,1,0,0,0,0,1
698388682,31084,1,1,1,0,0,0,0,1
698894890,31084,1,1,1,0,0,0,0,1
699400738,31084,1,1,1,0,0,0,0,1
699906753,31084,1,1,1,0,0,0,0,1
700412649,31084,1,1,1,0,0,0,0,1
700918652,31084,1,1,1,0,0,0,0,1
701424655,31084,1,1,1,0,0,0,0,1
701930653,31084,1,1,1,0,0,0,0,1
702436652,31084,1,1,1,0,0,0,0,1
702942653,31084,1,1,1,0,0,0,0,1
703448669,31084,1,1,1,0,0,0,0,1
703954653,31084,1,1,1,0,0,0,0,1
704460670,31084,1,1,1,0,0,0,0,1
704966650,31084,1,1,1,0,0,0,0,1
705472654,31084,1,1,1,0,0,0,0,1
705978678,31084,1,1,1,0,0,0,0,1
706485653,31084,1,1,1,0,0,0,0,1
706991741,31084,1,1,1,0,0,0,0,1
707497795,31084,1,1,1,0,0,0,0,1
708003649,31084,1,1,1,0,0,0,0,1
708509737,31084,1,1,1,0,0,0,0,1
709015670,31084,1,1,1,0,0,0,0,1
709521889,31084,1,1,1,0,0,0,0,1
710027710,31084,1,1,1,0,0,0,0,1
710533654,31084,1,1,1,0,0,0,0,1
711039652,31084,1,1,1,0,0,0,0,1
711545653,31084,1,1,1,0,0,0,0,1
712051650,31084,1,1,1,0,0,0,0,1
712557654,31084,1,1,1,0,0,0,0,1
713063654,31084,1,1,1,0,0,0,0,1
713569651,31084,1,1,1,0,0,0,0,1
714075661,31084,1,1,1,0,0,0,0,1
714581652,31084,1,1,1,0,0,0,0,1
715087651,31084,1,1,1,0,0,0,0,1
715593651,31084,1,1,1,0,0,0,0,1
716099673,31084,1,1,1,0,0,0,0,1
716605653,31084,1,1,1,0,0,0,0,1
717111651,31084,1,1,1,0,0,0,0,1
717617678,31084,1,1,1,0,0,0,0,1
718123652,31084,1,1,1,0,0,0,0,1
718629652,31084,1,1,1,0,0,0,0,1
719135656,31084,1,1,1,0,0,0,0,1
719641653,31084,1,1,1,0,0,0,0,1
720148060,31084,1,1,1,0,0,0,0,1
720653729,31084,1,1,1,0,0,0,0,1
721159733,31084,1,1,1,0,0,0,0,1
721665653,31084,1,1,1,0,0,0,0,1
722171753,31084,1,1,1,0,0,0,0,1
722677652,31084,1,1,1,0,0,0,0,1
723183965,31084,1,1,1,0,0,0,0,1
723689673,31084,1,1,1,0,0,0,0,1
724195653,31084,1,1,1,0,0,0,0,1
724701660,31084,1,1,1,0,0,0,0,1
725207654,31084,1,1,1,0,0,0,0,1
725713653,31084,1,1,1,0,0,0,0,1
726219651,31084,1,1,1,0,0,0,0,1
726725652,31084,1,1,1,0,0,0,0,1
727231679,31084,1,1,1,0,0,0,0,1
727737651,31084,1,1,1,0,0,0,0,1
728243652,31084,1,1,1,0,0,0,0,1
728749652,31084,1,1,1,0,0,0,0,1
729255656,31084,1,1,1,0,0,0,0,1
729761653,31084,1,1,1,0,0,0,0,1
730267652,31084,1,1,1,0,0,0,0,1
730773653,31084,1,1,1,0,0,0,0,1
731279652,31084,1,1,1,0,0,0,0,1
731785679,31084,1,1,1,0,0,0,0,1
732291652,31084,1,1,1,0,0,0,0,1
732797654,31084,1,1,1,0,0,0,0,1
733303654,31084,1,1,1,0,0,0,0,1
733809676,31084,1,1,1,0,0,0,0,1
734315671,31084,1,1,1,0,0,0,0,1
734822180,31084,1,1,1,0,0,0,0,1
735327678,31084,1,1,1,0,0,0,0,1
735833652,31084,1,1,1,0,0,0,0,1
736339653,31084,1,1,1,0,0,0,0,1
736845653,31084,1,1,1,0,0,0,0,1
737351651,31084,1,1,1,0,0,0,0,1
737857652,31084,1,1,1,0,0,0,0,1
738363652,31084,1,1,1,0,0,0,0,1
738869652,31084,1,1,1,0,0,0,0,1
739375652,31084,1,1,1,0,0,0,0,1
739881652,31084,1,1,1,0,0,0,0,1
740387678,31084,1,1,1,0,0,0,0,1
740893675,31084,1,1,1,0,0,0,0,1
741399652,31084,1,1,1,0,0,0,0,1
741905653,31084,1,1,1,0,0,0,0,1
742411670,31084,1,1,1,0,0,0,0,1
742917704,31084,1,1,1,0,0,0,0,1
743423689,31084,1,1,1,0,0,0,0,1
743929652,31084,1,1,1,0,0,0,0,1
744435653,31084,1,1,1,0,0,0,0,1
744941654,31084,1,1,1,0,0,0,0,1
745447656,31084,1,1,1,0,0,0,0,1
745953651,31084,1,1,1,0,0,0,0,1
746459653,31084,1,1,1,0,0,0,0,1
746965656,31084,1,1,1,0,0,0,0,1
747472007,31084,1,1,1,0,0,0,0,1
747977653,31084,1,1,1,0,0,0,0,1
748483678,31084,1,1,1,0,0,0,0,1
748989674,31084,1,1,1,0,0,0,0,1
749495653,31084,1,1,1,0,0,0,0,1
750001652,31084,1,1,1,0,0,0,0,1
750507654,31084,1,1,1,0,0,0,0,1
751013654,31084,1,1,1,0,0,0,0,1
751519715,31084,1,1,1,0,0,0,0,1
752025653,31084,1,1,1,0,0,0,0,1
752531651,31084,1,1,1,0,0,0,0,1
753037653,31084,1,1,1,0,0,0,0,1
753543652,31084,1,1,1,0,0,0,0,1
754049699,31084,1,1,1,0,0,0,0,1
754555670,31084,1,1,1,0,0,0,0,1
755061653,31084,1,1,1,0,0,0,0,1
755567654,31084,1,1,1,0,0,0,0,1
756073652,31084,1,1,1,0,0,0,0,1
756579675,31084,1,1,1,0,0,0,0,1
757085653,31084,1,1,1,0,0,0,0,1
757591649,31084,1,1,1,0,0,0,0,1
758097652,31084,1,1,1,0,0,0,0,1
758603678,31084,1,1,1,0,0,0,0,1
759109653,31084,1,1,1,0,0,0,0,1
759615652,31084,1,1,1,0,0,0,0,1
760121653,31084,1,1,1,0,0,0,0,1
760627655,31084,1,1,1,0,0,0,0,1
761134003,31084,1,1,1,0,0,0,0,1
761639653,31084,1,1,1,0,0,0,0,1
762145655,31084,1,1,1,0,0,0,0,1
762651651,31084,1,1,1,0,0,0,0,1
763157677,31084,1,1,1,0,0,0,0,1
763663668,31084,1,1,1,0,0,0,0,1
764169652,31084,1,1,1,0,0,0,0,1
764675649,31084,1,1,1,0,0,0,0,1
768722652,31084,1,1,1,0,0,0,0,1
769228672,31084,1,1,1,0,0,0,0,1
769734651,31084,1,1,1,0,0,0,0,1
770240655,31084,1,1,1,0,0,0,0,1
770746667,31084,1,1,1,0,0,0,0,1
771252652,31084,1,1,1,0,0,0,0,1
771758652,31084,1,1,1,0,0,0,0,1
772258874,31084,1,1,1,0,0,0,0,1
772764699,31084,1,1,1,0,0,0,0,1
773270887,31084,1,1,1,0,0,0,0,1
773776652,31084,1,1,1,0,0,0,0,1
774283237,31084,1,1,1,0,0,0,0,1
774788669,31084,1,1,1,0,0,0,0,1
775294653,31084,1,1,1,0,0,0,0,1
775800652,31084,1,1,1,0,0,0,0,1
776306652,31084,1,1,1,0,0,0,0,1
776810679,31084,1,1,1,0,0,0,0,1
777316652,31084,1,1,1,0,0,0,0,1
777822652,31084,1,1,1,0,0,0,0,1
778328672,31084,1,1,1,0,0,0,0,1
778834700,31084,1,1,1,0,0,0,0,1
779340664,31084,1,1,1,0,0,0,0,1
779846652,31084,1,1,1,0,0,0,0,1
780352655,31084,1,1,1,0,0,0,0,1
780858653,31084,1,1,1,0,0,0,0,1
781364671,31084,1,1,1,0,0,0,0,1
781870653,31084,1,1,1,0,0,0,0,1
782376655,31084,1,1,1,0,0,0,0,1
782882676,31084,1,1,1,0,0,0,0,1
783389104,31084,1,1,1,0,0,0,0,1
783894657,31084,1,1,1,0,0,0,0,1
784401202,31084,1,1,1,0,0,0,0,1
784906673,31084,1,1,1,0,0,0,0,1
785412670,31084,1,1,1,0,0,0,0,1
785918669,31084,1,1,1,0,0,0,0,1
786424882,31084,1,1,1,0,0,0,0,1
786930652,31084,1,1,1,0,0,0,0,1
787439672,31084,1,1,1,0,0,0,0,1
787945671,31084,1,1,1,0,0,0,0,1
788451669,31084,1,1,1,0,0,0,0,1
788957712,31084,1,1,1,0,0,0,0,1
789463679,31084,1,1,1,0,0,0,0,1
789969669,31084,1,1,1,0,0,0,0,1
790475673,31084,1,1,1,0,0,0,0,1
790981670,31084,1,1,1,0,0,0,0,1
791487734,31084,1,1,1,0,0,0,0,1
791993670,31084,1,1,1,0,0,0,0,1
792499670,31084,1,1,1,0,0,0,0,1
793005685,31084,1,1,1,0,0,0,0,1
793512676,31084,1,1,1,0,0,0,0,1
794018652,31084,1,1,1,0,0,0,0,1
794524652,31084,1,1,1,0,0,0,0,1
795030651,31084,1,1,1,0,0,0,0,1
795536651,31084,1,1,1,0,0,0,0,1
796042653,31084,1,1,1,0,0,0,0,1
796548669,31084,1,1,1,0,0,0,0,1
797054652,31084,1,1,1,0,0,0,0,1
797560653,31084,1,1,1,0,0,0,0,1
798066652,31084,1,1,1,0,0,0,0,1
798572652,31084,1,1,1,0,0,0,0,1
799078652,31084,1,1,1,0,0,0,0,1
799584678,31084,1,1,1,0,0,0,0,1
800090659,31084,1,1,1,0,0,0,0,1
800596651,31084,1,1,1,0,0,0,0,1
801102653,31084,1,1,1,0,0,0,0,1
801608768,31084,1,1,1,0,0,0,0,1
802114849,31084,1,1,1,0,0,0,0,1
802620654,31084,1,1,1,0,0,0,0,1
803126670,31084,1,1,1,0,0,0,0,1
803632670,31084,1,1,1,0,0,0,0,1
804137669,31084,1,1,1,0,0,0,0,1
804643671,31084,1,1,1,0,0,0,0,1
805149678,31084,1,1,1,0,0,0,0,1
805655661,31084,1,1,1,0,0,0,0,1
806161653,31084,1,1,1,0,0,0,0,1
806667654,31084,1,1,1,0,0,0,0,1
807174107,31084,1,1,1,0,0,0,0,1
807679665,31084,1,1,1,0,0,0,0,1
808185730,31084,1,1,1,0,0,0,0,1
808691651,31084,1,1,1,0,0,0,0,1
809198074,31084,1,1,1,0,0,0,0,1
809703653,31084,1,1,1,0,0,0,0,1
810209652,31084,1,1,1,0,0,0,0,1
810719667,31084,1,1,1,0,0,0,0,1
811225689,31084,1,1,1,0,0,0,0,1
814261652,31084,1,1,1,0,0,0,0,1
814767653,31084,1,1,1,0,0,0,0,1
815273652,31084,1,1,1,0,0,0,0,1
815779652,31084,1,1,1,0,0,0,0,1
816285652,31084,1,1,1,0,0,0,0,1
816791654,31084,1,1,1,0,0,0,0,1
817297654,31084,1,1,1,0,0,0,0,1
817803651,31084,1,1,1,0,0,0,0,1
818309652,31084,1,1,1,0,0,0,0,1
818815652,31084,1,1,1,0,0,0,0,1
819321649,31084,1,1,1,0,0,0,0,1
819827701,31084,1,1,1,0,0,0,0,1
820333653,31084,1,1,1,0,0,0,0,1
820839670,31084,1,1,1,0,0,0,0,1
821345662,31084,1,1,1,0,0,0,0,1
821851654,31084,1,1,1,0,0,0,0,1
822357672,31084,1,1,1,0,0,0,0,1
822863669,31084,1,1,1,0,0,0,0,1
823369679,31084,1,1,1,0,0,0,0,1
823875652,31084,1,1,1,0,0,0,0,1
824381652,31084,1,1,1,0,0,0,0,1
824887654,31084,1,1,1,0,0,0,0,1
825393747,31084,1,1,1,0,0,0,0,1
825900378,31084,1,1,1,0,0,0,0,1
826405651,31084,1,1,1,0,0,0,0,1
826911775,31084,1,1,1,0,0,0,0,1
827417655,31084,1,1,1,0,0,0,0,1
827923652,31084,1,1,1,0,0,0,0,1
828429651,31084,1,1,1,0,0,0,0,1
828935653,31084,1,1,1,0,0,0,0,1
829441651,31084,1,1,1,0,0,0,0,1
829947652,31084,1,1,1,0,0,0,0,1
830453652,31084,1,1,1,0,0,0,0,1
830959651,31084,1,1,1,0,0,0,0,1
831465668,31084,1,1,1,0,0,0,0,1
831971652,31084,1,1,1,0,0,0,0,1
832477710,31084,1,1,1,0,0,0,0,1
832983669,31084,1,1,1,0,0,0,0,1
833489670,31084,1,1,1,0,0,0,0,1
833995653,31084,1,1,1,0,0,0,0,1
834501676,31084,1,1,1,0,0,0,0,1
835007653,31084,1,1,1,0,0,0,0,1
835513653,31084,1,1,1,0,0,0,0,1
836019653,31084,1,1,1,0,0,0,0,1
836525656,31084,1,1,1,0,0,0,0,1
837031661,31084,1,1,1,0,0,0,0,1
837537654,31084,1,1,1,0,0,0,0,1
838043651,31084,1,1,1,0,0,0,0,1
838549652,31084,1,1,1,0,0,0,0,1
839055737,31084,1,1,1,0,0,0,0,1
839562415,31084,1,1,1,0,0,0,0,1
840067652,31084,1,1,1,0,0,0,0,1
840573655,31084,1,1,1,0,0,0,0,1
841079668,31084,1,1,1,0,0,0,0,1
841585653,31084,1,1,1,0,0,0,0,1
842091651,31084,1,1,1,0,0,0,0,1
842597654,31084,1,1,1,0,0,0,0,1
843103652,31084,1,1,1,0,0,0,0,1
843609652,31084,1,1,1,0,0,0,0,1
844115670,31084,1,1,1,0,0,0,0,1
844621718,31084,1,1,1,0,0,0,0,1
845127651,31084,1,1,1,0,0,0,0,1
845633652,31084,1,1,1,0,0,0,0,1
846139680,31084,1,1,1,0,0,0,0,1
846645652,31084,1,1,1,0,0,0,0,1
847151651,31084,1,1,1,0,0,0,0,1
847657694,31084,1,1,1,0,0,0,0,1
848163675,31084,1,1,1,0,0,0,0,1
848669652,31084,1,1,1,0,0,0,0,1
849175653,31084,1,1,1,0,0,0,0,1
849681652,31084,1,1,1,0,0,0,0,1
850187717,31084,1,1,1,0,0,0,0,1
850693679,31084,1,1,1,0,0,0,0,1
851199653,31084,1,1,1,0,0,0,0,1
851705654,31084,1,1,1,0,0,0,0,1
852211653,31084,1,1,1,0,0,0,0,1
852717720,31084,1,1,1,0,0,0,0,1
853224206,31084,1,1,1,0,0,0,0,1
853729652,31084,1,1,1,0,0,0,0,1
854235654,31084,1,1,1,0,0,0,0,1
854741652,31084,1,1,1,0,0,0,0,1
855247677,31084,1,1,1,0,0,0,0,1
855753650,31084,1,1,1,0,0,0,0,1
856259678,31084,1,1,1,0,0,0,0,1
856765652,31084,1,1,1,0,0,0,0,1
857271665,31084,1,1,1,0,0,0,0,1
857777654,31084,1,1,1,0,0,0,0,1
858283652,31084,1,1,1,0,0,0,0,1
858789651,31084,1,1,1,0,0,0,0,1
859296652,31084,1,1,1,0,0,0,0,1
859802655,31084,1,1,1,0,0,0,0,1
860308797,31084,1,1,1,0,0,0,0,1
860814873,31084,1,1,1,0,0,0,0,1
861320652,31084,1,1,1,0,0,0,0,1
861826653,31084,1,1,1,0,0,0,0,1
862332655,31084,1,1,1,0,0,0,0,1
862838879,31084,1,1,1,0,0,0,0,1
863344670,31084,1,1,1,0,0,0,0,1
863850653,31084,1,1,1,0,0,0,0,1
864356651,31084,1,1,1,0,0,0,0,1
864862652,31084,1,1,1,0,0,0,0,1
865368686,31084,1,1,1,0,0,0,0,1
865874680,31084,1,1,1,0,0,0,0,1
866380651,31084,1,1,1,0,0,0,0,1
866886653,31084,1,1,1,0,0,0,0,1
867392651,31084,1,1,1,0,0,0,0,1
867898651,31084,1,1,1,0,0,0,0,1
868404653,31084,1,1,1,0,0,0,0,1
868910652,31084,1,1,1,0,0,0,0,1
870428670,31084,1,1,1,0,0,0,0,1
870934653,31084,1,1,1,0,0,0,0,1
871440656,31084,1,1,1,0,0,0,0,1
871946653,31084,1,1,1,0,0,0,0,1
872452650,31084,1,1,1,0,0,0,0,1
872958654,31084,1,1,1,0,0,0,0,1
873464653,31084,1,1,1,0,0,0,0,1
873970742,31084,1,1,1,0,0,0,0,1
874476775,31084,1,1,1,0,0,0,0,1
874982653,31084,1,1,1,0,0,0,0,1
875488760,31084,1,1,1,0,0,0,0,1
875994648,31084,1,1,1,0,0,0,0,1
879536655,31084,1,1,1,0,0,0,0,1
880042653,31084,1,1,1,0,0,0,0,1
880548673,31084,1,1,1,0,0,0,0,1
881054652,31084,1,1,1,0,0,0,0,1
881560652,31084,1,1,1,0,0,0,0,1
882066653,31084,1,1,1,0,0,0,0,1
882572652,31084,1,1,1,0,0,0,0,1
883078667,31084,1,1,1,0,0,0,0,1
883584653,31084,1,1,1,0,0,0,0,1
884090677,31084,1,1,1,0,0,0,0,1
884596652,31084,1,1,1,0,0,0,0,1
885102701,31084,1,1,1,0,0,0,0,1
885608671,31084,1,1,1,0,0,0,0,1
886114649,31084,1,1,1,0,0,0,0,1
886620654,31084,1,1,1,0,0,0,0,1
887126655,31084,1,1,1,0,0,0,0,1
887632719,31084,1,1,1,0,0,0,0,1
888138740,31084,1,1,1,0,0,0,0,1
888644690,31084,1,1,1,0,0,0,0,1
889150787,31084,1,1,1,0,0,0,0,1
889656653,31084,1,1,1,0,0,0,0,1
890162828,31084,1,1,1,0,0,0,0,1
890668684,31084,1,1,1,0,0,0,0,1
891174651,31084,1,1,1,0,0,0,0,1
891680651,31084,1,1,1,0,0,0,0,1
892186664,31084,1,1,1,0,0,0,0,1
892692680,31084,1,1,1,0,0,0,0,1
893198652,31084,1,1,1,0,0,0,0,1
893704652,31084,1,1,1,0,0,0,0,1
894210675,31084,1,1,1,0,0,0,0,1
894716652,31084,1,1,1,0,0,0,0,1
895222652,31084,1,1,1,0,0,0,0,1
895728693,31084,1,1,1,0,0,0,0,1
896234702,31084,1,1,1,0,0,0,0,1
896740652,31084,1,1,1,0,0,0,0,1
897246652,31084,1,1,1,0,0,0,0,1
897752686,31084,1,1,1,0,0,0,0,1
898258652,31084,1,1,1,0,0,0,0,1
898764658,31084,1,1,1,0,0,0,0,1
899270670,31084,1,1,1,0,0,0,0,1
899776669,31084,1,1,1,0,0,0,0,1
900282653,31084,1,1,1,0,0,0,0,1
900788866,31084,1,1,1,0,0,0,0,1
901294651,31084,1,1,1,0,0,0,0,1
901801113,31084,1,1,1,0,0,0,0,1
902306672,31084,1,1,1,0,0,0,0,1
902812653,31084,1,1,1,0,0,0,0,1
903318652,31084,1,1,1,0,0,0,0,1
903824751,31084,1,1,1,0,0,0,0,1
904330653,31084,1,1,1,0,0,0,0,1
904836652,31084,1,1,1,0,0,0,0,1
905342651,31084,1,1,1,0,0,0,0,1
905848672,31084,1,1,1,0,0,0,0,1
906354653,31084,1,1,1,0,0,0,0,1
906860651,31084,1,1,1,0,0,0,0,1
907366653,31084,1,1,1,0,0,0,0,1
907872654,31084,1,1,1,0,0,0,0,1
908378651,31084,1,1,1,0,0,0,0,1
908884652,31084,1,1,1,0,0,0,0,1
909390653,31084,1,1,1,0,0,0,0,1
909896713,31084,1,1,1,0,0,0,0,1
910402669,31084,1,1,1,0,0,0,0,1
910908689,31084,1,1,1,0,0,0,0,1
911414681,31084,1,1,1,0,0,0,0,1
911920679,31084,1,1,1,0,0,0,0,1
912426653,31084,1,1,1,0,0,0,0,1
912932654,31084,1,1,1,0,0,0,0,1
913438651,31084,1,1,1,0,0,0,0,1
913944653,31084,1,1,1,0,0,0,0,1
914450838,31084,1,1,1,0,0,0,0,1
914956651,31084,1,1,1,0,0,0,0,1
915462654,31084,1,1,1,0,0,0,0,1
915968670,31084,1,1,1,0,0,0,0,1
916474667,31084,1,1,1,0,0,0,0,1
916980652,31084,1,1,1,0,0,0,0,1
917486653,31084,1,1,1,0,0,0,0,1
917992676,31084,1,1,1,0,0,0,0,1
918498652,31084,1,1,1,0,0,0,0,1
919004651,31084,1,1,1,0,0,0,0,1
919510655,31084,1,1,1,0,0,0,0,1
920016653,31084,1,1,1,0,0,0,0,1
920522651,31084,1,1,1,0,0,0,0,1
921028713,31084,1,1,1,0,0,0,0,1
921534652,31084,1,1,1,0,0,0,0,1
922040652,31084,1,1,1,0,0,0,0,1
922546652,31084,1,1,1,0,0,0,0,1
923052685,31084,1,1,1,0,0,0,0,1
923558652,31084,1,1,1,0,0,0,0,1
924064653,31084,1,1,1,0,0,0,0,1
924570652,31084,1,1,1,0,0,0,0,1
925076659,31084,1,1,1,0,0,0,0,1
925582691,31084,1,1,1,0,0,0,0,1
926088671,31084,1,1,1,0,0,0,0,1
926594653,31084,1,1,1,0,0,0,0,1
927100653,31084,1,1,1,0,0,0,0,1
927606767,31084,1,1,1,0,0,0,0,1
928112856,31084,1,1,1,0,0,0,0,1
928618652,31084,1,1,1,0,0,0,0,1
929124652,31084,1,1,1,0,0,0,0,1
929630652,31084,1,1,1,0,0,0,0,1
930136652,31084,1,1,1,0,0,0,0,1
930642653,31084,1,1,1,0,0,0,0,1
931148673,31084,1,1,1,0,0,0,0,1
931654668,31084,1,1,1,0,0,0,0,1
932160670,31084,1,1,1,0,0,0,0,1
932666667,31084,1,1,1,0,0,0,0,1
933172654,31084,1,1,1,0,0,0,0,1
933678652,31084,1,1,1,0,0,0,0,1
934184650,31084,1,1,1,0,0,0,0,1
934690656,31084,1,1,1,0,0,0,0,1
935196652,31084,1,1,1,0,0,0,0,1
935702692,31084,1,1,1,0,0,0,0,1
936208667,31084,1,1,1,0,0,0,0,1
936714662,31084,1,1,1,0,0,0,0,1
937220681,31084,1,1,1,0,0,0,0,1
937726651,31084,1,1,1,0,0,0,0,1
938232670,31084,1,1,1,0,0,0,0,1
938738652,31084,1,1,1,0,0,0,0,1
939244652,31084,1,1,1,0,0,0,0,1
939750655,31084,1,1,1,0,0,0,0,1
940256653,31084,1,1,1,0,0,0,0,1
940762698,31084,1,1,1,0,0,0,0,1
941268719,31084,1,1,1,0,0,0,0,1
941774728,31084,1,1,1,0,0,0,0,1
942280652,31084,1,1,1,0,0,0,0,1
942786652,31084,1,1,1,0,0,0,0,1
943292696,31084,1,1,1,0,0,0,0,1
943798669,31084,1,1,1,0,0,0,0,1
944304652,31084,1,1,1,0,0,0,0,1
944810652,31084,1,1,1,0,0,0,0,1
945316653,31084,1,1,1,0,0,0,0,1
945822651,31084,1,1,1,0,0,0,0,1
946328669,31084,1,1,1,0,0,0,0,1
946834653,31084,1,1,1,0,0,0,0,1
947340652,31084,1,1,1,0,0,0,0,1
947846684,31084,1,1,1,0,0,0,0,1
948353652,31084,1,1,1,0,0,0,0,1
948859746,31084,1,1,1,0,0,0,0,1
949365783,31084,1,1,1,0,0,0,0,1
949871651,31084,1,1,1,0,0,0,0,1
950378100,31084,1,1,1,0,0,0,0,1
950883673,31084,1,1,1,0,0,0,0,1
951389652,31084,1,1,1,0,0,0,0,1
951895653,31084,1,1,1,0,0,0,0,1
952401649,31084,1,1,1,0,0,0,0,1
956955653,31084,1,1,1,0,0,0,0,1
957461652,31084,1,1,1,0,0,0,0,1
957967675,31084,1,1,1,0,0,0,0,1
958473654,31084,1,1,1,0,0,0,0,1
958979653,31084,1,1,1,0,0,0,0,1
959485689,31084,1,1,1,0,0,0,0,1
959991653,31084,1,1,1,0,0,0,0,1
960497676,31084,1,1,1,0,0,0,0,1
961003652,31084,1,1,1,0,0,0,0,1
961509651,31084,1,1,1,0,0,0,0,1
962015690,31084,1,1,1,0,0,0,0,1
962521747,31084,1,1,1,0,0,0,0,1
963027946,31084,1,1,1,0,0,0,0,1
963533651,31084,1,1,1,0,0,0,0,1
964039673,31084,1,1,1,0,0,0,0,1
964545651,31084,1,1,1,0,0,0,0,1
965052032,31084,1,1,1,0,0,0,0,1
965557658,31084,1,1,1,0,0,0,0,1
966063652,31084,1,1,1,0,0,0,0,1
966569652,31084,1,1,1,0,0,0,0,1
967075652,31084,1,1,1,0,0,0,0,1
967581651,31084,1,1,1,0,0,0,0,1
968087653,31084,1,1,1,0,0,0,0,1
968593651,31084,1,1,1,0,0,0,0,1
969099652,31084,1,1,1,0,0,0,0,1
969605652,31084,1,1,1,0,0,0,0,1
970111652,31084,1,1,1,0,0,0,0,1
970617730,31084,1,1,1,0,0,0,0,1
971123652,31084,1,1,1,0,0,0,0,1
971629693,31084,1,1,1,0,0,0,0,1
972135673,31084,1,1,1,0,0,0,0,1
972641654,31084,1,1,1,0,0,0,0,1
973147656,31084,1,1,1,0,0,0,0,1
973653677,31084,1,1,1,0,0,0,0,1
974159652,31084,1,1,1,0,0,0,0,1
974665653,31084,1,1,1,0,0,0,0,1
975171670,31084,1,1,1,0,0,0,0,1
975678519,31084,1,1,1,0,0,0,0,1
976183723,31084,1,1,1,0,0,0,0,1
976689968,31084,1,1,1,0,0,0,0,1
977195651,31084,1,1,1,0,0,0,0,1
977701972,31084,1,1,1,0,0,0,0,1
978207709,31084,1,1,1,0,0,0,0,1
978713652,31084,1,1,1,0,0,0,0,1
979219669,31084,1,1,1,0,0,0,0,1
979725652,31084,1,1,1,0,0,0,0,1
980231651,31084,1,1,1,0,0,0,0,1
980737652,31084,1,1,1,0,0,0,0,1
981243652,31084,1,1,1,0,0,0,0,1
981749653,31084,1,1,1,0,0,0,0,1
982255652,31084,1,1,1,0,0,0,0,1
982761679,31084,1,1,1,0,0,0,0,1
983267652,31084,1,1,1,0,0,0,0,1
983773662,31084,1,1,1,0,0,0,0,1
984279651,31084,1,1,1,0,0,0,0,1
984785704,31084,1,1,1,0,0,0,0,1
985291653,31084,1,1,1,0,0,0,0,1
985797651,31084,1,1,1,0,0,0,0,1
986303652,31084,1,1,1,0,0,0,0,1
986809653,31084,1,1,1,0,0,0,0,1
987315677,31084,1,1,1,0,0,0,0,1
987821652,31084,1,1,1,0,0,0,0,1
988327652,31084,1,1,1,0,0,0,0,1
988833652,31084,1,1,1,0,0,0,0,1
989340383,31084,1,1,1,0,0,0,0,1
989845655,31084,1,1,1,0,0,0,0,1
990351842,31084,1,1,1,0,0,0,0,1
990857652,31084,1,1,1,0,0,0,0,1
991363979,31084,1,1,1,0,0,0,0,1
991869668,31084,1,1,1,0,0,0,0,1
992375651,31084,1,1,1,0,0,0,0,1
992881653,31084,1,1,1,0,0,0,0,1
993387652,31084,1,1,1,0,0,0,0,1
993893654,31084,1,1,1,0,0,0,0,1
994399651,31084,1,1,1,0,0,0,0,1
994905654,31084,1,1,1,0,0,0,0,1
995411653,31084,1,1,1,0,0,0,0,1
995917653,31084,1,1,1,0,0,0,0,1
996423653,31084,1,1,1,0,0,0,0,1
996929651,31084,1,1,1,0,0,0,0,1
997435651,31084,1,1,1,0,0,0,0,1
997941673,31084,1,1,1,0,0,0,0,1
998447670,31084,1,1,1,0,0,0,0,1
998953651,31084,1,1,1,0,0,0,0,1
999459652,31084,1,1,1,0,0,0,0,1
999965652,31084,1,1,1,0,0,0,0,1
1000471651,31084,1,1,1,0,0,0,0,1
1000977653,31084,1,1,1,0,0,0,0,1
1001483653,31084,1,1,1,0,0,0,0,1
1001989653,31084,1,1,1,0,0,0,0,1
1002495654,31084,1,1,1,0,0,0,0,1
1003002374,31084,1,1,1,0,0,0,0,1
1003507654,31084,1,1,1,0,0,0,0,1
1004013841,31084,1,1,1,0,0,0,0,1
1004519655,31084,1,1,1,0,0,0,0,1
1005025653,31084,1,1,1,0,0,0,0,1
1005531671,31084,1,1,1,0,0,0,0,1
1006037676,31084,1,1,1,0,0,0,0,1
1006543652,31084,1,1,1,0,0,0,0,1
1007049652,31084,1,1,1,0,0,0,0,1
1007555652,31084,1,1,1,0,0,0,0,1
1008061653,31084,1,1,1,0,0,0,0,1
1008567654,31084,1,1,1,0,0,0,0,1
1009073668,31084,1,1,1,0,0,0,0,1
1009579696,31084,1,1,1,0,0,0,0,1
1010085653,31084,1,1,1,0,0,0,0,1
1010591652,31084,1,1,1,0,0,0,0,1
1011097652,31084,1,1,1,0,0,0,0,1
1011603673,31084,1,1,1,0,0,0,0,1
1014639653,31084,1,1,1,0,0,0,0,1
1015145653,31084,1,1,1,0,0,0,0,1
1015651653,31084,1,1,1,0,0,0,0,1
1016157766,31084,1,1,1,0,0,0,0,1
1016663807,31084,1,1,1,0,0,0,0,1
1017169654,31084,1,1,1,0,0,0,0,1
1017675653,31084,1,1,1,0,0,0,0,1
1018181652,31084,1,1,1,0,0,0,0,1
1018687655,31084,1,1,1,0,0,0,0,1
1019193655,31084,1,1,1,0,0,0,0,1
1019699653,31084,1,1,1,0,0,0,0,1
1020205669,31084,1,1,1,0,0,0,0,1
1020711670,31084,1,1,1,0,0,0,0,1
1021217652,31084,1,1,1,0,0,0,0,1
1021723649,31084,1,1,1,0,0,0,0,1
1022229652,31084,1,1,1,0,0,0,0,1
1022735652,31084,1,1,1,0,0,0,0,1
1023241661,31084,1,1,1,0,0,0,0,1
1023747653,31084,1,1,1,0,0,0,0,1
1024253651,31084,1,1,1,0,0,0,0,1
1024759652,31084,1,1,1,0,0,0,0,1
1025265669,31084,1,1,1,0,0,0,0,1
1025771666,31084,1,1,1,0,0,0,0,1
1026277651,31084,1,1,1,0,0,0,0,1
1026783651,31084,1,1,1,0,0,0,0,1
1027289653,31084,1,1,1,0,0,0,0,1
1027795668,31084,1,1,1,0,0,0,0,1
1028301665,31084,1,1,1,0,0,0,0,1
1028807654,31084,1,1,1,0,0,0,0,1
1029313654,31084,1,1,1,0,0,0,0,1
1029819707,31084,1,1,1,0,0,0,0,1
1030325727,31084,1,1,1,0,0,0,0,1
1030831652,31084,1,1,1,0,0,0,0,1
1031337652,31084,1,1,1,0,0,0,0,1
1031843652,31084,1,1,1,0,0,0,0,1
1032349653,31084,1,1,1,0,0,0,0,1
1032855652,31084,1,1,1,0,0,0,0,1
1033361651,31084,1,1,1,0,0,0,0,1
1033867688,31084,1,1,1,0,0,0,0,1
1034373653,31084,1,1,1,0,0,0,0,1
1034879653,31084,1,1,1,0,0,0,0,1
1035385652,31084,1,1,1,0,0,0,0,1
1035891653,31084,1,1,1,0,0,0,0,1
1036397655,31084,1,1,1,0,0,0,0,1
1036903651,31084,1,1,1,0,0,0,0,1
1037409655,31084,1,1,1,0,0,0,0,1
1037915672,31084,1,1,1,0,0,0,0,1
1038421650,31084,1,1,1,0,0,0,0,1
1038927652,31084,1,1,1,0,0,0,0,1
1039433652,31084,1,1,1,0,0,0,0,1
1039939654,31084,1,1,1,0,0,0,0,1
1040445652,31084,1,1,1,0,0,0,0,1
1040951679,31084,1,1,1,0,0,0,0,1
1041457653,31084,1,1,1,0,0,0,0,1
1041963668,31084,1,1,1,0,0,0,0,1
1042469670,31084,1,1,1,0,0,0,0,1
1042975881,31084,1,1,1,0,0,0,0,1
1043481671,31084,1,1,1,0,0,0,0,1
1043987748,31084,1,1,1,0,0,0,0,1
1044493652,31084,1,1,1,0,0,0,0,1
1044999652,31084,1,1,1,0,0,0,0,1
1045505651,31084,1,1,1,0,0,0,0,1
1046011844,31084,1,1,1,0,0,0,0,1
1046517652,31084,1,1,1,0,0,0,0,1
1047023652,31084,1,1,1,0,0,0,0,1
1047529653,31084,1,1,1,0,0,0,0,1
1048035653,31084,1,1,1,0,0,0,0,1
1048541651,31084,1,1,1,0,0,0,0,1
1049047655,31084,1,1,1,0,0,0,0,1
1049553651,31084,1,1,1,0,0,0,0,1
1050059674,31084,1,1,1,0,0,0,0,1
1050565652,31084,1,1,1,0,0,0,0,1
1051071653,31084,1,1,1,0,0,0,0,1
1051577651,31084,1,1,1,0,0,0,0,1
1052083653,31084,1,1,1,0,0,0,0,1
1052589653,31084,1,1,1,0,0,0,0,1
1053095688,31084,1,1,1,0,0,0,0,1
1053601670,31084,1,1,1,0,0,0,0,1
1054107652,31084,1,1,1,0,0,0,0,1
1054613653,31084,1,1,1,0,0,0,0,1
1055119649,31084,1,1,1,0,0,0,0,1
1055625655,31084,1,1,1,0,0,0,0,1
1056131672,31084,1,1,1,0,0,0,0,1
1056638353,31084,1,1,1,0,0,0,0,1
1057143653,31084,1,1,1,0,0,0,0,1
1060179654,31084,1,1,1,0,0,0,0,1
1060685652,31084,1,1,1,0,0,0,0,1
1061191654,31084,1,1,1,0,0,0,0,1
1061697678,31084,1,1,1,0,0,0,0,1
1062203651,31084,1,1,1,0,0,0,0,1
1062709652,31084,1,1,1,0,0,0,0,1
1063215654,31084,1,1,1,0,0,0,0,1
1063721653,31084,1,1,1,0,0,0,0,1
1064227720,31084,1,1,1,0,0,0,0,1
1064733668,31084,1,1,1,0,0,0,0,1
1065239697,31084,1,1,1,0,0,0,0,1
1065745692,31084,1,1,1,0,0,0,0,1
1066251653,31084,1,1,1,0,0,0,0,1
1066757653,31084,1,1,1,0,0,0,0,1
1067263652,31084,1,1,1,0,0,0,0,1
1067769679,31084,1,1,1,0,0,0,0,1
1068275653,31084,1,1,1,0,0,0,0,1
1068781651,31084,1,1,1,0,0,0,0,1
1069287676,31084,1,1,1,0,0,0,0,1
1069793783,31084,1,1,1,0,0,0,0,1
1070300430,31084,1,1,1,0,0,0,0,1
1070805665,31084,1,1,1,0,0,0,0,1
1071312083,31084,1,1,1,0,0,0,0,1
1071817671,31084,1,1,1,0,0,0,0,1
1072323909,31084,1,1,1,0,0,0,0,1
1072829670,31084,1,1,1,0,0,0,0,1
1073335653,31084,1,1,1,0,0,0,0,1
1073841648,31084,1,1,1,0,0,0,0,1
1074347654,31084,1,1,1,0,0,0,0,1
1074853653,31084,1,1,1,0,0,0,0,1
1075359669,31084,1,1,1,0,0,0,0,1
1075865669,31084,1,1,1,0,0,0,0,1
1076371652,31084,1,1,1,0,0,0,0,1
1076877656,31084,1,1,1,0,0,0,0,1
1077383651,31084,1,1,1,0,0,0,0,1
1077889652,31084,1,1,1,0,0,0,0,1
1078395652,31084,1,1,1,0,0,0,0,1
1078901675,31084,1,1,1,0,0,0,0,1
1079407652,31084,1,1,1,0,0,0,0,1
1079913651,31084,1,1,1,0,0,0,0,1
1080419652,31084,1,1,1,0,0,0,0,1
1080925652,31084,1,1,1,0,0,0,0,1
1081431660,31084,1,1,1,0,0,0,0,1
1081937655,31084,1,1,1,0,0,0,0,1
1082443651,31084,1,1,1,0,0,0,0,1
1082949652,31084,1,1,1,0,0,0,0,1
1083455765,31084,1,1,1,0,0,0,0,1
1083961932,31084,1,1,1,0,0,0,0,1
1084467654,31084,1,1,1,0,0,0,0,1
1084973759,31084,1,1,1,0,0,0,0,1
1085479653,31084,1,1,1,0,0,0,0,1
1085985653,31084,1,1,1,0,0,0,0,1
1086491652,31084,1,1,1,0,0,0,0,1
1086997654,31084,1,1,1,0,0,0,0,1
1087503652,31084,1,1,1,0,0,0,0,1
1088009653,31084,1,1,1,0,0,0,0,1
1088515653,31084,1,1,1,0,0,0,0,1
1089021651,31084,1,1,1,0,0,0,0,1
1089527653,31084,1,1,1,0,0,0,0,1
1090033652,31084,1,1,1,0,0,0,0,1
1090539654,31084,1,1,1,0,0,0,0,1
1091045652,31084,1,1,1,0,0,0,0,1
1091551668,31084,1,1,1,0,0,0,0,1
1092057654,31084,1,1,1,0,0,0,0,1
1092563656,31084,1,1,1,0,0,0,0,1
1093069653,31084,1,1,1,0,0,0,0,1
1093575664,31084,1,1,1,0,0,0,0,1
1094081652,31084,1,1,1,0,0,0,0,1
1094587701,31084,1,1,1,0,0,0,0,1
1095093661,31084,1,1,1,0,0,0,0,1
1095599653,31084,1,1,1,0,0,0,0,1
1096105654,31084,1,1,1,0,0,0,0,1
1096612431,31084,1,1,1,0,0,0,0,1
1097117740,31084,1,1,1,0,0,0,0,1
1097624203,31084,1,1,1,0,0,0,0,1
1098129670,31084,1,1,1,0,0,0,0,1
1098635671,31084,1,1,1,0,0,0,0,1
1099141679,31084,1,1,1,0,0,0,0,1
1099647652,31084,1,1,1,0,0,0,0,1
1100153651,31084,1,1,1,0,0,0,0,1
1100659738,31084,1,1,1,0,0,0,0,1
1101165652,31084,1,1,1,0,0,0,0,1
1101671652,31084,1,1,1,0,0,0,0,1
1102177656,31084,1,1,1,0,0,0,0,1
1102683652,31084,1,1,1,0,0,0,0,1
1103189652,31084,1,1,1,0,0,0,0,1
1103695678,31084,1,1,1,0,0,0,0,1
1104201652,31084,1,1,1,0,0,0,0,1
1104707653,31084,1,1,1,0,0,0,0,1
1105213689,31084,1,1,1,0,0,0,0,1
1105719700,31084,1,1,1,0,0,0,0,1
1106225654,31084,1,1,1,0,0,0,0,1
1106731651,31084,1,1,1,0,0,0,0,1
1107237654,31084,1,1,1,0,0,0,0,1
1107743652,31084,1,1,1,0,0,0,0,1
1108249674,31084,1,1,1,0,0,0,0,1
1108755652,31084,1,1,1,0,0,0,0,1
1109261671,31084,1,1,1,0,0,0,0,1
1109767693,31084,1,1,1,0,0,0,0,1
1110274077,31084,1,1,1,0,0,0,0,1
1110779659,31084,1,1,1,0,0,0,0,1
1111285696,31084,1,1,1,0,0,0,0,1
1111791672,31084,1,1,1,0,0,0,0,1
1112297658,31084,1,1,1,0,0,0,0,1
1112803652,31084,1,1,1,0,0,0,0,1
1113309651,31084,1,1,1,0,0,0,0,1
1113815653,31084,1,1,1,0,0,0,0,1
1114321652,31084,1,1,1,0,0,0,0,1
1114827695,31084,1,1,1,0,0,0,0,1
1115333651,31084,1,1,1,0,0,0,0,1
1115839685,31084,1,1,1,0,0,0,0,1
1116345653,31084,1,1,1,0,0,0,0,1
1116851651,31084,1,1,1,0,0,0,0,1
1117357652,31084,1,1,1,0,0,0,0,1
1117863652,31084,1,1,1,0,0,0,0,1
1118369655,31084,1,1,1,0,0,0,0,1
1118875652,31084,1,1,1,0,0,0,0,1
1119381698,31084,1,1,1,0,0,0,0,1
1119887652,31084,1,1,1,0,0,0,0,1
1120393668,31084,1,1,1,0,0,0,0,1
1120899670,31084,1,1,1,0,0,0,0,1
1121405652,31084,1,1,1,0,0,0,0,1
1121911651,31084,1,1,1,0,0,0,0,1
1122417707,31084,1,1,1,0,0,0,0,1
1122923652,31084,1,1,1,0,0,0,0,1
1123429653,31084,1,1,1,0,0,0,0,1
1123935816,31084,1,1,1,0,0,0,0,1
1124441652,31084,1,1,1,0,0,0,0,1
1124947654,31084,1,1,1,0,0,0,0,1
1125453659,31084,1,1,1,0,0,0,0,1
1125959942,31084,1,1,1,0,0,0,0,1
1126465652,31084,1,1,1,0,0,0,0,1
1126971652,31084,1,1,1,0,0,0,0,1
1127477652,31084,1,1,1,0,0,0,0,1
1127983652,31084,1,1,1,0,0,0,0,1
1128489671,31084,1,1,1,0,0,0,0,1
1128995650,31084,1,1,1,0,0,0,0,1
1129501652,31084,1,1,1,0,0,0,0,1
1130007655,31084,1,1,1,0,0,0,0,1
1130513675,31084,1,1,1,0,0,0,0,1
1131019683,31084,1,1,1,0,0,0,0,1
1131525653,31084,1,1,1,0,0,0,0,1
1132031651,31084,1,1,1,0,0,0,0,1
1132537651,31084,1,1,1,0,0,0,0,1
1133043649,31084,1,1,1,0,0,0,0,1
1137601653,31084,1,1,1,0,0,0,0,1
1138107686,31084,1,1,1,0,0,0,0,1
1138613672,31084,1,1,1,0,0,0,0,1
1139119665,31084,1,1,1,0,0,0,0,1
1139625652,31084,1,1,1,0,0,0,0,1
1140131654,31084,1,1,1,0,0,0,0,1
1140637654,31084,1,1,1,0,0,0,0,1
1141143651,31084,1,1,1,0,0,0,0,1
1141649654,31084,1,1,1,0,0,0,0,1
1142155732,31084,1,1,1,0,0,0,0,1
1142662210,31084,1,1,1,0,0,0,0,1
1143167653,31084,1,1,1,0,0,0,0,1
1143673673,31084,1,1,1,0,0,0,0,1
1144179654,31084,1,1,1,0,0,0,0,1
1144685652,31084,1,1,1,0,0,0,0,1
1145191666,31084,1,1,1,0,0,0,0,1
1145697677,31084,1,1,1,0,0,0,0,1
1146203651,31084,1,1,1,0,0,0,0,1
1146709652,31084,1,1,1,0,0,0,0,1
1147215656,31084,1,1,1,0,0,0,0,1
1147721649,31084,1,1,1,0,0,0,0,1
1148227708,31084,1,1,1,0,0,0,0,1
1148733653,31084,1,1,1,0,0,0,0,1
1149239669,31084,1,1,1,0,0,0,0,1
1149745670,31084,1,1,1,0,0,0,0,1
1150251653,31084,1,1,1,0,0,0,0,1
1150757652,31084,1,1,1,0,0,0,0,1
1151263651,31084,1,1,1,0,0,0,0,1
1151769651,31084,1,1,1,0,0,0,0,1
1152275652,31084,1,1,1,0,0,0,0,1
1152781652,31084,1,1,1,0,0,0,0,1
1153287707,31084,1,1,1,0,0,0,0,1
1153793653,31084,1,1,1,0,0,0,0,1
1154299652,31084,1,1,1,0,0,0,0,1
1154805667,31084,1,1,1,0,0,0,0,1
1155312046,31084,1,1,1,0,0,0,0,1
1155817719,31084,1,1,1,0,0,0,0,1
1156324169,31084,1,1,1,0,0,0,0,1
1156829655,31084,1,1,1,0,0,0,0,1
1157335653,31084,1,1,1,0,0,0,0,1
1157841652,31084,1,1,1,0,0,0,0,1
1158347653,31084,1,1,1,0,0,0,0,1
1158853651,31084,1,1,1,0,0,0,0,1
1159359739,31084,1,1,1,0,0,0,0,1
1159865651,31084,1,1,1,0,0,0,0,1
1160371667,31084,1,1,1,0,0,0,0,1
1160877695,31084,1,1,1,0,0,0,0,1
1161020653,31084,1,1,1,0,0,0,0,1
1161218654,31084,1,1,1,0,0,0,0,1
1161724651,31084,1,1,1,0,0,0,0,1
1162230773,31084,1,1,1,0,0,0,0,1
1162736791,31084,1,1,1,0,0,0,0,1
1163242653,31084,1,1,1,0,0,0,0,1
1163748781,31084,1,1,1,0,0,0,0,1
1164254652,31084,1,1,1,0,0,0,0,1
1164760931,31084,1,1,1,0,0,0,0,1
1165266652,31084,1,1,1,0,0,0,0,1
1165772652,31084,1,1,1,0,0,0,0,1
1166278652,31084,1,1,1,0,0,0,0,1
1166784654,31084,1,1,1,0,0,0,0,1
1167290653,31084,1,1,1,0,0,0,0,1
1167521654,31084,1,1,1,0,0,0,0,1
1167620652,31084,1,1,1,0,0,0,0,1
1168126652,31084,1,1,1,0,0,0,0,1
1168632651,31084,1,1,1,0,0,0,0,1
1169138679,31084,1,1,1,0,0,0,0,1
1169644651,31084,1,1,1,0,0,0,0,1
1170150652,31084,1,1,1,0,0,0,0,1
1170656661,31084,1,1,1,0,0,0,0,1
1171162669,31084,1,1,1,0,0,0,0,1
1171668683,31084,1,1,1,0,0,0,0,1
1172174669,31084,1,1,1,0,0,0,0,1
1172680688,31084,1,1,1,0,0,0,0,1
1173186653,31084,1,1,1,0,0,0,0,1
1173351653,31084,1,1,1,0,0,0,0,1
1173527651,31084,1,1,1,0,0,0,0,1
1174033655,31084,1,1,1,0,0,0,0,1
1174539652,31084,1,1,1,0,0,0,0,1
1175045652,31084,1,1,1,0,0,0,0,1
1175551649,31084,1,1,1,0,0,0,0,1
1176057652,31084,1,1,1,0,0,0,0,1
1176563652,31084,1,1,1,0,0,0,0,1
1177069654,31084,1,1,1,0,0,0,0,1
1177575652,31084,1,1,1,0,0,0,0,1
1178081699,31084,1,1,1,0,0,0,0,1
1178587652,31084,1,1,1,0,0,0,0,1
1179093652,31084,1,1,1,0,0,0,0,1
1179599652,31084,1,1,1,0,0,0,0,1
1180105652,31084,1,1,1,0,0,0,0,1
1180611690,31084,1,1,1,0,0,0,0,1
1181117654,31084,1,1,1,0,0,0,0,1
1181623654,31084,1,1,1,0,0,0,0,1
1182129653,31084,1,1,1,0,0,0,0,1
1182635882,31084,1,1,1,0,0,0,0,1
1183141652,31084,1,1,1,0,0,0,0,1
1183647702,31084,1,1,1,0,0,0,0,1
1184153653,31084,1,1,1,0,0,0,0,1
1184659965,31084,1,1,1,0,0,0,0,1
1185165652,31084,1,1,1,0,0,0,0,1
1185671880,31084,1,1,1,0,0,0,0,1
1186177701,31084,1,1,1,0,0,0,0,1
1186683716,31084,1,1,1,0,0,0,0,1
1187189652,31084,1,1,1,0,0,0,0,1
1187695652,31084,1,1,1,0,0,0,0,1
1188201652,31084,1,1,1,0,0,0,0,1
1188707651,31084,1,1,1,0,0,0,0,1
1189213702,31084,1,1,1,0,0,0,0,1
1189719652,31084,1,1,1,0,0,0,0,1
1189939652,31084,1,1,1,0,0,0,0,1
1190061246,31084,1,1,1,0,0,0,0,1
1190566673,31084,1,1,1,0,0,0,0,1
1190918666,31084,1,1,1,0,0,0,0,1
1190951653,31084,1,1,1,0,0,0,0,1
1191457653,31084,1,1,1,0,0,0,0,1
1191963653,31084,1,1,1,0,0,0,0,1
1192469652,31084,1,1,1,0,0,0,0,1
1192975685,31084,1,1,1,0,0,0,0,1
1193481696,31084,1,1,1,0,0,0,0,1
1193987653,31084,1,1,1,0,0,0,0,1
1194493652,31084,1,1,1,0,0,0,0,1
1194999653,31084,1,1,1,0,0,0,0,1
1195505672,31084,1,1,1,0,0,0,0,1
1196011781,31084,1,1,1,0,0,0,0,1
1196517796,31084,1,1,1,0,0,0,0,1
1197023653,31084,1,1,1,0,0,0,0,1
1197529649,31084,1,1,1,0,0,0,0,1
1198035653,31084,1,1,1,0,0,0,0,1
1198299654,31084,1,1,1,0,0,0,0,1
1198321878,31084,1,1,1,0,0,0,0,1
1198827697,31084,1,1,1,0,0,0,0,1
1199333651,31084,1,1,1,0,0,0,0,1
1199839652,31084,1,1,1,0,0,0,0,1
1200345652,31084,1,1,1,0,0,0,0,1
1200851651,31084,1,1,1,0,0,0,0,1
1201357649,31084,1,1,1,0,0,0,0,1
1201863651,31084,1,1,1,0,0,0,0,1
1202369650,31084,1,1,1,0,0,0,0,1
1202875660,31084,1,1,1,0,0,0,0,1
1203381652,31084,1,1,1,0,0,0,0,1
1203887652,31084,1,1,1,0,0,0,0,1
1204393669,31084,1,1,1,0,0,0,0,1
1207429652,31084,1,1,1,0,0,0,0,1
1207935652,31084,1,1,1,0,0,0,0,1
1208441652,31084,1,1,1,0,0,0,0,1
1208947700,31084,1,1,1,0,0,0,0,1
1209453713,31084,1,1,1,0,0,0,0,1
1209959733,31084,1,1,1,0,0,0,0,1
1210465651,31084,1,1,1,0,0,0,0,1
1210971753,31084,1,1,1,0,0,0,0,1
1211477652,31084,1,1,1,0,0,0,0,1
1211983885,31084,1,1,1,0,0,0,0,1
1212489669,31084,1,1,1,0,0,0,0,1
1212995653,31084,1,1,1,0,0,0,0,1
1213501652,31084,1,1,1,0,0,0,0,1
1214007720,31084,1,1,1,0,0,0,0,1
1214513651,31084,1,1,1,0,0,0,0,1
1215019670,31084,1,1,1,0,0,0,0,1
1215525688,31084,1,1,1,0,0,0,0,1
1216031706,31084,1,1,1,0,0,0,0,1
1216537710,31084,1,1,1,0,0,0,0,1
1217043652,31084,1,1,1,0,0,0,0,1
1217549671,31084,1,1,1,0,0,0,0,1
1218055653,31084,1,1,1,0,0,0,0,1
1218561652,31084,1,1,1,0,0,0,0,1
1219067653,31084,1,1,1,0,0,0,0,1
1219573652,31084,1,1,1,0,0,0,0,1
1220079652,31084,1,1,1,0,0,0,0,1
1220585678,31084,1,1,1,0,0,0,0,1
1221091652,31084,1,1,1,0,0,0,0,1
1221597695,31084,1,1,1,0,0,0,0,1
1222103654,31084,1,1,1,0,0,0,0,1
1222610117,31084,1,1,1,0,0,0,0,1
1223115676,31084,1,1,1,0,0,0,0,1
1223622144,31084,1,1,1,0,0,0,0,1
1224127653,31084,1,1,1,0,0,0,0,1
1224633701,31084,1,1,1,0,0,0,0,1
1225139651,31084,1,1,1,0,0,0,0,1
1225645653,31084,1,1,1,0,0,0,0,1
1226151652,31084,1,1,1,0,0,0,0,1
1226657677,31084,1,1,1,0,0,0,0,1
1227163653,31084,1,1,1,0,0,0,0,1
1227669652,31084,1,1,1,0,0,0,0,1
1228175652,31084,1,1,1,0,0,0,0,1
1228681653,31084,1,1,1,0,0,0,0,1
1229187694,31084,1,1,1,0,0,0,0,1
1229693674,31084,1,1,1,0,0,0,0,1
1230199652,31084,1,1,1,0,0,0,0,1
1230705653,31084,1,1,1,0,0,0,0,1
1231211673,31084,1,1,1,0,0,0,0,1
1231475653,31084,1,1,1,0,0,0,0,1
1231519668,31084,1,1,1,0,0,0,0,1
1232949652,31084,1,1,1,0,0,0,0,1
1233455653,31084,1,1,1,0,0,0,0,1
1233961676,31084,1,1,1,0,0,0,0,1
1234467654,31084,1,1,1,0,0,0,0,1
1234973670,31084,1,1,1,0,0,0,0,1
1235479668,31084,1,1,1,0,0,0,0,1
1235985748,31084,1,1,1,0,0,0,0,1
1236491978,31084,1,1,1,0,0,0,0,1
1236997677,31084,1,1,1,0,0,0,0,1
1237504085,31084,1,1,1,0,0,0,0,1
1238009674,31084,1,1,1,0,0,0,0,1
1238515652,31084,1,1,1,0,0,0,0,1
1239021665,31084,1,1,1,0,0,0,0,1
1240539652,31084,1,1,1,0,0,0,0,1
1241045653,31084,1,1,1,0,0,0,0,1
1241551653,31084,1,1,1,0,0,0,0,1
1242057651,31084,1,1,1,0,0,0,0,1
1242563652,31084,1,1,1,0,0,0,0,1
1243069681,31084,1,1,1,0,0,0,0,1
1243575652,31084,1,1,1,0,0,0,0,1
1244081652,31084,1,1,1,0,0,0,0,1
1244587701,31084,1,1,1,0,0,0,0,1
1245093677,31084,1,1,1,0,0,0,0,1
1245599651,31084,1,1,1,0,0,0,0,1
1246105652,31084,1,1,1,0,0,0,0,1
1246611654,31084,1,1,1,0,0,0,0,1
1247117653,31084,1,1,1,0,0,0,0,1
1247623660,31084,1,1,1,0,0,0,0,1
1248129655,31084,1,1,1,0,0,0,0,1
1248635652,31084,1,1,1,0,0,0,0,1
1249141652,31084,1,1,1,0,0,0,0,1
1249647764,31084,1,1,1,0,0,0,0,1
1250153767,31084,1,1,1,0,0,0,0,1
1250659652,31084,1,1,1,0,0,0,0,1
1251165654,31084,1,1,1,0,0,0,0,1
1251671652,31084,1,1,1,0,0,0,0,1
1252177652,31084,1,1,1,0,0,0,0,1
1252683653,31084,1,1,1,0,0,0,0,1
1253189652,31084,1,1,1,0,0,0,0,1
1253695652,31084,1,1,1,0,0,0,0,1
1253893654,31084,1,1,1,0,0,0,0,1
1253904652,31084,1,1,1,0,0,0,0,1
1254410653,31084,1,1,1,0,0,0,0,1
1254916653,31084,1,1,1,0,0,0,0,1
1255422694,31084,1,1,1,0,0,0,0,1
1255928787,31084,1,1,1,0,0,0,0,1
1256435053,31084,1,1,1,0,0,0,0,1
1256940682,31084,1,1,1,0,0,0,0,1
1257446698,31084,1,1,1,0,0,0,0,1
1257952653,31084,1,1,1,0,0,0,0,1
1258458963,31084,1,1,1,0,0,0,0,1
1258964651,31084,1,1,1,0,0,0,0,1
1259470702,31084,1,1,1,0,0,0,0,1
1259976669,31084,1,1,1,0,0,0,0,1
1260482695,31084,1,1,1,0,0,0,0,1
1260988671,31084,1,1,1,0,0,0,0,1
1261494652,31084,1,1,1,0,0,0,0,1
1262000649,31084,1,1,1,0,0,0,0,1
1262506652,31084,1,1,1,0,0,0,0,1
1263012732,31084,1,1,1,0,0,0,0,1
1263518653,31084,1,1,1,0,0,0,0,1
1264024651,31084,1,1,1,0,0,0,0,1
1264530653,31084,1,1,1,0,0,0,0,1
1265036652,31084,1,1,1,0,0,0,0,1
1265542714,31084,1,1,1,0,0,0,0,1
1266048671,31084,1,1,1,0,0,0,0,1
1266554653,31084,1,1,1,0,0,0,0,1
1267060652,31084,1,1,1,0,0,0,0,1
1267566679,31084,1,1,1,0,0,0,0,1
1268072694,31084,1,1,1,0,0,0,0,1
1268578670,31084,1,1,1,0,0,0,0,1
1269084652,31084,1,1,1,0,0,0,0,1
1269590746,31084,1,1,1,0,0,0,0,1
1270096796,31084,1,1,1,0,0,0,0,1
1270602653,31084,1,1,1,0,0,0,0,1
1271108688,31084,1,1,1,0,0,0,0,1
1271614687,31084,1,1,1,0,0,0,0,1
1272120994,31084,1,1,1,0,0,0,0,1
1272626670,31084,1,1,1,0,0,0,0,1
1273132652,31084,1,1,1,0,0,0,0,1
1273638651,31084,1,1,1,0,0,0,0,1
1274144653,31084,1,1,1,0,0,0,0,1
1274650653,31084,1,1,1,0,0,0,0,1
1275156654,31084,1,1,1,0,0,0,0,1
1275662676,31084,1,1,1,0,0,0,0,1
1276168669,31084,1,1,1,0,0,0,0,1
1276674678,31084,1,1,1,0,0,0,0,1
1277180672,31084,1,1,1,0,0,0,0,1
1277686652,31084,1,1,1,0,0,0,0,1
1278192649,31084,1,1,1,0,0,0,0,1
1278698674,31084,1,1,1,0,0,0,0,1
1279204670,31084,1,1,1,0,0,0,0,1
1279710670,31084,1,1,1,0,0,0,0,1
1280216654,31084,1,1,1,0,0,0,0,1
1280722651,31084,1,1,1,0,0,0,0,1
1281228697,31084,1,1,1,0,0,0,0,1
1281734654,31084,1,1,1,0,0,0,0,1
1282240670,31084,1,1,1,0,0,0,0,1
1282746669,31084,1,1,1,0,0,0,0,1
1283252765,31084,1,1,1,0,0,0,0,1
1283758756,31084,1,1,1,0,0,0,0,1
1284264652,31084,1,1,1,0,0,0,0,1
1284770735,31084,1,1,1,0,0,0,0,1
1285276652,31084,1,1,1,0,0,0,0,1
1285782913,31084,1,1,1,0,0,0,0,1
1286288670,31084,1,1,1,0,0,0,0,1
1286794652,31084,1,1,1,0,0,0,0,1
1287300652,31084,1,1,1,0,0,0,0,1
1287806654,31084,1,1,1,0,0,0,0,1
1288312652,31084,1,1,1,0,0,0,0,1
1288818657,31084,1,1,1,0,0,0,0,1
1289324651,31084,1,1,1,0,0,0,0,1
1289830651,31084,1,1,1,0,0,0,0,1
1290336669,31084,1,1,1,0,0,0,0,1
1290842710,31084,1,1,1,0,0,0,0,1
1291348670,31084,1,1,1,0,0,0,0,1
1291854652,31084,1,1,1,0,0,0,0,1
1292360672,31084,1,1,1,0,0,0,0,1
1292866655,31084,1,1,1,0,0,0,0,1
1293372667,31084,1,1,1,0,0,0,0,1
1293878652,31084,1,1,1,0,0,0,0,1
1294384679,31084,1,1,1,0,0,0,0,1
1294890663,31084,1,1,1,0,0,0,0,1
1295396653,31084,1,1,1,0,0,0,0,1
1295902653,31084,1,1,1,0,0,0,0,1
1296409119,31084,1,1,1,0,0,0,0,1
1296914730,31084,1,1,1,0,0,0,0,1
1297421276,31084,1,1,1,0,0,0,0,1
1297926653,31084,1,1,1,0,0,0,0,1
1298432679,31084,1,1,1,0,0,0,0,1
1298938653,31084,1,1,1,0,0,0,0,1
1299444943,31084,1,1,1,0,0,0,0,1
1299950668,31084,1,1,1,0,0,0,0,1
1300456653,31084,1,1,1,0,0,0,0,1
1300962712,31084,1,1,1,0,0,0,0,1
1301468669,31084,1,1,1,0,0,0,0,1
1301974653,31084,1,1,1,0,0,0,0,1
1302480653,31084,1,1,1,0,0,0,0,1
1302986653,31084,1,1,1,0,0,0,0,1
1303492657,31084,1,1,1,0,0,0,0,1
1303998652,31084,1,1,1,0,0,0,0,1
1304504653,31084,1,1,1,0,0,0,0,1
1305010651,31084,1,1,1,0,0,0,0,1
1305516699,31084,1,1,1,0,0,0,0,1
1306022651,31084,1,1,1,0,0,0,0,1
1306528670,31084,1,1,1,0,0,0,0,1
1307034654,31084,1,1,1,0,0,0,0,1
1307540672,31084,1,1,1,0,0,0,0,1
1312094671,31084,1,1,1,0,0,0,0,1
1312600670,31084,1,1,1,0,0,0,0,1
1313106652,31084,1,1,1,0,0,0,0,1
1313612653,31084,1,1,1,0,0,0,0,1
1314118653,31084,1,1,1,0,0,0,0,1
1314624671,31084,1,1,1,0,0,0,0,1
1315130652,31084,1,1,1,0,0,0,0,1
1315636653,31084,1,1,1,0,0,0,0,1
1316142653,31084,1,1,1,0,0,0,0,1
1316648670,31084,1,1,1,0,0,0,0,1
1317154660,31084,1,1,1,0,0,0,0,1
1317660652,31084,1,1,1,0,0,0,0,1
1318166652,31084,1,1,1,0,0,0,0,1
1318672652,31084,1,1,1,0,0,0,0,1
1319178700,31084,1,1,1,0,0,0,0,1
1319684652,31084,1,1,1,0,0,0,0,1
1320190674,31084,1,1,1,0,0,0,0,1
1320696653,31084,1,1,1,0,0,0,0,1
1321202721,31084,1,1,1,0,0,0,0,1
1321708687,31084,1,1,1,0,0,0,0,1
1322214652,31084,1,1,1,0,0,0,0,1
1322720652,31084,1,1,1,0,0,0,0,1
1323226774,31084,1,1,1,0,0,0,0,1
1323733101,31084,1,1,1,0,0,0,0,1
1324238652,31084,1,1,1,0,0,0,0,1
1324744662,31084,1,1,1,0,0,0,0,1
1325250665,31084,1,1,1,0,0,0,0,1
1325756653,31084,1,1,1,0,0,0,0,1
1326262698,31084,1,1,1,0,0,0,0,1
1326768670,31084,1,1,1,0,0,0,0,1
1327274651,31084,1,1,1,0,0,0,0,1
1327780652,31084,1,1,1,0,0,0,0,1
1328286653,31084,1,1,1,0,0,0,0,1
1328792652,31084,1,1,1,0,0,0,0,1
1329298653,31084,1,1,1,0,0,0,0,1
1329804689,31084,1,1,1,0,0,0,0,1
1330310678,31084,1,1,1,0,0,0,0,1
1330816653,31084,1,1,1,0,0,0,0,1
1331322653,31084,1,1,1,0,0,0,0,1
1331828667,31084,1,1,1,0,0,0,0,1
1332334653,31084,1,1,1,0,0,0,0,1
1332840652,31084,1,1,1,0,0,0,0,1
1333346652,31084,1,1,1,0,0,0,0,1
1333852652,31084,1,1,1,0,0,0,0,1
1334358669,31084,1,1,1,0,0,0,0,1
1334864696,31084,1,1,1,0,0,0,0,1
1335370652,31084,1,1,1,0,0,0,0,1
1335876652,31084,1,1,1,0,0,0,0,1
1336382654,31084,1,1,1,0,0,0,0,1
1336888757,31084,1,1,1,0,0,0,0,1
1337394845,31084,1,1,1,0,0,0,0,1
1337900653,31084,1,1,1,0,0,0,0,1
1338406653,31084,1,1,1,0,0,0,0,1
1338912657,31084,1,1,1,0,0,0,0,1
1339418652,31084,1,1,1,0,0,0,0,1
1339924671,31084,1,1,1,0,0,0,0,1
1340430651,31084,1,1,1,0,0,0,0,1
1340936652,31084,1,1,1,0,0,0,0,1
1341442655,31084,1,1,1,0,0,0,0,1
1341948670,31084,1,1,1,0,0,0,0,1
1342454652,31084,1,1,1,0,0,0,0,1
1342960652,31084,1,1,1,0,0,0,0,1
1343466666,31084,1,1,1,0,0,0,0,1
1343972653,31084,1,1,1,0,0,0,0,1
1344478652,31084,1,1,1,0,0,0,0,1
1344984649,31084,1,1,1,0,0,0,0,1
1345490652,31084,1,1,1,0,0,0,0,1
1345996674,31084,1,1,1,0,0,0,0,1
1346502658,31084,1,1,1,0,0,0,0,1
1347008674,31084,1,1,1,0,0,0,0,1
1347514656,31084,1,1,1,0,0,0,0,1
1348020724,31084,1,1,1,0,0,0,0,1
1348526653,31084,1,1,1,0,0,0,0,1
1349032692,31084,1,1,1,0,0,0,0,1
1349538652,31084,1,1,1,0,0,0,0,1
1350044653,31084,1,1,1,0,0,0,0,1
1350550721,31084,1,1,1,0,0,0,0,1
1351056742,31084,1,1,1,0,0,0,0,1
1351562653,31084,1,1,1,0,0,0,0,1
1352068674,31084,1,1,1,0,0,0,0,1
1352574651,31084,1,1,1,0,0,0,0,1
1353080877,31084,1,1,1,0,0,0,0,1
1353586673,31084,1,1,1,0,0,0,0,1
1354092652,31084,1,1,1,0,0,0,0,1
1354598651,31084,1,1,1,0,0,0,0,1
1355104653,31084,1,1,1,0,0,0,0,1
1355610653,31084,1,1,1,0,0,0,0,1
1356116652,31084,1,1,1,0,0,0,0,1
1356622676,31084,1,1,1,0,0,0,0,1
1357128672,31084,1,1,1,0,0,0,0,1
1357634651,31084,1,1,1,0,0,0,0,1
1358140652,31084,1,1,1,0,0,0,0,1
1358646653,31084,1,1,1,0,0,0,0,1
1359152652,31084,1,1,1,0,0,0,0,1
1359658652,31084,1,1,1,0,0,0,0,1
1360164656,31084,1,1,1,0,0,0,0,1
1360670656,31084,1,1,1,0,0,0,0,1
1361176688,31084,1,1,1,0,0,0,0,1
1361682701,31084,1,1,1,0,0,0,0,1
1362188670,31084,1,1,1,0,0,0,0,1
1362694649,31084,1,1,1,0,0,0,0,1
1363200653,31084,1,1,1,0,0,0,0,1
1363244653,31084,1,1,1,0,0,0,0,0
1363751045,31084,1,1,1,0,0,0,0,0
1364256699,31084,1,1,1,0,0,0,0,0
1364763186,31084,1,1,1,0,0,0,0,0
1365268671,31084,1,1,1,0,0,0,0,0
1365774653,31084,1,1,1,0,0,0,0,0
1366280654,31084,1,1,1,0,0,0,0,0
1366786655,31084,1,1,1,0,0,0,0,0
1367292654,31084,1,1,1,0,0,0,0,0
1367798662,31084,1,1,1,0,0,0,0,0
1368304670,31084,1,1,1,0,0,0,0,0
1368810671,31084,1,1,1,0,0,0,0,0
1369316653,31084,1,1,1,0,0,0,0,0
1369822695,31084,1,1,1,0,0,0,0,0
1370328682,31084,1,1,1,0,0,0,0,0
1370834674,31084,1,1,1,0,0,0,0,0
1371340652,31084,1,1,1,0,0,0,0,0
1371846669,31084,1,1,1,0,0,0,0,0
1375399651,31084,1,1,1,0,0,0,0,0
1375905653,31084,1,1,1,0,0,0,0,0
1376411708,31084,1,1,1,0,0,0,0,0
1376917652,31084,1,1,1,0,0,0,0,0
1377423692,31084,1,1,1,0,0,0,0,0
1377929653,31084,1,1,1,0,0,0,0,0
1378435652,31084,1,1,1,0,0,0,0,0
1378941670,31084,1,1,1,0,0,0,0,0
1379447735,31084,1,1,1,0,0,0,0,0
1379953652,31084,1,1,1,0,0,0,0,0
1380459653,31084,1,1,1,0,0,0,0,0
1380965653,31084,1,1,1,0,0,0,0,0
1381471653,31084,1,1,1,0,0,0,0,0
1381977697,31084,1,1,1,0,0,0,0,0
1382483653,31084,1,1,1,0,0,0,0,0
1382989652,31084,1,1,1,0,0,0,0,0
1383495652,31084,1,1,1,0,0,0,0,0
1384002357,31084,1,1,1,0,0,0,0,0
1384507656,31084,1,1,1,0,0,0,0,0
1385013714,31084,1,1,1,0,0,0,0,0
1385519672,31084,1,1,1,0,0,0,0,0
1386025652,31084,1,1,1,0,0,0,0,0
1386531653,31084,1,1,1,0,0,0,0,0
1387037653,31084,1,1,1,0,0,0,0,0
1387543658,31084,1,1,1,0,0,0,0,0
1388049674,31084,1,1,1,0,0,0,0,0
1388555679,31084,1,1,1,0,0,0,0,0
1389061672,31084,1,1,1,0,0,0,0,0
1389567652,31084,1,1,1,0,0,0,0,0
1390073668,31084,1,1,1,0,0,0,0,0
1390579669,31084,1,1,1,0,0,0,0,0
1391086653,31084,1,1,1,0,0,0,0,0
1391592676,31084,1,1,1,0,0,0,0,0
1392098718,31084,1,1,1,0,0,0,0,0
1392605304,31084,1,1,1,0,0,0,0,0
1393110652,31084,1,1,1,0,0,0,0,0
1393616653,31084,1,1,1,0,0,0,0,0
1394122652,31084,1,1,1,0,0,0,0,0
1394628671,31084,1,1,1,0,0,0,0,0
1395134652,31084,1,1,1,0,0,0,0,0
1395640724,31084,1,1,1,0,0,0,0,0
1396146653,31084,1,1,1,0,0,0,0,0
1396652652,31084,1,1,1,0,0,0,0,0
1397158651,31084,1,1,1,0,0,0,0,0
1397664650,31084,1,1,1,0,0,0,0,0
1398170653,31084,1,1,1,0,0,0,0,0
1398676653,31084,1,1,1,0,0,0,0,0
1399182653,31084,1,1,1,0,0,0,0,0
1399688671,31084,1,1,1,0,0,0,0,0
1400194669,31084,1,1,1,0,0,0,0,0
1400700718,31084,1,1,1,0,0,0,0,0
1401206652,31084,1,1,1,0,0,0,0,0
1401712651,31084,1,1,1,0,0,0,0,0
1402218652,31084,1,1,1,0,0,0,0,0
1402724652,31084,1,1,1,0,0,0,0,0
1403230676,31084,1,1,1,0,0,0,0,0
1404242653,31084,1,1,1,0,0,0,0,0
1404748670,31084,1,1,1,0,0,0,0,0
1404924702,0,0,1,1,0,0,0,0,0
1405431651,0,0,1,1,0,0,0,0,0
