timestamp,error_count,differential_pressure_raw_pa,differential_pressure_filtered_pa,temperature,device_id
32098271,0,-34.620815,-34.620792,-1000.0,0
33110093,0,-34.620815,-34.620792,-1000.0,0
34107236,0,-34.620815,-34.620792,-1000.0,0
35104362,0,-34.620815,-34.620792,-1000.0,0
36101551,0,-34.620815,-34.620792,-1000.0,0
37113361,0,-34.620815,-34.620792,-1000.0,0
38110487,0,-34.620815,-34.620792,-1000.0,0
39107699,0,-34.620815,-34.620792,-1000.0,0
40104817,0,-34.620815,-34.620792,-1000.0,0
41101944,0,-34.620815,-34.620792,-1000.0,0
42099101,0,-34.620815,-34.620792,-1000.0,0
43110918,0,-34.620815,-34.620792,-1000.0,0
44108063,0,-34.620815,-34.620792,-1000.0,0
45105262,0,-34.620815,-34.620792,-1000.0,0
46102418,0,-34.620815,-34.620792,-1000.0,0
47099554,0,-34.620815,-34.620792,-1000.0,0
48111339,0,-34.620815,-34.620792,-1000.0,0
49108492,0,-34.620815,-34.620792,-1000.0,0
50105639,0,-34.620815,-34.620792,-1000.0,0
53111763,0,-34.620815,-34.620792,-1000.0,0
54108912,0,-34.620815,-34.620792,-1000.0,0
55106103,0,-34.620815,-34.620792,-1000.0,0
56103213,0,-34.620815,-34.620792,-1000.0,0
57100360,0,-34.620815,-34.620792,-1000.0,0
58112172,0,-34.620815,-34.620792,-1000.0,0
59109342,0,-34.620815,-34.620792,-1000.0,0
60106479,0,-34.620815,-34.620792,-1000.0,0
61103628,0,-34.620815,-34.620792,-1000.0,0
62100856,0,-34.620815,-34.620792,-1000.0,0
63097931,0,-34.620815,-34.620792,-1000.0,0
64109756,0,-34.620815,-34.620792,-1000.0,0
65106900,0,-34.620815,-34.620792,-1000.0,0
66104054,0,-34.620815,-34.620792,-1000.0,0
67101234,0,-34.620815,-34.620792,-1000.0,0
68113020,0,-34.620815,-34.620792,-1000.0,0
69110199,0,-34.620815,-34.620792,-1000.0,0
70107350,0,-34.620815,-34.620792,-1000.0,0
71104477,0,-34.620815,-34.620792,-1000.0,0
72101659,0,-34.620815,-34.620792,-1000.0,0
73113445,0,-34.620815,-34.620792,-1000.0,0
74110604,0,-34.620815,-34.620792,-1000.0,0
75107774,0,-34.620815,-34.620792,-1000.0,0
76104901,0,-34.620815,-34.620792,-1000.0,0
77102051,0,-34.620815,-34.620792,-1000.0,0
78099241,0,-34.620815,-34.620792,-1000.0,0
79111037,0,-34.620815,-34.620792,-1000.0,0
80108172,0,-34.620815,-34.620792,-1000.0,0
81105332,0,-34.620815,-34.620792,-1000.0,0
82102479,0,-34.620815,-34.620792,-1000.0,0
83114298,0,-34.620815,-34.620792,-1000.0,0
84111485,0,-34.620815,-34.620792,-1000.0,0
85108599,0,-34.620815,-34.620792,-1000.0,0
86105748,0,-34.620815,-34.620792,-1000.0,0
87102899,0,-34.620815,-34.620792,-1000.0,0
88100053,0,-34.620815,-34.620792,-1000.0,0
89111869,0,-34.620815,-34.620792,-1000.0,0
90109023,0,-34.620815,-34.620792,-1000.0,0
91106206,0,-34.620815,-34.620792,-1000.0,0
92103353,0,-34.620815,-34.620792,-1000.0,0
93100481,0,-34.620815,-34.620792,-1000.0,0
94112321,0,-34.620815,-34.620792,-1000.0,0
95109445,0,-34.620815,-34.620792,-1000.0,0
96106598,0,-34.620815,-34.620792,-1000.0,0
97103748,0,-34.620815,-34.620792,-1000.0,0
98100899,0,-34.620815,-34.620792,-1000.0,0
99112773,0,-34.620815,-34.620792,-1000.0,0
100109919,0,-34.620815,-34.620792,-1000.0,0
101107020,0,-34.620815,-34.620792,-1000.0,0
102104173,0,-34.620815,-34.620792,-1000.0,0
103101324,0,-34.620815,-34.620792,-1000.0,0
104113143,0,-34.620815,-34.620792,-1000.0,0
105110307,0,-34.620815,-34.620792,-1000.0,0
106107441,0,-34.620815,-34.620792,-1000.0,0
107104602,0,-34.620815,-34.620792,-1000.0,0
108101749,0,-34.620815,-34.620792,-1000.0,0
109098933,0,-34.620815,-34.620792,-1000.0,0
110110758,0,-34.620815,-34.620792,-1000.0,0
111107867,0,-34.620815,-34.620792,-1000.0,0
112105023,0,-34.620815,-34.620792,-1000.0,0
113102169,0,-34.620815,-34.620792,-1000.0,0
118102598,0,-34.620815,-34.620792,-1000.0,0
119099750,0,-34.620815,-34.620792,-1000.0,0
120111568,0,-34.620815,-34.620792,-1000.0,0
121108765,0,-34.620815,-34.620792,-1000.0,0
122105959,0,-34.620815,-34.620792,-1000.0,0
123103050,0,-34.620815,-34.620792,-1000.0,0
124100193,0,-34.620815,-34.620792,-1000.0,0
125111993,0,-34.620815,-34.620792,-1000.0,0
126109182,0,-34.620815,-34.620792,-1000.0,0
127106325,0,-34.620815,-34.620792,-1000.0,0
128103464,0,-34.620815,-34.620792,-1000.0,0
129100620,0,-34.620815,-34.620792,-1000.0,0
130112420,0,-34.620815,-34.620792,-1000.0,0
131109566,0,-34.620815,-34.620792,-1000.0,0
132106739,0,-34.620815,-34.620792,-1000.0,0
133103871,0,-34.620815,-34.620792,-1000.0,0
134101026,0,-34.620815,-34.620792,-1000.0,0
135112862,0,-34.620815,-34.620792,-1000.0,0
136109992,0,-34.620815,-34.620792,-1000.0,0
137107141,0,-34.620815,-34.620792,-1000.0,0
138104294,0,-34.620815,-34.620792,-1000.0,0
139101476,0,-34.620815,-34.620792,-1000.0,0
140098634,0,-34.620815,-34.620792,-1000.0,0
141110444,0,-34.620815,-34.620792,-1000.0,0
142107595,0,-34.620815,-34.620792,-1000.0,0
143104720,0,-34.620815,-34.620792,-1000.0,0
144101872,0,-34.620815,-34.620792,-1000.0,0
145099020,0,-34.620815,-34.620792,-1000.0,0
146110851,0,-34.620815,-34.620792,-1000.0,0
147107990,0,-34.620815,-34.620792,-1000.0,0
148105133,0,-34.620815,-34.620792,-1000.0,0
149102318,0,-34.620815,-34.620792,-1000.0,0
150114109,0,-34.620815,-34.620792,-1000.0,0
151111267,0,-34.620815,-34.620792,-1000.0,0
152108414,0,-34.620815,-34.620792,-1000.0,0
153105561,0,-34.620815,-34.620792,-1000.0,0
154102746,0,-34.620815,-34.620792,-1000.0,0
155099893,0,-34.620815,-34.620792,-1000.0,0
156111687,0,-34.620815,-34.620792,-1000.0,0
157108844,0,-34.620815,-34.620792,-1000.0,0
158106016,0,-34.620815,-34.620792,-1000.0,0
159103142,0,-34.620815,-34.620792,-1000.0,0
160100310,0,-34.620815,-34.620792,-1000.0,0
163106412,0,-34.620815,-34.620792,-1000.0,0
164103566,0,-34.620815,-34.620792,-1000.0,0
165100725,0,-34.620815,-34.620792,-1000.0,0
166112535,0,-34.620815,-34.620792,-1000.0,0
167109685,0,-34.620815,-34.620792,-1000.0,0
168106873,0,-34.620815,-34.620792,-1000.0,0
169104022,0,-34.620815,-34.620792,-1000.0,0
170101174,0,-34.620815,-34.620792,-1000.0,0
171112991,0,-34.620815,-34.620792,-1000.0,0
172110156,0,-34.620815,-34.620792,-1000.0,0
173107335,0,-34.620815,-34.620792,-1000.0,0
174104445,0,-34.620815,-34.620792,-1000.0,0
175101599,0,-34.620815,-34.620792,-1000.0,0
176098756,0,-34.620815,-34.620792,-1000.0,0
177110572,0,-34.620815,-34.620792,-1000.0,0
178107707,0,-34.620815,-34.620792,-1000.0,0
179104877,0,-34.620815,-34.620792,-1000.0,0
180101990,0,-34.620815,-34.620792,-1000.0,0
181113803,0,-34.620815,-34.620792,-1000.0,0
182110973,0,-34.620815,-34.620792,-1000.0,0
183108109,0,-34.620815,-34.620792,-1000.0,0
184105309,0,-34.620815,-34.620792,-1000.0,0
185102413,0,-34.620815,-34.620792,-1000.0,0
186099565,0,-34.620815,-34.620792,-1000.0,0
187111384,0,-34.620815,-34.620792,-1000.0,0
188108534,0,-34.620815,-34.620792,-1000.0,0
189105683,0,-34.620815,-34.620792,-1000.0,0
190102861,0,-34.620815,-34.620792,-1000.0,0
191099994,0,-34.620815,-34.620792,-1000.0,0
192111833,0,-34.620815,-34.620792,-1000.0,0
193109000,0,-34.620815,-34.620792,-1000.0,0
194106108,0,-34.620815,-34.620792,-1000.0,0
195103259,0,-34.620815,-34.620792,-1000.0,0
196100408,0,-34.620815,-34.620792,-1000.0,0
197112235,0,-34.620815,-34.620792,-1000.0,0
198109380,0,-34.620815,-34.620792,-1000.0,0
199106532,0,-34.620815,-34.620792,-1000.0,0
200103686,0,-34.620815,-34.620792,-1000.0,0
201100843,0,-34.620815,-34.620792,-1000.0,0
202112694,0,-34.620815,-34.620792,-1000.0,0
203109845,0,-34.620815,-34.620792,-1000.0,0
204106961,0,-34.620815,-34.620792,-1000.0,0
205104153,0,-34.620815,-34.620792,-1000.0,0
206101263,0,-34.620815,-34.620792,-1000.0,0
207098411,0,-34.620815,-34.620792,-1000.0,0
208110279,0,-34.620815,-34.620792,-1000.0,0
209107397,0,-34.620815,-34.620792,-1000.0,0
210104536,0,-34.620815,-34.620792,-1000.0,0
211101686,0,-34.620815,-34.620792,-1000.0,0
212113501,0,-34.620815,-34.620792,-1000.0,0
213110657,0,-34.620815,-34.620792,-1000.0,0
214107805,0,-34.620815,-34.620792,-1000.0,0
215104960,0,-34.620815,-34.620792,-1000.0,0
216102110,0,-34.620815,-34.620792,-1000.0,0
217099287,0,-34.620815,-34.620792,-1000.0,0
218111089,0,-34.620815,-34.620792,-1000.0,0
219108231,0,-34.620815,-34.620792,-1000.0,0
220105379,0,-34.620815,-34.620792,-1000.0,0
221102531,0,-34.620815,-34.620792,-1000.0,0
222099687,0,-34.620815,-34.620792,-1000.0,0
223111510,0,-34.620815,-34.620792,-1000.0,0
227114807,0,-34.620815,-34.620792,-1000.0,0
228111930,0,-34.620815,-34.620792,-1000.0,0
229109080,0,-34.620815,-34.620792,-1000.0,0
230106255,0,-34.620815,-34.620792,-1000.0,0
231103380,0,-34.620815,-34.620792,-1000.0,0
232100528,0,-34.620815,-34.620792,-1000.0,0
233112401,0,-34.620815,-34.620792,-1000.0,0
234109548,0,-34.620815,-34.620792,-1000.0,0
235106654,0,-34.620815,-34.620792,-1000.0,0
236103805,0,-34.620815,-34.620792,-1000.0,0
237100957,0,-34.620815,-34.620792,-1000.0,0
238098109,0,-34.620815,-34.620792,-1000.0,0
239109926,0,-34.620815,-34.620792,-1000.0,0
240107081,0,-34.620815,-34.620792,-1000.0,0
241104235,0,-34.620815,-34.620792,-1000.0,0
242101426,0,-34.620815,-34.620792,-1000.0,0
243113200,0,-34.620815,-34.620792,-1000.0,0
244110352,0,-34.620815,-34.620792,-1000.0,0
245107497,0,-34.620815,-34.620792,-1000.0,0
246104651,0,-34.620815,-34.620792,-1000.0,0
247101807,0,-34.620815,-34.620792,-1000.0,0
248113625,0,-34.620815,-34.620792,-1000.0,0
249110778,0,-34.620815,-34.620792,-1000.0,0
250107926,0,-34.620815,-34.620792,-1000.0,0
251105071,0,-34.620815,-34.620792,-1000.0,0
252102229,0,-34.620815,-34.620792,-1000.0,0
253099380,0,-34.620815,-34.620792,-1000.0,0
254111202,0,-34.620815,-34.620792,-1000.0,0
255108354,0,-34.620815,-34.620792,-1000.0,0
256105499,0,-34.620815,-34.620792,-1000.0,0
257102655,0,-34.620815,-34.620792,-1000.0,0
258099841,0,-34.620815,-34.620792,-1000.0,0
259111626,0,-34.620815,-34.620792,-1000.0,0
260108770,0,-34.620815,-34.620792,-1000.0,0
261105982,0,-34.620815,-34.620792,-1000.0,0
262103077,0,-34.620815,-34.620792,-1000.0,0
263100271,0,-34.620815,-34.620792,-1000.0,0
264112046,0,-34.620815,-34.620792,-1000.0,0
265109201,0,-34.620815,-34.620792,-1000.0,0
266106381,0,-34.620815,-34.620792,-1000.0,0
267103501,0,-34.620815,-34.620792,-1000.0,0
268100705,0,-34.620815,-34.620792,-1000.0,0
269112475,0,-34.620815,-34.620792,-1000.0,0
270109653,0,-34.620815,-34.620792,-1000.0,0
271106807,0,-34.620815,-34.620792,-1000.0,0
272103961,0,-34.620815,-34.620792,-1000.0,0
273101115,0,-34.620815,-34.620792,-1000.0,0
274112928,0,-34.620815,-34.620792,-1000.0,0
275110079,0,-34.620815,-34.620792,-1000.0,0
276107228,0,-34.620815,-34.620792,-1000.0,0
277104388,0,-34.620815,-34.620792,-1000.0,0
278101501,0,-34.620815,-34.620792,-1000.0,0
279113320,0,-34.620815,-34.620792,-1000.0,0
280110480,0,-34.620815,-34.620792,-1000.0,0
281107623,0,-34.620815,-34.620792,-1000.0,0
282104800,0,-34.620815,-34.620792,-1000.0,0
283101923,0,-34.620815,-34.620792,-1000.0,0
284099082,0,-34.620815,-34.620792,-1000.0,0
285110897,0,-34.620815,-34.620792,-1000.0,0
286108045,0,-34.620815,-34.620792,-1000.0,0
287105225,0,-34.620815,-34.620792,-1000.0,0
288102393,0,-34.620815,-34.620792,-1000.0,0
290111321,0,-34.620815,-34.620792,-1000.0,0
291108489,0,-34.620815,-34.620792,-1000.0,0
292105621,0,-34.620815,-34.620792,-1000.0,0
293102796,0,-34.620815,-34.620792,-1000.0,0
294099922,0,-34.620815,-34.620792,-1000.0,0
295111743,0,-34.620815,-34.620792,-1000.0,0
297106043,0,-34.620815,-34.620792,-1000.0,0
298103200,0,-34.620815,-34.620792,-1000.0,0
299100350,0,-34.620815,-34.620792,-1000.0,0
300112172,0,-34.620815,-34.620792,-1000.0,0
301109320,0,-34.620815,-34.620792,-1000.0,0
302106473,0,-34.620815,-34.620792,-1000.0,0
303103621,0,-34.620815,-34.620792,-1000.0,0
304100770,0,-34.620815,-34.620792,-1000.0,0
305097954,0,-34.620815,-34.620792,-1000.0,0
306109815,0,-34.620815,-34.620792,-1000.0,0
307106925,0,-34.620815,-34.620792,-1000.0,0
308104074,0,-34.620815,-34.620792,-1000.0,0
309101227,0,-34.620815,-34.620792,-1000.0,0
310113045,0,-34.620815,-34.620792,-1000.0,0
311110233,0,-34.620815,-34.620792,-1000.0,0
312107342,0,-34.620815,-34.620792,-1000.0,0
313104470,0,-34.620815,-34.620792,-1000.0,0
314101620,0,-34.620815,-34.620792,-1000.0,0
315098771,0,-34.620815,-34.620792,-1000.0,0
316110595,0,-34.620815,-34.620792,-1000.0,0
317107769,0,-34.620815,-34.620792,-1000.0,0
318104892,0,-34.620815,-34.620792,-1000.0,0
319102052,0,-34.620815,-34.620792,-1000.0,0
320099196,0,-34.620815,-34.620792,-1000.0,0
321111059,0,-34.620815,-34.620792,-1000.0,0
322108167,0,-34.620815,-34.620792,-1000.0,0
323105314,0,-34.620815,-34.620792,-1000.0,0
324102471,0,-34.620815,-34.620792,-1000.0,0
325114285,0,-34.620815,-34.620792,-1000.0,0
326111435,0,-34.620815,-34.620792,-1000.0,0
327108592,0,-34.620815,-34.620792,-1000.0,0
328105764,0,-34.620815,-34.620792,-1000.0,0
329102892,0,-34.620815,-34.620792,-1000.0,0
330100043,0,-34.620815,-34.620792,-1000.0,0
331111883,0,-34.620815,-34.620792,-1000.0,0
332109022,0,-34.620815,-34.620792,-1000.0,0
337109470,0,-34.620815,-34.620792,-1000.0,0
338106594,0,-34.620815,-34.620792,-1000.0,0
339103739,0,-34.620815,-34.620792,-1000.0,0
340100890,0,-34.620815,-34.620792,-1000.0,0
341112740,0,-34.620815,-34.620792,-1000.0,0
342109901,0,-34.620815,-34.620792,-1000.0,0
343107014,0,-34.620815,-34.620792,-1000.0,0
344104163,0,-34.620815,-34.620792,-1000.0,0
345101319,0,-34.620815,-34.620792,-1000.0,0
346113138,0,-34.620815,-34.620792,-1000.0,0
347110309,0,-34.620815,-34.620792,-1000.0,0
348107435,0,-34.620815,-34.620792,-1000.0,0
349104592,0,-34.620815,-34.620792,-1000.0,0
350101739,0,-34.620815,-34.620792,-1000.0,0
351098897,0,-34.620815,-34.620792,-1000.0,0
352110715,0,-34.620815,-34.620792,-1000.0,0
353107893,0,-34.620815,-34.620792,-1000.0,0
354105011,0,-34.620815,-34.620792,-1000.0,0
355102163,0,-34.620815,-34.620792,-1000.0,0
356114015,0,-34.620815,-34.620792,-1000.0,0
357111166,0,-34.620815,-34.620792,-1000.0,0
358108315,0,-34.620815,-34.620792,-1000.0,0
359105433,0,-34.620815,-34.620792,-1000.0,0
360102588,0,-34.620815,-34.620792,-1000.0,0
361099740,0,-34.620815,-34.620792,-1000.0,0
362111576,0,-34.620815,-34.620792,-1000.0,0
363108732,0,-34.620815,-34.620792,-1000.0,0
364105919,0,-34.620815,-34.620792,-1000.0,0
365103013,0,-34.620815,-34.620792,-1000.0,0
366100188,0,-34.620815,-34.620792,-1000.0,0
367111981,0,-34.620815,-34.620792,-1000.0,0
368109179,0,-34.620815,-34.620792,-1000.0,0
369106289,0,-34.620815,-34.620792,-1000.0,0
370103437,0,-34.620815,-34.620792,-1000.0,0
371100591,0,-34.620815,-34.620792,-1000.0,0
372112446,0,-34.620815,-34.620792,-1000.0,0
373109558,0,-34.620815,-34.620792,-1000.0,0
374106741,0,-34.620815,-34.620792,-1000.0,0
375103899,0,-34.620815,-34.620792,-1000.0,0
376101011,0,-34.620815,-34.620792,-1000.0,0
377112836,0,-34.620815,-34.620792,-1000.0,0
378109992,0,-34.620815,-34.620792,-1000.0,0
379107137,0,-34.620815,-34.620792,-1000.0,0
380104286,0,-34.620815,-34.620792,-1000.0,0
381101435,0,-34.620815,-34.620792,-1000.0,0
382098592,0,-34.620815,-34.620792,-1000.0,0
383110405,0,-34.620815,-34.620792,-1000.0,0
384107556,0,-34.620815,-34.620792,-1000.0,0
385104712,0,-34.620815,-34.620792,-1000.0,0
386101859,0,-34.620815,-34.620792,-1000.0,0
387113682,0,-34.620815,-34.620792,-1000.0,0
388110836,0,-34.620815,-34.620792,-1000.0,0
389107979,0,-34.620815,-34.620792,-1000.0,0
390105127,0,-34.620815,-34.620792,-1000.0,0
391102346,0,-34.620815,-34.620792,-1000.0,0
395105554,0,-34.620815,-34.620792,-1000.0,0
396102737,0,-34.620815,-34.620792,-1000.0,0
397099887,0,-34.620815,-34.620792,-1000.0,0
398111682,0,-34.620815,-34.620792,-1000.0,0
399108833,0,-34.620815,-34.620792,-1000.0,0
400106049,0,-34.620815,-34.620792,-1000.0,0
401103133,0,-34.620815,-34.620792,-1000.0,0
402114954,0,-34.620815,-34.620792,-1000.0,0
403112101,0,-34.620815,-34.620792,-1000.0,0
404109254,0,-34.620815,-34.620792,-1000.0,0
405106404,0,-34.620815,-34.620792,-1000.0,0
406103553,0,-34.620815,-34.620792,-1000.0,0
407100738,0,-34.620815,-34.620792,-1000.0,0
408112556,0,-34.620815,-34.620792,-1000.0,0
409109711,0,-34.620815,-34.620792,-1000.0,0
410106876,0,-34.620815,-34.620792,-1000.0,0
411103981,0,-34.620815,-34.620792,-1000.0,0
412101148,0,-34.620815,-34.620792,-1000.0,0
413098321,0,-34.620815,-34.620792,-1000.0,0
414110109,0,-34.620815,-34.620792,-1000.0,0
415107309,0,-34.620815,-34.620792,-1000.0,0
416104403,0,-34.620815,-34.620792,-1000.0,0
417101552,0,-34.620815,-34.620792,-1000.0,0
418113376,0,-34.620815,-34.620792,-1000.0,0
419110524,0,-34.620815,-34.620792,-1000.0,0
420107705,0,-34.620815,-34.620792,-1000.0,0
421104862,0,-34.620815,-34.620792,-1000.0,0
422101981,0,-34.620815,-34.620792,-1000.0,0
423113800,0,-34.620815,-34.620792,-1000.0,0
424110955,0,-34.620815,-34.620792,-1000.0,0
425108100,0,-34.620815,-34.620792,-1000.0,0
426105351,0,-34.620815,-34.620792,-1000.0,0
427102435,0,-34.620815,-34.620792,-1000.0,0
428099558,0,-34.620815,-34.620792,-1000.0,0
429111398,0,-34.620815,-34.620792,-1000.0,0
430108522,0,-34.620815,-34.620792,-1000.0,0
431105711,0,-34.620815,-34.620792,-1000.0,0
432102839,0,-34.620815,-34.620792,-1000.0,0
433099979,0,-34.620815,-34.620792,-1000.0,0
434111802,0,-34.620815,-34.620792,-1000.0,0
435108949,0,-34.620815,-34.620792,-1000.0,0
436106102,0,-34.620815,-34.620792,-1000.0,0
437103250,0,-34.620815,-34.620792,-1000.0,0
438100402,0,-34.620815,-34.620792,-1000.0,0
439112220,0,-34.620815,-34.620792,-1000.0,0
440109374,0,-34.620815,-34.620792,-1000.0,0
441106555,0,-34.620815,-34.620792,-1000.0,0
442103707,0,-34.620815,-34.620792,-1000.0,0
443100863,0,-34.620815,-34.620792,-1000.0,0
446106949,0,-34.620815,-34.620792,-1000.0,0
447104105,0,-34.620815,-34.620792,-1000.0,0
448101252,0,-34.620815,-34.620792,-1000.0,0
449098401,0,-34.620815,-34.620792,-1000.0,0
450110246,0,-34.620815,-34.620792,-1000.0,0
451107392,0,-34.620815,-34.620792,-1000.0,0
452104520,0,-34.620815,-34.620792,-1000.0,0
453101674,0,-34.620815,-34.620792,-1000.0,0
454113494,0,-34.620815,-34.620792,-1000.0,0
455110646,0,-34.620815,-34.620792,-1000.0,0
456107798,0,-34.620815,-34.620792,-1000.0,0
457104953,0,-34.620815,-34.620792,-1000.0,0
458102134,0,-34.620815,-34.620792,-1000.0,0
459099282,0,-34.620815,-34.620792,-1000.0,0
460111105,0,-34.620815,-34.620792,-1000.0,0
461108224,0,-34.620815,-34.620792,-1000.0,0
462105372,0,-34.620815,-34.620792,-1000.0,0
463102526,0,-34.620815,-34.620792,-1000.0,0
464099676,0,-34.620815,-34.620792,-1000.0,0
465111499,0,-34.620815,-34.620792,-1000.0,0
466108660,0,-34.620815,-34.620792,-1000.0,0
467105798,0,-34.620815,-34.620792,-1000.0,0
468102951,0,-34.620815,-34.620792,-1000.0,0
469100095,0,-34.620815,-34.620792,-1000.0,0
470111916,0,-34.620815,-34.620792,-1000.0,0
471109076,0,-34.620815,-34.620792,-1000.0,0
472106221,0,-34.620815,-34.620792,-1000.0,0
473103391,0,-34.620815,-34.620792,-1000.0,0
474100554,0,-34.620815,-34.620792,-1000.0,0
475112398,0,-34.620815,-34.620792,-1000.0,0
476109588,0,-34.620815,-34.620792,-1000.0,0
477106645,0,-34.620815,-34.620792,-1000.0,0
478103825,0,-34.620815,-34.620792,-1000.0,0
479100955,0,-34.620815,-34.620792,-1000.0,0
480098102,0,-34.620815,-34.620792,-1000.0,0
481109929,0,-34.620815,-34.620792,-1000.0,0
482107075,0,-34.620815,-34.620792,-1000.0,0
483104218,0,-34.620815,-34.620792,-1000.0,0
484101373,0,-34.620815,-34.620792,-1000.0,0
485113195,0,-34.620815,-34.620792,-1000.0,0
486110344,0,-34.620815,-34.620792,-1000.0,0
487107493,0,-34.620815,-34.620792,-1000.0,0
488104643,0,-34.620815,-34.620792,-1000.0,0
489101830,0,-34.620815,-34.620792,-1000.0,0
490098982,0,-34.620815,-34.620792,-1000.0,0
491110834,0,-34.620815,-34.620792,-1000.0,0
492107916,0,-34.620815,-34.620792,-1000.0,0
493105069,0,-34.620815,-34.620792,-1000.0,0
494102223,0,-34.620815,-34.620792,-1000.0,0
495099378,0,-34.620815,-34.620792,-1000.0,0
498105493,0,-34.620815,-34.620792,-1000.0,0
499102672,0,-34.620815,-34.620792,-1000.0,0
500114465,0,-34.620815,-34.620792,-1000.0,0
501111616,0,-34.620815,-34.620792,-1000.0,0
502108776,0,-34.620815,-34.620792,-1000.0,0
503106006,0,-34.620815,-34.620792,-1000.0,0
504103103,0,-34.620815,-34.620792,-1000.0,0
505100245,0,-34.620815,-34.620792,-1000.0,0
506112039,0,-34.620815,-34.620792,-1000.0,0
507109220,0,-34.620815,-34.620792,-1000.0,0
508106380,0,-34.620815,-34.620792,-1000.0,0
509103491,0,-34.620815,-34.620792,-1000.0,0
510100645,0,-34.620815,-34.620792,-1000.0,0
511097804,0,-34.620815,-34.620792,-1000.0,0
512109617,0,-34.620815,-34.620792,-1000.0,0
513106768,0,-34.620815,-34.620792,-1000.0,0
514103922,0,-34.620815,-34.620792,-1000.0,0
515101071,0,-34.620815,-34.620792,-1000.0,0
516112920,0,-34.620815,-34.620792,-1000.0,0
517110069,0,-34.620815,-34.620792,-1000.0,0
518107193,0,-34.620815,-34.620792,-1000.0,0
519104375,0,-34.620815,-34.620792,-1000.0,0
520101493,0,-34.620815,-34.620792,-1000.0,0
521113313,0,-34.620815,-34.620792,-1000.0,0
522110461,0,-34.620815,-34.620792,-1000.0,0
523107615,0,-34.620815,-34.620792,-1000.0,0
524104814,0,-34.620815,-34.620792,-1000.0,0
525101917,0,-34.620815,-34.620792,-1000.0,0
526099075,0,-34.620815,-34.620792,-1000.0,0
527110907,0,-34.620815,-34.620792,-1000.0,0
528108035,0,-34.620815,-34.620792,-1000.0,0
529105257,0,-34.620815,-34.620792,-1000.0,0
530102366,0,-34.620815,-34.620792,-1000.0,0
531114157,0,-34.620815,-34.620792,-1000.0,0
532111314,0,-34.620815,-34.620792,-1000.0,0
533108459,0,-34.620815,-34.620792,-1000.0,0
534105609,0,-34.620815,-34.620792,-1000.0,0
535102800,0,-34.620815,-34.620792,-1000.0,0
536099918,0,-34.620815,-34.620792,-1000.0,0
537111736,0,-34.620815,-34.620792,-1000.0,0
538108886,0,-34.620815,-34.620792,-1000.0,0
539106036,0,-34.620815,-34.620792,-1000.0,0
540103224,0,-34.620815,-34.620792,-1000.0,0
541100387,0,-34.620815,-34.620792,-1000.0,0
542112162,0,-34.620815,-34.620792,-1000.0,0
543109328,0,-34.620815,-34.620792,-1000.0,0
544106462,0,-34.620815,-34.620792,-1000.0,0
545103614,0,-34.620815,-34.620792,-1000.0,0
546100761,0,-34.620815,-34.620792,-1000.0,0
550104046,0,-34.620815,-34.620792,-1000.0,0
551101189,0,-34.620815,-34.620792,-1000.0,0
552113038,0,-34.620815,-34.620792,-1000.0,0
553110213,0,-34.620815,-34.620792,-1000.0,0
554107339,0,-34.620815,-34.620792,-1000.0,0
555104460,0,-34.620815,-34.620792,-1000.0,0
556101611,0,-34.620815,-34.620792,-1000.0,0
557098766,0,-34.620815,-34.620792,-1000.0,0
558110584,0,-34.620815,-34.620792,-1000.0,0
559107770,0,-34.620815,-34.620792,-1000.0,0
560104938,0,-34.620815,-34.620792,-1000.0,0
561102037,0,-34.620815,-34.620792,-1000.0,0
562113858,0,-34.620815,-34.620792,-1000.0,0
563111040,0,-34.620815,-34.620792,-1000.0,0
564108160,0,-34.620815,-34.620792,-1000.0,0
565105308,0,-34.620815,-34.620792,-1000.0,0
566102461,0,-34.620815,-34.620792,-1000.0,0
567099613,0,-34.620815,-34.620792,-1000.0,0
568111459,0,-34.620815,-34.620792,-1000.0,0
569108580,0,-34.620815,-34.620792,-1000.0,0
570105740,0,-34.620815,-34.620792,-1000.0,0
571102890,0,-34.620815,-34.620792,-1000.0,0
572100036,0,-34.620815,-34.620792,-1000.0,0
573111887,0,-34.620815,-34.620792,-1000.0,0
574109048,0,-34.620815,-34.620792,-1000.0,0
575106156,0,-34.620815,-34.620792,-1000.0,0
576103315,0,-34.620815,-34.620792,-1000.0,0
577100492,0,-34.620815,-34.620792,-1000.0,0
578112304,0,-34.620815,-34.620792,-1000.0,0
579109431,0,-34.620815,-34.620792,-1000.0,0
580106580,0,-34.620815,-34.620792,-1000.0,0
581103731,0,-34.620815,-34.620792,-1000.0,0
582100883,0,-34.620815,-34.620792,-1000.0,0
583112728,0,-34.620815,-34.620792,-1000.0,0
584109927,0,-34.620815,-34.620792,-1000.0,0
585107004,0,-34.620815,-34.620792,-1000.0,0
586104157,0,-34.620815,-34.620792,-1000.0,0
587101317,0,-34.620815,-34.620792,-1000.0,0
588098463,0,-34.620815,-34.620792,-1000.0,0
589110307,0,-34.620815,-34.620792,-1000.0,0
590107434,0,-34.620815,-34.620792,-1000.0,0
591104582,0,-34.620815,-34.620792,-1000.0,0
592101759,0,-34.620815,-34.620792,-1000.0,0
593098915,0,-34.620815,-34.620792,-1000.0,0
594110701,0,-34.620815,-34.620792,-1000.0,0
595107853,0,-34.620815,-34.620792,-1000.0,0
596105031,0,-34.620815,-34.620792,-1000.0,0
597102181,0,-34.620815,-34.620792,-1000.0,0
598113976,0,-34.620815,-34.620792,-1000.0,0
599111125,0,-34.620815,-34.620792,-1000.0,0
600108277,0,-34.620815,-34.620792,-1000.0,0
601105432,0,-34.620815,-34.620792,-1000.0,0
602102616,0,-34.620815,-34.620792,-1000.0,0
603099731,0,-34.620815,-34.620792,-1000.0,0
604111554,0,-34.620815,-34.620792,-1000.0,0
605108718,0,-34.620815,-34.620792,-1000.0,0
606105909,0,-34.620815,-34.620792,-1000.0,0
607103005,0,-34.620815,-34.620792,-1000.0,0
608100152,0,-34.620815,-34.620792,-1000.0,0
609097365,0,-34.620815,-34.620792,-1000.0,0
610109180,0,-34.620815,-34.620792,-1000.0,0
611106308,0,-34.620815,-34.620792,-1000.0,0
612103430,0,-34.620815,-34.620792,-1000.0,0
613100580,0,-34.620815,-34.620792,-1000.0,0
614112396,0,-34.620815,-34.620792,-1000.0,0
615109553,0,-34.620815,-34.620792,-1000.0,0
616106699,0,-34.620815,-34.620792,-1000.0,0
617103853,0,-34.620815,-34.620792,-1000.0,0
618101001,0,-34.620815,-34.620792,-1000.0,0
619112852,0,-34.620815,-34.620792,-1000.0,0
620110007,0,-34.620815,-34.620792,-1000.0,0
621107124,0,-34.620815,-34.620792,-1000.0,0
622104379,0,-34.620815,-34.620792,-1000.0,0
627104701,0,-34.620815,-34.620792,-1000.0,0
628101926,0,-34.620815,-34.620792,-1000.0,0
629113707,0,-34.620815,-34.620792,-1000.0,0
630110826,0,-34.620815,-34.620792,-1000.0,0
631107983,0,-34.620815,-34.620792,-1000.0,0
632105153,0,-34.620815,-34.620792,-1000.0,0
633102300,0,-34.620815,-34.620792,-1000.0,0
634099431,0,-34.620815,-34.620792,-1000.0,0
635111245,0,-34.620815,-34.620792,-1000.0,0
636108395,0,-34.620815,-34.620792,-1000.0,0
637105581,0,-34.620815,-34.620792,-1000.0,0
638102742,0,-34.620815,-34.620792,-1000.0,0
639099880,0,-34.620815,-34.620792,-1000.0,0
640111675,0,-34.620815,-34.620792,-1000.0,0
641108856,0,-34.620815,-34.620792,-1000.0,0
642106012,0,-34.620815,-34.620792,-1000.0,0
643103129,0,-34.620815,-34.620792,-1000.0,0
644100304,0,-34.620815,-34.620792,-1000.0,0
645112123,0,-34.620815,-34.620792,-1000.0,0
646109247,0,-34.620815,-34.620792,-1000.0,0
647106396,0,-34.620815,-34.620792,-1000.0,0
648103549,0,-34.620815,-34.620792,-1000.0,0
649100701,0,-34.620815,-34.620792,-1000.0,0
650112517,0,-34.620815,-34.620792,-1000.0,0
651109677,0,-34.620815,-34.620792,-1000.0,0
652106819,0,-34.620815,-34.620792,-1000.0,0
653104007,0,-34.620815,-34.620792,-1000.0,0
654101128,0,-34.620815,-34.620792,-1000.0,0
655098273,0,-34.620815,-34.620792,-1000.0,0
656110091,0,-34.620815,-34.620792,-1000.0,0
657107244,0,-34.620815,-34.620792,-1000.0,0
658104394,0,-34.620815,-34.620792,-1000.0,0
659101554,0,-34.620815,-34.620792,-1000.0,0
660113366,0,-34.620815,-34.620792,-1000.0,0
661110549,0,-34.620815,-34.620792,-1000.0,0
662107740,0,-34.620815,-34.620792,-1000.0,0
663104870,0,-34.620815,-34.620792,-1000.0,0
664101976,0,-34.620815,-34.620792,-1000.0,0
665099124,0,-34.620815,-34.620792,-1000.0,0
666110943,0,-34.620815,-34.620792,-1000.0,0
667108092,0,-34.620815,-34.620792,-1000.0,0
668105283,0,-34.620815,-34.620792,-1000.0,0
669102434,0,-34.620815,-34.620792,-1000.0,0
670099552,0,-34.620815,-34.620792,-1000.0,0
671111366,0,-34.620815,-34.620792,-1000.0,0
672108569,0,-34.620815,-34.620792,-1000.0,0
673105672,0,-34.620815,-34.620792,-1000.0,0
674102821,0,-34.620815,-34.620792,-1000.0,0
675114648,0,-34.620815,-34.620792,-1000.0,0
676111793,0,-34.620815,-34.620792,-1000.0,0
677108969,0,-34.620815,-34.620792,-1000.0,0
678106097,0,-34.620815,-34.620792,-1000.0,0
679103243,0,-34.620815,-34.620792,-1000.0,0
680100394,0,-34.620815,-34.620792,-1000.0,0
681112212,0,-34.620815,-34.620792,-1000.0,0
682109382,0,-34.620815,-34.620792,-1000.0,0
683106517,0,-34.620815,-34.620792,-1000.0,0
684103713,0,-34.620815,-34.620792,-1000.0,0
685100857,0,-34.620815,-34.620792,-1000.0,0
686097972,0,-34.620815,-34.620792,-1000.0,0
687109865,0,-34.620815,-34.620792,-1000.0,0
688106945,0,-34.620815,-34.620792,-1000.0,0
689104093,0,-34.620815,-34.620792,-1000.0,0
690101256,0,-34.620815,-34.620792,-1000.0,0
691113060,0,-34.620815,-34.620792,-1000.0,0
692110239,0,-34.620815,-34.620792,-1000.0,0
693107389,0,-34.620815,-34.620792,-1000.0,0
694104516,0,-34.620815,-34.620792,-1000.0,0
698107804,0,-34.620815,-34.620792,-1000.0,0
699105000,0,-34.620815,-34.620792,-1000.0,0
700102093,0,-34.620815,-34.620792,-1000.0,0
701099248,0,-34.620815,-34.620792,-1000.0,0
702111069,0,-34.620815,-34.620792,-1000.0,0
703108212,0,-34.620815,-34.620792,-1000.0,0
704105365,0,-34.620815,-34.620792,-1000.0,0
705102514,0,-34.620815,-34.620792,-1000.0,0
706114338,0,-34.620815,-34.620792,-1000.0,0
707111519,0,-34.620815,-34.620792,-1000.0,0
708108635,0,-34.620815,-34.620792,-1000.0,0
709105798,0,-34.620815,-34.620792,-1000.0,0
710102942,0,-34.620815,-34.620792,-1000.0,0
711100087,0,-34.620815,-34.620792,-1000.0,0
712111916,0,-34.620815,-34.620792,-1000.0,0
713109065,0,-34.620815,-34.620792,-1000.0,0
714106246,0,-34.620815,-34.620792,-1000.0,0
715103362,0,-34.620815,-34.620792,-1000.0,0
716100515,0,-34.620815,-34.620792,-1000.0,0
717112361,0,-34.620815,-34.620792,-1000.0,0
718109493,0,-34.620815,-34.620792,-1000.0,0
719106637,0,-34.620815,-34.620792,-1000.0,0
720103857,0,-34.620815,-34.620792,-1000.0,0
721100973,0,-34.620815,-34.620792,-1000.0,0
722112836,0,-34.620815,-34.620792,-1000.0,0
723109944,0,-34.620815,-34.620792,-1000.0,0
724107065,0,-34.620815,-34.620792,-1000.0,0
725104213,0,-34.620815,-34.620792,-1000.0,0
726101367,0,-34.620815,-34.620792,-1000.0,0
727113180,0,-34.620815,-34.620792,-1000.0,0
728110364,0,-34.620815,-34.620792,-1000.0,0
729107483,0,-34.620815,-34.620792,-1000.0,0
730104638,0,-34.620815,-34.620792,-1000.0,0
731101792,0,-34.620815,-34.620792,-1000.0,0
732098939,0,-34.620815,-34.620792,-1000.0,0
733110761,0,-34.620815,-34.620792,-1000.0,0
734107949,0,-34.620815,-34.620792,-1000.0,0
735105060,0,-34.620815,-34.620792,-1000.0,0
736102210,0,-34.620815,-34.620792,-1000.0,0
737099364,0,-34.620815,-34.620792,-1000.0,0
738111185,0,-34.620815,-34.620792,-1000.0,0
739108332,0,-34.620815,-34.620792,-1000.0,0
740105480,0,-34.620815,-34.620792,-1000.0,0
741102695,0,-34.620815,-34.620792,-1000.0,0
742099819,0,-34.620815,-34.620792,-1000.0,0
743111607,0,-34.620815,-34.620792,-1000.0,0
744108763,0,-34.620815,-34.620792,-1000.0,0
745105965,0,-34.620815,-34.620792,-1000.0,0
746103059,0,-34.620815,-34.620792,-1000.0,0
747100233,0,-34.620815,-34.620792,-1000.0,0
748112064,0,-34.620815,-34.620792,-1000.0,0
749109181,0,-34.620815,-34.620792,-1000.0,0
750106352,0,-34.620815,-34.620792,-1000.0,0
751103484,0,-34.620815,-34.620792,-1000.0,0
752100638,0,-34.620815,-34.620792,-1000.0,0
753112457,0,-34.620815,-34.620792,-1000.0,0
754109638,0,-34.620815,-34.620792,-1000.0,0
755106756,0,-34.620815,-34.620792,-1000.0,0
756103909,0,-34.620815,-34.620792,-1000.0,0
757101062,0,-34.620815,-34.620792,-1000.0,0
758112907,0,-34.620815,-34.620792,-1000.0,0
759110038,0,-34.620815,-34.620792,-1000.0,0
760107215,0,-34.620815,-34.620792,-1000.0,0
761104365,0,-34.620815,-34.620792,-1000.0,0
762101485,0,-34.620815,-34.620792,-1000.0,0
763098635,0,-34.620815,-34.620792,-1000.0,0
764110452,0,-34.620815,-34.620792,-1000.0,0
769110880,0,-34.620815,-34.620792,-1000.0,0
770108038,0,-34.620815,-34.620792,-1000.0,0
771105208,0,-34.620815,-34.620792,-1000.0,0
772112147,0,-34.620815,-34.620792,-1000.0,0
773109263,0,-34.620815,-34.620792,-1000.0,0
774106411,0,-34.620815,-34.620792,-1000.0,0
775103568,0,-34.620815,-34.620792,-1000.0,0
776100719,0,-34.620815,-34.620792,-1000.0,0
777107645,0,-34.620815,-34.620792,-1000.0,0
778104824,0,-34.620815,-34.620792,-1000.0,0
779101949,0,-34.620815,-34.620792,-1000.0,0
780113768,0,-34.620815,-34.620792,-1000.0,0
781110921,0,-34.620815,-34.620792,-1000.0,0
782108098,0,-34.620815,-34.620792,-1000.0,0
783105261,0,-34.620815,-34.620792,-1000.0,0
784102395,0,-34.620815,-34.620792,-1000.0,0
785099542,0,-34.620815,-34.620792,-1000.0,0
786111365,0,-34.620815,-34.620792,-1000.0,0
787108492,0,-34.620815,-34.620792,-1000.0,0
788105678,0,-34.620815,-34.620792,-1000.0,0
789102819,0,-34.620815,-34.620792,-1000.0,0
790099947,0,-34.620815,-34.620792,-1000.0,0
791111764,0,-34.620815,-34.620792,-1000.0,0
792108922,0,-34.620815,-34.620792,-1000.0,0
793106111,0,-34.620815,-34.620792,-1000.0,0
794112998,0,-34.620815,-34.620792,-1000.0,0
795110146,0,-34.620815,-34.620792,-1000.0,0
796107330,0,-34.620815,-34.620792,-1000.0,0
797104484,0,-34.620815,-34.620792,-1000.0,0
798101603,0,-34.620815,-34.620792,-1000.0,0
799098760,0,-34.620815,-34.620792,-1000.0,0
800110576,0,-34.620815,-34.620792,-1000.0,0
801107780,0,-34.620815,-34.620792,-1000.0,0
802104892,0,-34.620815,-34.620792,-1000.0,0
803102103,0,-34.620815,-34.620792,-1000.0,0
804108956,0,-34.620815,-34.620792,-1000.0,0
805106109,0,-34.620815,-34.620792,-1000.0,0
806103265,0,-34.620815,-34.620792,-1000.0,0
807100442,0,-34.620815,-34.620792,-1000.0,0
808112234,0,-34.620815,-34.620792,-1000.0,0
809109386,0,-34.620815,-34.620792,-1000.0,0
810106532,0,-34.620815,-34.620792,-1000.0,0
811103683,0,-34.620815,-34.620792,-1000.0,0
815106953,0,-34.620815,-34.620792,-1000.0,0
816104148,0,-34.620815,-34.620792,-1000.0,0
817101286,0,-34.620815,-34.620792,-1000.0,0
818113113,0,-34.620815,-34.620792,-1000.0,0
819110351,0,-34.620815,-34.620792,-1000.0,0
820107417,0,-34.620815,-34.620792,-1000.0,0
821104535,0,-34.620815,-34.620792,-1000.0,0
822101685,0,-34.620815,-34.620792,-1000.0,0
823098839,0,-34.620815,-34.620792,-1000.0,0
824110686,0,-34.620815,-34.620792,-1000.0,0
825107888,0,-34.620815,-34.620792,-1000.0,0
826104959,0,-34.620815,-34.620792,-1000.0,0
827102107,0,-34.620815,-34.620792,-1000.0,0
828113929,0,-34.620815,-34.620792,-1000.0,0
829111113,0,-34.620815,-34.620792,-1000.0,0
830108227,0,-34.620815,-34.620792,-1000.0,0
831105384,0,-34.620815,-34.620792,-1000.0,0
832102575,0,-34.620815,-34.620792,-1000.0,0
833099688,0,-34.620815,-34.620792,-1000.0,0
834111504,0,-34.620815,-34.620792,-1000.0,0
835108671,0,-34.620815,-34.620792,-1000.0,0
836105804,0,-34.620815,-34.620792,-1000.0,0
837102955,0,-34.620815,-34.620792,-1000.0,0
838100105,0,-34.620815,-34.620792,-1000.0,0
839111962,0,-34.620815,-34.620792,-1000.0,0
840109119,0,-34.620815,-34.620792,-1000.0,0
841106229,0,-34.620815,-34.620792,-1000.0,0
842103386,0,-34.620815,-34.620792,-1000.0,0
843100530,0,-34.620815,-34.620792,-1000.0,0
844112382,0,-34.620815,-34.620792,-1000.0,0
845109579,0,-34.620815,-34.620792,-1000.0,0
846106654,0,-34.620815,-34.620792,-1000.0,0
847103806,0,-34.620815,-34.620792,-1000.0,0
848100997,0,-34.620815,-34.620792,-1000.0,0
849112800,0,-34.620815,-34.620792,-1000.0,0
850109959,0,-34.620815,-34.620792,-1000.0,0
851107095,0,-34.620815,-34.620792,-1000.0,0
852104229,0,-34.620815,-34.620792,-1000.0,0
853101382,0,-34.620815,-34.620792,-1000.0,0
854098534,0,-34.620815,-34.620792,-1000.0,0
855110383,0,-34.620815,-34.620792,-1000.0,0
856107506,0,-34.620815,-34.620792,-1000.0,0
857104662,0,-34.620815,-34.620792,-1000.0,0
858101805,0,-34.620815,-34.620792,-1000.0,0
859098954,0,-34.620815,-34.620792,-1000.0,0
860110816,0,-34.620815,-34.620792,-1000.0,0
861107922,0,-34.620815,-34.620792,-1000.0,0
862105078,0,-34.620815,-34.620792,-1000.0,0
863102226,0,-34.620815,-34.620792,-1000.0,0
864114048,0,-34.620815,-34.620792,-1000.0,0
865111230,0,-34.620815,-34.620792,-1000.0,0
866108349,0,-34.620815,-34.620792,-1000.0,0
867105513,0,-34.620815,-34.620792,-1000.0,0
868102653,0,-34.620815,-34.620792,-1000.0,0
869099830,0,-34.620815,-34.620792,-1000.0,0
870111671,0,-34.620815,-34.620792,-1000.0,0
871108802,0,-34.620815,-34.620792,-1000.0,0
872105981,0,-34.620815,-34.620792,-1000.0,0
873103078,0,-34.620815,-34.620792,-1000.0,0
874100250,0,-34.620815,-34.620792,-1000.0,0
875097413,0,-34.620815,-34.620792,-1000.0,0
880112469,0,-34.620815,-34.620792,-1000.0,0
881109630,0,-34.620815,-34.620792,-1000.0,0
882106776,0,-34.620815,-34.620792,-1000.0,0
883103928,0,-34.620815,-34.620792,-1000.0,0
884101081,0,-34.620815,-34.620792,-1000.0,0
885112928,0,-34.620815,-34.620792,-1000.0,0
886110046,0,-34.620815,-34.620792,-1000.0,0
887107201,0,-34.620815,-34.620792,-1000.0,0
888104393,0,-34.620815,-34.620792,-1000.0,0
889101508,0,-34.620815,-34.620792,-1000.0,0
890098686,0,-34.620815,-34.620792,-1000.0,0
891110487,0,-34.620815,-34.620792,-1000.0,0
892107625,0,-34.620815,-34.620792,-1000.0,0
893104798,0,-34.620815,-34.620792,-1000.0,0
894101942,0,-34.620815,-34.620792,-1000.0,0
895113751,0,-34.620815,-34.620792,-1000.0,0
896110900,0,-34.620815,-34.620792,-1000.0,0
897108059,0,-34.620815,-34.620792,-1000.0,0
898105239,0,-34.620815,-34.620792,-1000.0,0
899102372,0,-34.620815,-34.620792,-1000.0,0
900099580,0,-34.620815,-34.620792,-1000.0,0
901111322,0,-34.620815,-34.620792,-1000.0,0
902108467,0,-34.620815,-34.620792,-1000.0,0
903105627,0,-34.620815,-34.620792,-1000.0,0
904102806,0,-34.620815,-34.620792,-1000.0,0
905099957,0,-34.620815,-34.620792,-1000.0,0
906111820,0,-34.620815,-34.620792,-1000.0,0
907108931,0,-34.620815,-34.620792,-1000.0,0
908106048,0,-34.620815,-34.620792,-1000.0,0
909103194,0,-34.620815,-34.620792,-1000.0,0
910100378,0,-34.620815,-34.620792,-1000.0,0
911112167,0,-34.620815,-34.620792,-1000.0,0
912109321,0,-34.620815,-34.620792,-1000.0,0
913106466,0,-34.620815,-34.620792,-1000.0,0
914103625,0,-34.620815,-34.620792,-1000.0,0
915100831,0,-34.620815,-34.620792,-1000.0,0
916112590,0,-34.620815,-34.620792,-1000.0,0
917109744,0,-34.620815,-34.620792,-1000.0,0
918106913,0,-34.620815,-34.620792,-1000.0,0
919104049,0,-34.620815,-34.620792,-1000.0,0
920101230,0,-34.620815,-34.620792,-1000.0,0
921098350,0,-34.620815,-34.620792,-1000.0,0
922110190,0,-34.620815,-34.620792,-1000.0,0
923107345,0,-34.620815,-34.620792,-1000.0,0
924104465,0,-34.620815,-34.620792,-1000.0,0
925101655,0,-34.620815,-34.620792,-1000.0,0
926113438,0,-34.620815,-34.620792,-1000.0,0
927110590,0,-34.620815,-34.620792,-1000.0,0
928107777,0,-34.620815,-34.620792,-1000.0,0
929104893,0,-34.620815,-34.620792,-1000.0,0
930102077,0,-34.620815,-34.620792,-1000.0,0
931099196,0,-34.620815,-34.620792,-1000.0,0
932111021,0,-34.620815,-34.620792,-1000.0,0
933108165,0,-34.620815,-34.620792,-1000.0,0
934105314,0,-34.620815,-34.620792,-1000.0,0
935102501,0,-34.620815,-34.620792,-1000.0,0
936099626,0,-34.620815,-34.620792,-1000.0,0
937111474,0,-34.620815,-34.620792,-1000.0,0
938108588,0,-34.620815,-34.620792,-1000.0,0
939105747,0,-34.620815,-34.620792,-1000.0,0
940102923,0,-34.620815,-34.620792,-1000.0,0
941114706,0,-34.620815,-34.620792,-1000.0,0
942111867,0,-34.620815,-34.620792,-1000.0,0
943109015,0,-34.620815,-34.620792,-1000.0,0
944106167,0,-34.620815,-34.620792,-1000.0,0
945103316,0,-34.620815,-34.620792,-1000.0,0
946100464,0,-34.620815,-34.620792,-1000.0,0
947112316,0,-34.620815,-34.620792,-1000.0,0
948109437,0,-34.620815,-34.620792,-1000.0,0
949106588,0,-34.620815,-34.620792,-1000.0,0
950103744,0,-34.620815,-34.620792,-1000.0,0
951100924,0,-34.620815,-34.620792,-1000.0,0
952098063,0,-34.620815,-34.620792,-1000.0,0
957113133,0,-34.620815,-34.620792,-1000.0,0
958110310,0,-34.620815,-34.620792,-1000.0,0
959107437,0,-34.620815,-34.620792,-1000.0,0
960104587,0,-34.620815,-34.620792,-1000.0,0
961101745,0,-34.620815,-34.620792,-1000.0,0
962113591,0,-34.620815,-34.620792,-1000.0,0
963110716,0,-34.620815,-34.620792,-1000.0,0
964107865,0,-34.620815,-34.620792,-1000.0,0
965105033,0,-34.620815,-34.620792,-1000.0,0
966102164,0,-34.620815,-34.620792,-1000.0,0
967099355,0,-34.620815,-34.620792,-1000.0,0
968111157,0,-34.620815,-34.620792,-1000.0,0
969108321,0,-34.620815,-34.620792,-1000.0,0
970105439,0,-34.620815,-34.620792,-1000.0,0
971102589,0,-34.620815,-34.620792,-1000.0,0
972114409,0,-34.620815,-34.620792,-1000.0,0
973111588,0,-34.620815,-34.620792,-1000.0,0
974108725,0,-34.620815,-34.620792,-1000.0,0
975105922,0,-34.620815,-34.620792,-1000.0,0
976103015,0,-34.620815,-34.620792,-1000.0,0
977100201,0,-34.620815,-34.620792,-1000.0,0
978112023,0,-34.620815,-34.620792,-1000.0,0
979109213,0,-34.620815,-34.620792,-1000.0,0
980106311,0,-34.620815,-34.620792,-1000.0,0
981103435,0,-34.620815,-34.620792,-1000.0,0
982100603,0,-34.620815,-34.620792,-1000.0,0
983112408,0,-34.620815,-34.620792,-1000.0,0
984109607,0,-34.620815,-34.620792,-1000.0,0
985106726,0,-34.620815,-34.620792,-1000.0,0
986103871,0,-34.620815,-34.620792,-1000.0,0
987101008,0,-34.620815,-34.620792,-1000.0,0
988112835,0,-34.620815,-34.620792,-1000.0,0
989110018,0,-34.620815,-34.620792,-1000.0,0
990107135,0,-34.620815,-34.620792,-1000.0,0
991104284,0,-34.620815,-34.620792,-1000.0,0
992101441,0,-34.620815,-34.620792,-1000.0,0
993113254,0,-34.620815,-34.620792,-1000.0,0
994110408,0,-34.620815,-34.620792,-1000.0,0
995107606,0,-34.620815,-34.620792,-1000.0,0
996104709,0,-34.620815,-34.620792,-1000.0,0
997101864,0,-34.620815,-34.620792,-1000.0,0
998099016,0,-34.620815,-34.620792,-1000.0,0
999110852,0,-34.620815,-34.620792,-1000.0,0
1000107986,0,-34.620815,-34.620792,-1000.0,0
1001105162,0,-34.620815,-34.620792,-1000.0,0
1002102313,0,-34.620815,-34.620792,-1000.0,0
1003099443,0,-34.620815,-34.620792,-1000.0,0
1004111255,0,-34.620815,-34.620792,-1000.0,0
1005108404,0,-34.620815,-34.620792,-1000.0,0
1006105555,0,-34.620815,-34.620792,-1000.0,0
1007102734,0,-34.620815,-34.620792,-1000.0,0
1008099885,0,-34.620815,-34.620792,-1000.0,0
1009111679,0,-34.620815,-34.620792,-1000.0,0
1010108829,0,-34.620815,-34.620792,-1000.0,0
1011106020,0,-34.620815,-34.620792,-1000.0,0
1015109282,0,-34.620815,-34.620792,-1000.0,0
1016106432,0,-34.620815,-34.620792,-1000.0,0
1017103557,0,-34.620815,-34.620792,-1000.0,0
1018100708,0,-34.620815,-34.620792,-1000.0,0
1019097894,0,-34.620815,-34.620792,-1000.0,0
1020109680,0,-34.620815,-34.620792,-1000.0,0
1021106830,0,-34.620815,-34.620792,-1000.0,0
1022103986,0,-34.620815,-34.620792,-1000.0,0
1023101141,0,-34.620815,-34.620792,-1000.0,0
1024112952,0,-34.620815,-34.620792,-1000.0,0
1025110144,0,-34.620815,-34.620792,-1000.0,0
1026107253,0,-34.620815,-34.620792,-1000.0,0
1027104403,0,-34.620815,-34.620792,-1000.0,0
1028101555,0,-34.620815,-34.620792,-1000.0,0
1029098708,0,-34.620815,-34.620792,-1000.0,0
1030110546,0,-34.620815,-34.620792,-1000.0,0
1031107742,0,-34.620815,-34.620792,-1000.0,0
1032104853,0,-34.620815,-34.620792,-1000.0,0
1033101985,0,-34.620815,-34.620792,-1000.0,0
1034099139,0,-34.620815,-34.620792,-1000.0,0
1035110971,0,-34.620815,-34.620792,-1000.0,0
1036108104,0,-34.620815,-34.620792,-1000.0,0
1037105305,0,-34.620815,-34.620792,-1000.0,0
1038102441,0,-34.620815,-34.620792,-1000.0,0
1039114229,0,-34.620815,-34.620792,-1000.0,0
1040111375,0,-34.620815,-34.620792,-1000.0,0
1041108522,0,-34.620815,-34.620792,-1000.0,0
1042105676,0,-34.620815,-34.620792,-1000.0,0
1043102828,0,-34.620815,-34.620792,-1000.0,0
1044100018,0,-34.620815,-34.620792,-1000.0,0
1045111830,0,-34.620815,-34.620792,-1000.0,0
1046108947,0,-34.620815,-34.620792,-1000.0,0
1047106105,0,-34.620815,-34.620792,-1000.0,0
1048103254,0,-34.620815,-34.620792,-1000.0,0
1049100403,0,-34.620815,-34.620792,-1000.0,0
1050097556,0,-34.620815,-34.620792,-1000.0,0
1051109407,0,-34.620815,-34.620792,-1000.0,0
1052106524,0,-34.620815,-34.620792,-1000.0,0
1053103675,0,-34.620815,-34.620792,-1000.0,0
1054100827,0,-34.620815,-34.620792,-1000.0,0
1055112673,0,-34.620815,-34.620792,-1000.0,0
1056109861,0,-34.620815,-34.620792,-1000.0,0
1057106951,0,-34.620815,-34.620792,-1000.0,0
1060113068,0,-34.620815,-34.620792,-1000.0,0
1061110276,0,-34.620815,-34.620792,-1000.0,0
1062107394,0,-34.620815,-34.620792,-1000.0,0
1063104532,0,-34.620815,-34.620792,-1000.0,0
1064101678,0,-34.620815,-34.620792,-1000.0,0
1065098862,0,-34.620815,-34.620792,-1000.0,0
1066110685,0,-34.620815,-34.620792,-1000.0,0
1067107808,0,-34.620815,-34.620792,-1000.0,0
1068104947,0,-34.620815,-34.620792,-1000.0,0
1069102106,0,-34.620815,-34.620792,-1000.0,0
1070113921,0,-34.620815,-34.620792,-1000.0,0
1071111071,0,-34.620815,-34.620792,-1000.0,0
1072108258,0,-34.620815,-34.620792,-1000.0,0
1073105403,0,-34.620815,-34.620792,-1000.0,0
1074102522,0,-34.620815,-34.620792,-1000.0,0
1075099683,0,-34.620815,-34.620792,-1000.0,0
1076111496,0,-34.620815,-34.620792,-1000.0,0
1077108666,0,-34.620815,-34.620792,-1000.0,0
1078105799,0,-34.620815,-34.620792,-1000.0,0
1079102950,0,-34.620815,-34.620792,-1000.0,0
1080100135,0,-34.620815,-34.620792,-1000.0,0
1081111917,0,-34.620815,-34.620792,-1000.0,0
1082109072,0,-34.620815,-34.620792,-1000.0,0
1083106222,0,-34.620815,-34.620792,-1000.0,0
1084103372,0,-34.620815,-34.620792,-1000.0,0
1085100520,0,-34.620815,-34.620792,-1000.0,0
1086112369,0,-34.620815,-34.620792,-1000.0,0
1087109576,0,-34.620815,-34.620792,-1000.0,0
1088106678,0,-34.620815,-34.620792,-1000.0,0
1089103796,0,-34.620815,-34.620792,-1000.0,0
1090100946,0,-34.620815,-34.620792,-1000.0,0
1091112801,0,-34.620815,-34.620792,-1000.0,0
1092109933,0,-34.620815,-34.620792,-1000.0,0
1093107069,0,-34.620815,-34.620792,-1000.0,0
1094104227,0,-34.620815,-34.620792,-1000.0,0
1095101403,0,-34.620815,-34.620792,-1000.0,0
1096098559,0,-34.620815,-34.620792,-1000.0,0
1097110356,0,-34.620815,-34.620792,-1000.0,0
1098107496,0,-34.620815,-34.620792,-1000.0,0
1099104645,0,-34.620815,-34.620792,-1000.0,0
1100101792,0,-34.620815,-34.620792,-1000.0,0
1101113616,0,-34.620815,-34.620792,-1000.0,0
1102110768,0,-34.620815,-34.620792,-1000.0,0
1103107946,0,-34.620815,-34.620792,-1000.0,0
1104105096,0,-34.620815,-34.620792,-1000.0,0
1105102223,0,-34.620815,-34.620792,-1000.0,0
1106099373,0,-34.620815,-34.620792,-1000.0,0
1107111198,0,-34.620815,-34.620792,-1000.0,0
1108108344,0,-34.620815,-34.620792,-1000.0,0
1109105489,0,-34.620815,-34.620792,-1000.0,0
1110102645,0,-34.620815,-34.620792,-1000.0,0
1111099871,0,-34.620815,-34.620792,-1000.0,0
1112111616,0,-34.620815,-34.620792,-1000.0,0
1113108802,0,-34.620815,-34.620792,-1000.0,0
1114105996,0,-34.620815,-34.620792,-1000.0,0
1115103068,0,-34.620815,-34.620792,-1000.0,0
1116114900,0,-34.620815,-34.620792,-1000.0,0
1117112057,0,-34.620815,-34.620792,-1000.0,0
1118109197,0,-34.620815,-34.620792,-1000.0,0
1119106380,0,-34.620815,-34.620792,-1000.0,0
1120103496,0,-34.620815,-34.620792,-1000.0,0
1121100695,0,-34.620815,-34.620792,-1000.0,0
1122112544,0,-34.620815,-34.620792,-1000.0,0
1123109615,0,-34.620815,-34.620792,-1000.0,0
1124106765,0,-34.620815,-34.620792,-1000.0,0
1125103918,0,-34.620815,-34.620792,-1000.0,0
1126101068,0,-34.620815,-34.620792,-1000.0,0
1127098223,0,-34.620815,-34.620792,-1000.0,0
1128110039,0,-34.620815,-34.620792,-1000.0,0
1129107194,0,-34.620815,-34.620792,-1000.0,0
1130104377,0,-34.620815,-34.620792,-1000.0,0
1131101524,0,-34.620815,-34.620792,-1000.0,0
1132113318,0,-34.620815,-34.620792,-1000.0,0
1133110464,0,-34.620815,-34.620792,-1000.0,0
1138110887,0,-34.620815,-34.620792,-1000.0,0
1139108035,0,-34.620815,-34.620792,-1000.0,0
1140105255,0,-34.620815,-34.620792,-1000.0,0
1141102395,0,-34.620815,-34.620792,-1000.0,0
1142099577,0,-34.620815,-34.620792,-1000.0,0
1143111308,0,-34.620815,-34.620792,-1000.0,0
1144108464,0,-34.620815,-34.620792,-1000.0,0
1145105614,0,-34.620815,-34.620792,-1000.0,0
1146102802,0,-34.620815,-34.620792,-1000.0,0
1147099914,0,-34.620815,-34.620792,-1000.0,0
1148111735,0,-34.620815,-34.620792,-1000.0,0
1149108891,0,-34.620815,-34.620792,-1000.0,0
1150106069,0,-34.620815,-34.620792,-1000.0,0
1151103221,0,-34.620815,-34.620792,-1000.0,0
1152100340,0,-34.620815,-34.620792,-1000.0,0
1153112164,0,-34.620815,-34.620792,-1000.0,0
1154109312,0,-34.620815,-34.620792,-1000.0,0
1155106467,0,-34.620815,-34.620792,-1000.0,0
1156103614,0,-34.620815,-34.620792,-1000.0,0
1157100762,0,-34.620815,-34.620792,-1000.0,0
1158112585,0,-34.620815,-34.620792,-1000.0,0
1159109737,0,-34.620815,-34.620792,-1000.0,0
1160106919,0,-34.620815,-34.620792,-1000.0,0
1161104074,0,-34.620815,-34.620792,-1000.0,0
1162101186,0,-34.620815,-34.620792,-1000.0,0
1163098348,0,-34.620815,-34.620792,-1000.0,0
1164110162,0,-34.620815,-34.620792,-1000.0,0
1165107336,0,-34.620815,-34.620792,-1000.0,0
1166104461,0,-34.620815,-34.620792,-1000.0,0
1167101611,0,-34.620815,-34.620792,-1000.0,0
1168113430,0,-34.620815,-34.620792,-1000.0,0
1169110588,0,-34.620815,-34.620792,-1000.0,0
1170107738,0,-34.620815,-34.620792,-1000.0,0
1171104914,0,-34.620815,-34.620792,-1000.0,0
1172102042,0,-34.620815,-34.620792,-1000.0,0
1173099210,0,-34.620815,-34.620792,-1000.0,0
1174111007,0,-34.620815,-34.620792,-1000.0,0
1175108158,0,-34.620815,-34.620792,-1000.0,0
1176105354,0,-34.620815,-34.620792,-1000.0,0
1177102462,0,-34.620815,-34.620792,-1000.0,0
1178099616,0,-34.620815,-34.620792,-1000.0,0
1179111433,0,-34.620815,-34.620792,-1000.0,0
1180108591,0,-34.620815,-34.620792,-1000.0,0
1181105732,0,-34.620815,-34.620792,-1000.0,0
1182102915,0,-34.620815,-34.620792,-1000.0,0
1183100037,0,-34.620815,-34.620792,-1000.0,0
1184111859,0,-34.620815,-34.620792,-1000.0,0
1185109008,0,-34.620815,-34.620792,-1000.0,0
1186106154,0,-34.620815,-34.620792,-1000.0,0
1187103307,0,-34.620815,-34.620792,-1000.0,0
1188100464,0,-34.620815,-34.620792,-1000.0,0
1189112307,0,-34.620815,-34.620792,-1000.0,0
1190109473,0,-34.620815,-34.620792,-1000.0,0
1191106586,0,-34.620815,-34.620792,-1000.0,0
1192103765,0,-34.620815,-34.620792,-1000.0,0
1193100919,0,-34.620815,-34.620792,-1000.0,0
1194098038,0,-34.620815,-34.620792,-1000.0,0
1195109900,0,-34.620815,-34.620792,-1000.0,0
1196107006,0,-34.620815,-34.620792,-1000.0,0
1197104156,0,-34.620815,-34.620792,-1000.0,0
1198101305,0,-34.620815,-34.620792,-1000.0,0
1199113128,0,-34.620815,-34.620792,-1000.0,0
1200110310,0,-34.620815,-34.620792,-1000.0,0
1201107429,0,-34.620815,-34.620792,-1000.0,0
1202104585,0,-34.620815,-34.620792,-1000.0,0
1203101738,0,-34.620815,-34.620792,-1000.0,0
1204098918,0,-34.620815,-34.620792,-1000.0,0
1208102157,0,-34.620815,-34.620792,-1000.0,0
1209099334,0,-34.620815,-34.620792,-1000.0,0
1210111125,0,-34.620815,-34.620792,-1000.0,0
1211108282,0,-34.620815,-34.620792,-1000.0,0
1212105446,0,-34.620815,-34.620792,-1000.0,0
1213102582,0,-34.620815,-34.620792,-1000.0,0
1214114397,0,-34.620815,-34.620792,-1000.0,0
1215111570,0,-34.620815,-34.620792,-1000.0,0
1216108722,0,-34.620815,-34.620792,-1000.0,0
1217105938,0,-34.620815,-34.620792,-1000.0,0
1218103036,0,-34.620815,-34.620792,-1000.0,0
1219100152,0,-34.620815,-34.620792,-1000.0,0
1220111974,0,-34.620815,-34.620792,-1000.0,0
1221109136,0,-34.620815,-34.620792,-1000.0,0
1222106276,0,-34.620815,-34.620792,-1000.0,0
1223103427,0,-34.620815,-34.620792,-1000.0,0
1224100583,0,-34.620815,-34.620792,-1000.0,0
1225097757,0,-34.620815,-34.620792,-1000.0,0
1226109552,0,-34.620815,-34.620792,-1000.0,0
1227106704,0,-34.620815,-34.620792,-1000.0,0
1228103859,0,-34.620815,-34.620792,-1000.0,0
1229101004,0,-34.620815,-34.620792,-1000.0,0
1230112859,0,-34.620815,-34.620792,-1000.0,0
1231110006,0,-34.620815,-34.620792,-1000.0,0
1233104278,0,-34.620815,-34.620792,-1000.0,0
1234101426,0,-34.620815,-34.620792,-1000.0,0
1235113247,0,-34.620815,-34.620792,-1000.0,0
1236110396,0,-34.620815,-34.620792,-1000.0,0
1237107548,0,-34.620815,-34.620792,-1000.0,0
1238104704,0,-34.620815,-34.620792,-1000.0,0
1239101853,0,-34.620815,-34.620792,-1000.0,0
1241110834,0,-34.620815,-34.620792,-1000.0,0
1242107977,0,-34.620815,-34.620792,-1000.0,0
1243105178,0,-34.620815,-34.620792,-1000.0,0
1244102331,0,-34.620815,-34.620792,-1000.0,0
1245114095,0,-34.620815,-34.620792,-1000.0,0
1246111244,0,-34.620815,-34.620792,-1000.0,0
1247108394,0,-34.620815,-34.620792,-1000.0,0
1248105547,0,-34.620815,-34.620792,-1000.0,0
1249102730,0,-34.620815,-34.620792,-1000.0,0
1250099880,0,-34.620815,-34.620792,-1000.0,0
1251111671,0,-34.620815,-34.620792,-1000.0,0
1252108827,0,-34.620815,-34.620792,-1000.0,0
1253106011,0,-34.620815,-34.620792,-1000.0,0
1254103127,0,-34.620815,-34.620792,-1000.0,0
1255100308,0,-34.620815,-34.620792,-1000.0,0
1256112136,0,-34.620815,-34.620792,-1000.0,0
1257109279,0,-34.620815,-34.620792,-1000.0,0
1258106430,0,-34.620815,-34.620792,-1000.0,0
1259103554,0,-34.620815,-34.620792,-1000.0,0
1260100701,0,-34.620815,-34.620792,-1000.0,0
1261112518,0,-34.620815,-34.620792,-1000.0,0
1262109675,0,-34.620815,-34.620792,-1000.0,0
1263106823,0,-34.620815,-34.620792,-1000.0,0
1264103974,0,-34.620815,-34.620792,-1000.0,0
1265101123,0,-34.620815,-34.620792,-1000.0,0
1266112945,0,-34.620815,-34.620792,-1000.0,0
1267110094,0,-34.620815,-34.620792,-1000.0,0
1268107245,0,-34.620815,-34.620792,-1000.0,0
1269104396,0,-34.620815,-34.620792,-1000.0,0
1270101580,0,-34.620815,-34.620792,-1000.0,0
1271098736,0,-34.620815,-34.620792,-1000.0,0
1272110550,0,-34.620815,-34.620792,-1000.0,0
1273107705,0,-34.620815,-34.620792,-1000.0,0
1274104852,0,-34.620815,-34.620792,-1000.0,0
1275101976,0,-34.620815,-34.620792,-1000.0,0
1276113796,0,-34.620815,-34.620792,-1000.0,0
1277110944,0,-34.620815,-34.620792,-1000.0,0
1278108093,0,-34.620815,-34.620792,-1000.0,0
1279105290,0,-34.620815,-34.620792,-1000.0,0
1280102397,0,-34.620815,-34.620792,-1000.0,0
1281099547,0,-34.620815,-34.620792,-1000.0,0
1282111366,0,-34.620815,-34.620792,-1000.0,0
1283108516,0,-34.620815,-34.620792,-1000.0,0
1284105703,0,-34.620815,-34.620792,-1000.0,0
1285102854,0,-34.620815,-34.620792,-1000.0,0
1286100008,0,-34.620815,-34.620792,-1000.0,0
1287111865,0,-34.620815,-34.620792,-1000.0,0
1288108947,0,-34.620815,-34.620792,-1000.0,0
1289106098,0,-34.620815,-34.620792,-1000.0,0
1290103247,0,-34.620815,-34.620792,-1000.0,0
1291100394,0,-34.620815,-34.620792,-1000.0,0
1292112212,0,-34.620815,-34.620792,-1000.0,0
1293109368,0,-34.620815,-34.620792,-1000.0,0
1294106513,0,-34.620815,-34.620792,-1000.0,0
1295103667,0,-34.620815,-34.620792,-1000.0,0
1296100825,0,-34.620815,-34.620792,-1000.0,0
1297112663,0,-34.620815,-34.620792,-1000.0,0
1298109832,0,-34.620815,-34.620792,-1000.0,0
1299106979,0,-34.620815,-34.620792,-1000.0,0
1300104166,0,-34.620815,-34.620792,-1000.0,0
1301101244,0,-34.620815,-34.620792,-1000.0,0
1302098398,0,-34.620815,-34.620792,-1000.0,0
1303110270,0,-34.620815,-34.620792,-1000.0,0
1304107391,0,-34.620815,-34.620792,-1000.0,0
1305104514,0,-34.620815,-34.620792,-1000.0,0
1306101667,0,-34.620815,-34.620792,-1000.0,0
1307098845,0,-34.620815,-34.620792,-1000.0,0
1312113910,0,-34.620815,-34.620792,-1000.0,0
1313111122,0,-34.620815,-34.620792,-1000.0,0
1314108245,0,-34.620815,-34.620792,-1000.0,0
1315105400,0,-34.620815,-34.620792,-1000.0,0
1316102514,0,-34.620815,-34.620792,-1000.0,0
1317099669,0,-34.620815,-34.620792,-1000.0,0
1318111501,0,-34.620815,-34.620792,-1000.0,0
1319108638,0,-34.620815,-34.620792,-1000.0,0
1320105826,0,-34.620815,-34.620792,-1000.0,0
1321102946,0,-34.620815,-34.620792,-1000.0,0
1322100094,0,-34.620815,-34.620792,-1000.0,0
1323111912,0,-34.620815,-34.620792,-1000.0,0
1324109068,0,-34.620815,-34.620792,-1000.0,0
1325106212,0,-34.620815,-34.620792,-1000.0,0
1326103396,0,-34.620815,-34.620792,-1000.0,0
1327100547,0,-34.620815,-34.620792,-1000.0,0
1328112390,0,-34.620815,-34.620792,-1000.0,0
1329109491,0,-34.620815,-34.620792,-1000.0,0
1330106637,0,-34.620815,-34.620792,-1000.0,0
1331103787,0,-34.620815,-34.620792,-1000.0,0
1332100943,0,-34.620815,-34.620792,-1000.0,0
1333112816,0,-34.620815,-34.620792,-1000.0,0
1334109920,0,-34.620815,-34.620792,-1000.0,0
1335107074,0,-34.620815,-34.620792,-1000.0,0
1336104210,0,-34.620815,-34.620792,-1000.0,0
1337101366,0,-34.620815,-34.620792,-1000.0,0
1338098516,0,-34.620815,-34.620792,-1000.0,0
1339110338,0,-34.620815,-34.620792,-1000.0,0
1340107516,0,-34.620815,-34.620792,-1000.0,0
1341104671,0,-34.620815,-34.620792,-1000.0,0
1342101787,0,-34.620815,-34.620792,-1000.0,0
1343113604,0,-34.620815,-34.620792,-1000.0,0
1344110761,0,-34.620815,-34.620792,-1000.0,0
1345107908,0,-34.620815,-34.620792,-1000.0,0
1346105062,0,-34.620815,-34.620792,-1000.0,0
1347102211,0,-34.620815,-34.620792,-1000.0,0
1348099365,0,-34.620815,-34.620792,-1000.0,0
1349111191,0,-34.620815,-34.620792,-1000.0,0
1350108337,0,-34.620815,-34.620792,-1000.0,0
1351105534,0,-34.620815,-34.620792,-1000.0,0
1352102666,0,-34.620815,-34.620792,-1000.0,0
1353099847,0,-34.620815,-34.620792,-1000.0,0
1354111641,0,-34.620815,-34.620792,-1000.0,0
1355108761,0,-34.620815,-34.620792,-1000.0,0
1356105963,0,-34.620815,-34.620792,-1000.0,0
1357103068,0,-34.620815,-34.620792,-1000.0,0
1358100257,0,-34.620815,-34.620792,-1000.0,0
1359112030,0,-34.620815,-34.620792,-1000.0,0
1360109188,0,-34.620815,-34.620792,-1000.0,0
1361106378,0,-34.620815,-34.620792,-1000.0,0
1362103482,0,-34.620815,-34.620792,-1000.0,0
1363100637,0,-34.620815,-34.620792,-1000.0,0
1364112463,0,-34.620815,-34.620792,-1000.0,0
1365109618,0,-34.620815,-34.620792,-1000.0,0
1366106800,0,-34.620815,-34.620792,-1000.0,0
1367103966,0,-34.620815,-34.620792,-1000.0,0
1368101072,0,-34.620815,-34.620792,-1000.0,0
1369098224,0,-34.620815,-34.620792,-1000.0,0
1370110043,0,-34.620815,-34.620792,-1000.0,0
1371107227,0,-34.620815,-34.620792,-1000.0,0
1375110462,0,-34.620815,-34.620792,-1000.0,0
1376107620,0,-34.620815,-34.620792,-1000.0,0
1377104800,0,-34.620815,-34.620792,-1000.0,0
1378101920,0,-34.620815,-34.620792,-1000.0,0
1379099107,0,-34.620815,-34.620792,-1000.0,0
1380110919,0,-34.620815,-34.620792,-1000.0,0
1381108038,0,-34.620815,-34.620792,-1000.0,0
1382105254,0,-34.620815,-34.620792,-1000.0,0
1383102371,0,-34.620815,-34.620792,-1000.0,0
1384099500,0,-34.620815,-34.620792,-1000.0,0
1385111338,0,-34.620815,-34.620792,-1000.0,0
1386108465,0,-34.620815,-34.620792,-1000.0,0
1387105611,0,-34.620815,-34.620792,-1000.0,0
1388102810,0,-34.620815,-34.620792,-1000.0,0
1389114584,0,-34.620815,-34.620792,-1000.0,0
1390111738,0,-34.620815,-34.620792,-1000.0,0
1391108923,0,-34.620815,-34.620792,-1000.0,0
1392106113,0,-34.620815,-34.620792,-1000.0,0
1393103193,0,-34.620815,-34.620792,-1000.0,0
1394100339,0,-34.620815,-34.620792,-1000.0,0
1395112186,0,-34.620815,-34.620792,-1000.0,0
1396109315,0,-34.620815,-34.620792,-1000.0,0
1397106462,0,-34.620815,-34.620792,-1000.0,0
1398103617,0,-34.620815,-34.620792,-1000.0,0
1399100766,0,-34.620815,-34.620792,-1000.0,0
1400097923,0,-34.620815,-34.620792,-1000.0,0
1401109735,0,-34.620815,-34.620792,-1000.0,0
1402106920,0,-34.620815,-34.620792,-1000.0,0
1403104038,0,-34.620815,-34.620792,-1000.0,0
1404101190,0,-34.620815,-34.620792,-1000.0,0
1405113009,0,-34.620815,-34.620792,-1000.0,0
