timestamp,alt_max,freefall,ground_contact,maybe_landed,landed,in_ground_effect
30431695,inf,0,1,1,1,0
31438751,inf,0,1,1,1,0
31731912,inf,0,1,0,0,0
31800464,inf,0,0,0,0,0
32802489,inf,0,0,0,0,0
33809339,inf,0,0,0,0,0
34816278,inf,0,0,0,0,0
35818602,inf,0,0,0,0,0
36825546,inf,0,0,0,0,0
37832140,inf,0,0,0,0,0
38839403,inf,0,0,0,0,0
39841400,inf,0,0,0,0,0
40848052,inf,0,0,0,0,0
41850155,inf,0,0,0,0,0
42852158,inf,0,0,0,0,0
43859119,inf,0,0,0,0,0
44861138,inf,0,0,0,0,0
45868045,inf,0,0,0,0,0
46870108,inf,0,0,0,0,0
47872091,inf,0,0,0,0,0
48874151,inf,0,0,0,0,0
49881363,inf,0,0,0,0,0
50883310,inf,0,0,0,0,0
52892452,inf,0,0,0,0,0
53899300,inf,0,0,0,0,0
54901338,inf,0,0,0,0,0
55903338,inf,0,0,0,0,0
56910007,inf,0,0,0,0,0
57912426,inf,0,0,0,0,0
58914062,inf,0,0,0,0,0
59921289,inf,0,0,0,0,0
60923353,inf,0,0,0,0,0
61929976,inf,0,0,0,0,0
62932013,inf,0,0,0,0,0
63939254,inf,0,0,0,0,0
64941302,inf,0,0,0,0,0
65943320,inf,0,0,0,0,0
66950001,inf,0,0,0,0,0
67951980,inf,0,0,0,0,0
68959198,inf,0,0,0,0,0
69961274,inf,0,0,0,0,0
70963293,inf,0,0,0,0,0
71969941,inf,0,0,0,0,0
72972011,inf,0,0,0,0,0
73973990,inf,0,0,0,0,0
74980914,inf,0,0,0,0,0
75983252,inf,0,0,0,0,0
76989951,inf,0,0,0,0,0
77992296,inf,0,0,0,0,0
78994074,inf,0,0,0,0,0
80001248,inf,0,0,0,0,0
81003024,inf,0,0,0,0,0
82009921,inf,0,0,0,0,0
83011915,inf,0,0,0,0,0
84018926,inf,0,0,0,0,0
85020964,inf,0,0,0,0,0
86032801,inf,0,0,0,0,0
87034802,inf,0,0,0,0,0
88041706,inf,0,0,0,0,0
89048581,inf,0,0,0,0,0
90050606,inf,0,0,0,0,0
91052744,inf,0,0,0,0,0
92054727,inf,0,0,0,0,0
93061903,inf,0,0,0,0,0
94068539,inf,0,0,0,0,0
95070616,inf,0,0,0,0,0
96072647,inf,0,0,0,0,0
97080070,inf,0,0,0,0,0
98082102,inf,0,0,0,0,0
99088555,inf,0,0,0,0,0
100090581,inf,0,0,0,0,0
101092662,inf,0,0,0,0,0
102104730,inf,0,0,0,0,0
103111375,inf,0,0,0,0,0
104113408,inf,0,0,0,0,0
105120654,inf,0,0,0,0,0
106132205,inf,0,0,0,0,0
107139158,inf,0,0,0,0,0
108141178,inf,0,0,0,0,0
109148043,inf,0,0,0,0,0
110155015,inf,0,0,0,0,0
111161971,inf,0,0,0,0,0
112163978,inf,0,0,0,0,0
113166123,inf,0,0,0,0,0
118190856,inf,0,0,0,0,0
119192949,inf,0,0,0,0,0
120200206,inf,0,0,0,0,0
121202114,inf,0,0,0,0,0
122208775,inf,0,0,0,0,0
123215797,inf,0,0,0,0,0
124222698,inf,0,0,0,0,0
125224996,inf,0,0,0,0,0
126231627,inf,0,0,0,0,0
127238826,inf,0,0,0,0,0
128240908,inf,0,0,0,0,0
129252426,inf,0,0,0,0,0
130264535,inf,0,0,0,0,0
131271147,inf,0,0,0,0,0
132273169,inf,0,0,0,0,0
133280467,inf,0,0,0,0,0
134282617,inf,0,0,0,0,0
135289068,inf,0,0,0,0,0
136296037,inf,0,0,0,0,0
137298360,inf,0,0,0,0,0
138305339,inf,0,0,0,0,0
139311919,inf,0,0,0,0,0
140324053,inf,0,0,0,0,0
141330634,inf,0,0,0,0,0
142332777,inf,0,0,0,0,0
143334712,inf,0,0,0,0,0
144341958,inf,0,0,0,0,0
145348593,inf,0,0,0,0,0
146350630,inf,0,0,0,0,0
147352668,inf,0,0,0,0,0
148354741,inf,0,0,0,0,0
149361709,inf,0,0,0,0,0
150363729,inf,0,0,0,0,0
151370572,inf,0,0,0,0,0
152372662,inf,0,0,0,0,0
153384801,inf,0,0,0,0,0
154391717,inf,0,0,0,0,0
155393447,inf,0,0,0,0,0
156400714,inf,0,0,0,0,0
157402727,inf,0,0,0,0,0
158404743,inf,0,0,0,0,0
159411407,inf,0,0,0,0,0
162422746,inf,0,0,0,0,0
163429311,inf,0,0,0,0,0
164431318,inf,0,0,0,0,0
165438547,inf,0,0,0,0,0
166445562,inf,0,0,0,0,0
167452113,inf,0,0,0,0,0
168454148,inf,0,0,0,0,0
169461374,inf,0,0,0,0,0
170463457,inf,0,0,0,0,0
171470064,inf,0,0,0,0,0
172472245,inf,0,0,0,0,0
173474131,inf,0,0,0,0,0
174481489,inf,0,0,0,0,0
175483514,inf,0,0,0,0,0
176490090,inf,0,0,0,0,0
177492084,inf,0,0,0,0,0
178499354,inf,0,0,0,0,0
179501341,inf,0,0,0,0,0
181510023,inf,0,0,0,0,0
182512054,inf,0,0,0,0,0
183514129,inf,0,0,0,0,0
184521035,inf,0,0,0,0,0
185527982,inf,0,0,0,0,0
186529989,inf,0,0,0,0,0
187532045,inf,0,0,0,0,0
188539283,inf,0,0,0,0,0
189541270,inf,0,0,0,0,0
190543371,inf,0,0,0,0,0
191545521,inf,0,0,0,0,0
192552000,inf,0,0,0,0,0
193554063,inf,0,0,0,0,0
194561297,inf,0,0,0,0,0
195563286,inf,0,0,0,0,0
196569972,inf,0,0,0,0,0
197572031,inf,0,0,0,0,0
198578952,inf,0,0,0,0,0
199580957,inf,0,0,0,0,0
200583271,inf,0,0,0,0,0
201589930,inf,0,0,0,0,0
202591969,inf,0,0,0,0,0
203594015,inf,0,0,0,0,0
204596311,inf,0,0,0,0,0
205603266,inf,0,0,0,0,0
206609902,inf,0,0,0,0,0
207611959,inf,0,0,0,0,0
208619148,inf,0,0,0,0,0
209621195,inf,0,0,0,0,0
210632766,inf,0,0,0,0,0
211634747,inf,0,0,0,0,0
212641982,inf,0,0,0,0,0
213644029,inf,0,0,0,0,0
214650617,inf,0,0,0,0,0
215662834,inf,0,0,0,0,0
216664762,inf,0,0,0,0,0
217671406,inf,0,0,0,0,0
218678781,inf,0,0,0,0,0
219680739,inf,0,0,0,0,0
220682950,inf,0,0,0,0,0
221689384,inf,0,0,0,0,0
222691755,inf,0,0,0,0,0
227711458,inf,0,0,0,0,0
228713432,inf,0,0,0,0,0
229720493,inf,0,0,0,0,0
230722475,inf,0,0,0,0,0
231724525,inf,0,0,0,0,0
232731337,inf,0,0,0,0,0
233733408,inf,0,0,0,0,0
234740689,inf,0,0,0,0,0
235742753,inf,0,0,0,0,0
236744688,inf,0,0,0,0,0
237756213,inf,0,0,0,0,0
238758568,inf,0,0,0,0,0
239765301,inf,0,0,0,0,0
240772125,inf,0,0,0,0,0
241774145,inf,0,0,0,0,0
242781413,inf,0,0,0,0,0
243788005,inf,0,0,0,0,0
244790104,inf,0,0,0,0,0
245792089,inf,0,0,0,0,0
246799316,inf,0,0,0,0,0
247805969,inf,0,0,0,0,0
248812898,inf,0,0,0,0,0
249814946,inf,0,0,0,0,0
250822106,inf,0,0,0,0,0
251828803,inf,0,0,0,0,0
252830786,inf,0,0,0,0,0
253838050,inf,0,0,0,0,0
254840217,inf,0,0,0,0,0
255842111,inf,0,0,0,0,0
256844128,inf,0,0,0,0,0
257850756,inf,0,0,0,0,0
258858045,inf,0,0,0,0,0
259860066,inf,0,0,0,0,0
260862060,inf,0,0,0,0,0
261864138,inf,0,0,0,0,0
262870758,inf,0,0,0,0,0
263872830,inf,0,0,0,0,0
264879999,inf,0,0,0,0,0
265882075,inf,0,0,0,0,0
266884260,inf,0,0,0,0,0
267886355,inf,0,0,0,0,0
268887892,inf,0,0,0,0,0
269889952,inf,0,0,0,0,0
270891976,inf,0,0,0,0,0
271899229,inf,0,0,0,0,0
272900950,inf,0,0,0,0,0
273907860,inf,0,0,0,0,0
274909951,inf,0,0,0,0,0
275911983,inf,0,0,0,0,0
276914003,inf,0,0,0,0,0
277921271,inf,0,0,0,0,0
278923292,inf,0,0,0,0,0
279929940,inf,0,0,0,0,0
280931917,inf,0,0,0,0,0
281944023,inf,0,0,0,0,0
282950675,inf,0,0,0,0,0
283952733,inf,0,0,0,0,0
284954737,inf,0,0,0,0,0
285961991,inf,0,0,0,0,0
286968606,inf,0,0,0,0,0
287970608,inf,0,0,0,0,0
289979953,inf,0,0,0,0,0
290981919,inf,0,0,0,0,0
291983996,inf,0,0,0,0,0
292990607,inf,0,0,0,0,0
293992657,inf,0,0,0,0,0
294994698,inf,0,0,0,0,0
297003929,inf,0,0,0,0,0
298010576,inf,0,0,0,0,0
299012750,inf,0,0,0,0,0
300024807,inf,0,0,0,0,0
301031650,inf,0,0,0,0,0
302033449,inf,0,0,0,0,0
303040448,inf,0,0,0,0,0
304042484,inf,0,0,0,0,0
305044755,inf,0,0,0,0,0
306051398,inf,0,0,0,0,0
307053419,inf,0,0,0,0,0
308060645,inf,0,0,0,0,0
309062702,inf,0,0,0,0,0
310069321,inf,0,0,0,0,0
311071325,inf,0,0,0,0,0
312078703,inf,0,0,0,0,0
313085681,inf,0,0,0,0,0
314092119,inf,0,0,0,0,0
315094159,inf,0,0,0,0,0
316101447,inf,0,0,0,0,0
317103421,inf,0,0,0,0,0
318110095,inf,0,0,0,0,0
319112135,inf,0,0,0,0,0
320119337,inf,0,0,0,0,0
321126287,inf,0,0,0,0,0
322132904,inf,0,0,0,0,0
323134939,inf,0,0,0,0,0
324142133,inf,0,0,0,0,0
325144140,inf,0,0,0,0,0
326150801,inf,0,0,0,0,0
327152936,inf,0,0,0,0,0
328160121,inf,0,0,0,0,0
329161858,inf,0,0,0,0,0
330163900,inf,0,0,0,0,0
331170797,inf,0,0,0,0,0
332172864,inf,0,0,0,0,0
337192827,inf,0,0,0,0,0
338200044,inf,0,0,0,0,0
339202027,inf,0,0,0,0,0
340208698,inf,0,0,0,0,0
341210716,inf,0,0,0,0,0
342212843,inf,0,0,0,0,0
343220035,inf,0,0,0,0,0
344222089,inf,0,0,0,0,0
345228703,inf,0,0,0,0,0
346230729,inf,0,0,0,0,0
347232781,inf,0,0,0,0,0
348234810,inf,0,0,0,0,0
349241981,inf,0,0,0,0,0
350244030,inf,0,0,0,0,0
351250691,inf,0,0,0,0,0
352252758,inf,0,0,0,0,0
353260014,inf,0,0,0,0,0
354262046,inf,0,0,0,0,0
355268598,inf,0,0,0,0,0
356270634,inf,0,0,0,0,0
357272727,inf,0,0,0,0,0
358274809,inf,0,0,0,0,0
359281944,inf,0,0,0,0,0
360293487,inf,0,0,0,0,0
361300773,inf,0,0,0,0,0
362302806,inf,0,0,0,0,0
363309434,inf,0,0,0,0,0
364311403,inf,0,0,0,0,0
365313466,inf,0,0,0,0,0
366315633,inf,0,0,0,0,0
367322754,inf,0,0,0,0,0
368329378,inf,0,0,0,0,0
369331391,inf,0,0,0,0,0
370343508,inf,0,0,0,0,0
371350152,inf,0,0,0,0,0
372352183,inf,0,0,0,0,0
373354256,inf,0,0,0,0,0
374356363,inf,0,0,0,0,0
375363229,inf,0,0,0,0,0
376370151,inf,0,0,0,0,0
377372159,inf,0,0,0,0,0
378374200,inf,0,0,0,0,0
379381405,inf,0,0,0,0,0
380383451,inf,0,0,0,0,0
381390154,inf,0,0,0,0,0
382392140,inf,0,0,0,0,0
383399422,inf,0,0,0,0,0
384406346,inf,0,0,0,0,0
385408087,inf,0,0,0,0,0
386414998,inf,0,0,0,0,0
387422205,inf,0,0,0,0,0
388428870,inf,0,0,0,0,0
389430875,inf,0,0,0,0,0
390438109,inf,0,0,0,0,0
391445026,inf,0,0,0,0,0
395463008,inf,0,0,0,0,0
396469563,inf,0,0,0,0,0
397471908,inf,0,0,0,0,0
398473690,inf,0,0,0,0,0
399481049,inf,0,0,0,0,0
400483098,inf,0,0,0,0,0
401494594,inf,0,0,0,0,0
402501722,inf,0,0,0,0,0
403503815,inf,0,0,0,0,0
404510395,inf,0,0,0,0,0
405512408,inf,0,0,0,0,0
406514422,inf,0,0,0,0,0
407521435,inf,0,0,0,0,0
408523427,inf,0,0,0,0,0
409535224,inf,0,0,0,0,0
410542479,inf,0,0,0,0,0
411549062,inf,0,0,0,0,0
412555977,inf,0,0,0,0,0
413563244,inf,0,0,0,0,0
414569856,inf,0,0,0,0,0
415571908,inf,0,0,0,0,0
416579123,inf,0,0,0,0,0
417581172,inf,0,0,0,0,0
418583191,inf,0,0,0,0,0
419585324,inf,0,0,0,0,0
420591864,inf,0,0,0,0,0
421599078,inf,0,0,0,0,0
422601135,inf,0,0,0,0,0
423603191,inf,0,0,0,0,0
424609868,inf,0,0,0,0,0
425611837,inf,0,0,0,0,0
426619061,inf,0,0,0,0,0
427621136,inf,0,0,0,0,0
428623181,inf,0,0,0,0,0
429629839,inf,0,0,0,0,0
430631829,inf,0,0,0,0,0
431633852,inf,0,0,0,0,0
432641098,inf,0,0,0,0,0
433643152,inf,0,0,0,0,0
434649714,inf,0,0,0,0,0
435651870,inf,0,0,0,0,0
436659029,inf,0,0,0,0,0
437660817,inf,0,0,0,0,0
438672625,inf,0,0,0,0,0
439679832,inf,0,0,0,0,0
440681966,inf,0,0,0,0,0
441688435,inf,0,0,0,0,0
442690558,inf,0,0,0,0,0
446713361,inf,0,0,0,0,0
447720597,inf,0,0,0,0,0
448722338,inf,0,0,0,0,0
449729208,inf,0,0,0,0,0
450731353,inf,0,0,0,0,0
451733335,inf,0,0,0,0,0
452740328,inf,0,0,0,0,0
453742366,inf,0,0,0,0,0
454749210,inf,0,0,0,0,0
455751225,inf,0,0,0,0,0
456753350,inf,0,0,0,0,0
457755351,inf,0,0,0,0,0
458762572,inf,0,0,0,0,0
459764548,inf,0,0,0,0,0
460771195,inf,0,0,0,0,0
461778440,inf,0,0,0,0,0
462780541,inf,0,0,0,0,0
463782547,inf,0,0,0,0,0
464794065,inf,0,0,0,0,0
465801251,inf,0,0,0,0,0
466803343,inf,0,0,0,0,0
467809952,inf,0,0,0,0,0
468811994,inf,0,0,0,0,0
469819221,inf,0,0,0,0,0
470820945,inf,0,0,0,0,0
471827936,inf,0,0,0,0,0
472829922,inf,0,0,0,0,0
473831952,inf,0,0,0,0,0
474833993,inf,0,0,0,0,0
475841210,inf,0,0,0,0,0
476843298,inf,0,0,0,0,0
477849905,inf,0,0,0,0,0
478851957,inf,0,0,0,0,0
479858943,inf,0,0,0,0,0
480860964,inf,0,0,0,0,0
481872930,inf,0,0,0,0,0
482874807,inf,0,0,0,0,0
483882190,inf,0,0,0,0,0
484888589,inf,0,0,0,0,0
485890636,inf,0,0,0,0,0
486892724,inf,0,0,0,0,0
487899962,inf,0,0,0,0,0
488901961,inf,0,0,0,0,0
489904012,inf,0,0,0,0,0
490910600,inf,0,0,0,0,0
491922778,inf,0,0,0,0,0
492924815,inf,0,0,0,0,0
493931376,inf,0,0,0,0,0
494933478,inf,0,0,0,0,0
497949330,inf,0,0,0,0,0
498951647,inf,0,0,0,0,0
499958689,inf,0,0,0,0,0
500960693,inf,0,0,0,0,0
501962756,inf,0,0,0,0,0
502964834,inf,0,0,0,0,0
503971367,inf,0,0,0,0,0
504973427,inf,0,0,0,0,0
505980672,inf,0,0,0,0,0
506982696,inf,0,0,0,0,0
507989268,inf,0,0,0,0,0
508991316,inf,0,0,0,0,0
509998542,inf,0,0,0,0,0
511005522,inf,0,0,0,0,0
512012115,inf,0,0,0,0,0
513014161,inf,0,0,0,0,0
514021379,inf,0,0,0,0,0
515028017,inf,0,0,0,0,0
516030108,inf,0,0,0,0,0
517032106,inf,0,0,0,0,0
518044196,inf,0,0,0,0,0
519050857,inf,0,0,0,0,0
520052901,inf,0,0,0,0,0
521060135,inf,0,0,0,0,0
522062114,inf,0,0,0,0,0
523068774,inf,0,0,0,0,0
524070827,inf,0,0,0,0,0
525072888,inf,0,0,0,0,0
526079971,inf,0,0,0,0,0
527081869,inf,0,0,0,0,0
528083905,inf,0,0,0,0,0
529086152,inf,0,0,0,0,0
530087946,inf,0,0,0,0,0
531090022,inf,0,0,0,0,0
532092211,inf,0,0,0,0,0
533094211,inf,0,0,0,0,0
534106228,inf,0,0,0,0,0
535107932,inf,0,0,0,0,0
536114906,inf,0,0,0,0,0
537122111,inf,0,0,0,0,0
538128697,inf,0,0,0,0,0
539130727,inf,0,0,0,0,0
540138018,inf,0,0,0,0,0
541144908,inf,0,0,0,0,0
542151496,inf,0,0,0,0,0
543158739,inf,0,0,0,0,0
544165749,inf,0,0,0,0,0
545172355,inf,0,0,0,0,0
546179601,inf,0,0,0,0,0
550192346,inf,0,0,0,0,0
551199539,inf,0,0,0,0,0
552201540,inf,0,0,0,0,0
553208192,inf,0,0,0,0,0
554210276,inf,0,0,0,0,0
555212294,inf,0,0,0,0,0
556214383,inf,0,0,0,0,0
557221530,inf,0,0,0,0,0
558228131,inf,0,0,0,0,0
559235134,inf,0,0,0,0,0
560242116,inf,0,0,0,0,0
561244089,inf,0,0,0,0,0
562250956,inf,0,0,0,0,0
563258225,inf,0,0,0,0,0
564265272,inf,0,0,0,0,0
565271767,inf,0,0,0,0,0
566273795,inf,0,0,0,0,0
567281018,inf,0,0,0,0,0
568283240,inf,0,0,0,0,0
569289884,inf,0,0,0,0,0
570291750,inf,0,0,0,0,0
571293833,inf,0,0,0,0,0
572300768,inf,0,0,0,0,0
573302819,inf,0,0,0,0,0
574309728,inf,0,0,0,0,0
575311780,inf,0,0,0,0,0
576313777,inf,0,0,0,0,0
577320965,inf,0,0,0,0,0
578323025,inf,0,0,0,0,0
579329671,inf,0,0,0,0,0
580331721,inf,0,0,0,0,0
581333735,inf,0,0,0,0,0
582340940,inf,0,0,0,0,0
583343047,inf,0,0,0,0,0
584345043,inf,0,0,0,0,0
585351652,inf,0,0,0,0,0
586358891,inf,0,0,0,0,0
587360981,inf,0,0,0,0,0
588362675,inf,0,0,0,0,0
589369588,inf,0,0,0,0,0
590371966,inf,0,0,0,0,0
591373684,inf,0,0,0,0,0
592380906,inf,0,0,0,0,0
593382973,inf,0,0,0,0,0
594389594,inf,0,0,0,0,0
595391598,inf,0,0,0,0,0
596398841,inf,0,0,0,0,0
597400875,inf,0,0,0,0,0
598402956,inf,0,0,0,0,0
599414459,inf,0,0,0,0,0
600421684,inf,0,0,0,0,0
601428354,inf,0,0,0,0,0
602435268,inf,0,0,0,0,0
603442448,inf,0,0,0,0,0
604444494,inf,0,0,0,0,0
605451160,inf,0,0,0,0,0
606453167,inf,0,0,0,0,0
607460464,inf,0,0,0,0,0
608462515,inf,0,0,0,0,0
609464441,inf,0,0,0,0,0
610471074,inf,0,0,0,0,0
611478555,inf,0,0,0,0,0
612485359,inf,0,0,0,0,0
613492218,inf,0,0,0,0,0
614494083,inf,0,0,0,0,0
615501314,inf,0,0,0,0,0
616507793,inf,0,0,0,0,0
617509840,inf,0,0,0,0,0
618511893,inf,0,0,0,0,0
619519106,inf,0,0,0,0,0
620521124,inf,0,0,0,0,0
621523211,inf,0,0,0,0,0
622529865,inf,0,0,0,0,0
627549872,inf,0,0,0,0,0
628551856,inf,0,0,0,0,0
629553885,inf,0,0,0,0,0
630561059,inf,0,0,0,0,0
631563138,inf,0,0,0,0,0
632569731,inf,0,0,0,0,0
633572147,inf,0,0,0,0,0
634578998,inf,0,0,0,0,0
635580759,inf,0,0,0,0,0
636583082,inf,0,0,0,0,0
637589709,inf,0,0,0,0,0
638591765,inf,0,0,0,0,0
639598757,inf,0,0,0,0,0
641603069,inf,0,0,0,0,0
642604882,inf,0,0,0,0,0
643611795,inf,0,0,0,0,0
644618770,inf,0,0,0,0,0
645620777,inf,0,0,0,0,0
646622841,inf,0,0,0,0,0
647629690,inf,0,0,0,0,0
648631718,inf,0,0,0,0,0
649633852,inf,0,0,0,0,0
650641010,inf,0,0,0,0,0
651643020,inf,0,0,0,0,0
652649671,inf,0,0,0,0,0
653652020,inf,0,0,0,0,0
654663807,inf,0,0,0,0,0
655670461,inf,0,0,0,0,0
656672535,inf,0,0,0,0,0
657674511,inf,0,0,0,0,0
658681914,inf,0,0,0,0,0
659688427,inf,0,0,0,0,0
660695379,inf,0,0,0,0,0
661702530,inf,0,0,0,0,0
662709173,inf,0,0,0,0,0
663711172,inf,0,0,0,0,0
664713262,inf,0,0,0,0,0
665720522,inf,0,0,0,0,0
666722511,inf,0,0,0,0,0
667724542,inf,0,0,0,0,0
668731159,inf,0,0,0,0,0
669733227,inf,0,0,0,0,0
670740501,inf,0,0,0,0,0
671747413,inf,0,0,0,0,0
672753994,inf,0,0,0,0,0
673756411,inf,0,0,0,0,0
674763259,inf,0,0,0,0,0
675769916,inf,0,0,0,0,0
676771993,inf,0,0,0,0,0
677774005,inf,0,0,0,0,0
678776017,inf,0,0,0,0,0
679783264,inf,0,0,0,0,0
680785048,inf,0,0,0,0,0
681791909,inf,0,0,0,0,0
682799132,inf,0,0,0,0,0
683801193,inf,0,0,0,0,0
684812735,inf,0,0,0,0,0
685814754,inf,0,0,0,0,0
686821936,inf,0,0,0,0,0
687823975,inf,0,0,0,0,0
688830651,inf,0,0,0,0,0
689842861,inf,0,0,0,0,0
690844839,inf,0,0,0,0,0
691851397,inf,0,0,0,0,0
692853463,inf,0,0,0,0,0
693860701,inf,0,0,0,0,0
694862741,inf,0,0,0,0,0
697878726,inf,0,0,0,0,0
698880713,inf,0,0,0,0,0
699882740,inf,0,0,0,0,0
700884793,inf,0,0,0,0,0
701891430,inf,0,0,0,0,0
702893572,inf,0,0,0,0,0
703900716,inf,0,0,0,0,0
704902740,inf,0,0,0,0,0
705909322,inf,0,0,0,0,0
706911348,inf,0,0,0,0,0
707918552,inf,0,0,0,0,0
708925546,inf,0,0,0,0,0
709932124,inf,0,0,0,0,0
710934157,inf,0,0,0,0,0
711936204,inf,0,0,0,0,0
712938562,inf,0,0,0,0,0
713940619,inf,0,0,0,0,0
714942727,inf,0,0,0,0,0
715944637,inf,0,0,0,0,0
716951311,inf,0,0,0,0,0
717953357,inf,0,0,0,0,0
718960605,inf,0,0,0,0,0
719962622,inf,0,0,0,0,0
720969209,inf,0,0,0,0,0
721971248,inf,0,0,0,0,0
722973369,inf,0,0,0,0,0
723980566,inf,0,0,0,0,0
724982311,inf,0,0,0,0,0
725989192,inf,0,0,0,0,0
726991285,inf,0,0,0,0,0
727998510,inf,0,0,0,0,0
729000572,inf,0,0,0,0,0
730002557,inf,0,0,0,0,0
731004629,inf,0,0,0,0,0
732011272,inf,0,0,0,0,0
733018454,inf,0,0,0,0,0
734020592,inf,0,0,0,0,0
735022522,inf,0,0,0,0,0
736029149,inf,0,0,0,0,0
737031204,inf,0,0,0,0,0
738033237,inf,0,0,0,0,0
739040534,inf,0,0,0,0,0
740042577,inf,0,0,0,0,0
741049127,inf,0,0,0,0,0
742051157,inf,0,0,0,0,0
743053216,inf,0,0,0,0,0
744060501,inf,0,0,0,0,0
745062489,inf,0,0,0,0,0
746064491,inf,0,0,0,0,0
747066251,inf,0,0,0,0,0
748068341,inf,0,0,0,0,0
749070394,inf,0,0,0,0,0
750072438,inf,0,0,0,0,0
751074421,inf,0,0,0,0,0
752081647,inf,0,0,0,0,0
753083662,inf,0,0,0,0,0
754095297,inf,0,0,0,0,0
755102444,inf,0,0,0,0,0
756104469,inf,0,0,0,0,0
757111079,inf,0,0,0,0,0
758113241,inf,0,0,0,0,0
759115209,inf,0,0,0,0,0
760122416,inf,0,0,0,0,0
761133956,inf,0,0,0,0,0
762141222,inf,0,0,0,0,0
763147818,inf,0,0,0,0,0
764149837,inf,0,0,0,0,0
769169879,inf,0,0,0,0,0
770171837,inf,0,0,0,0,0
771179106,inf,0,0,0,0,0
772186072,inf,0,0,0,0,0
773187740,inf,0,0,0,0,0
774194693,inf,0,0,0,0,0
775201874,inf,0,0,0,0,0
776203901,inf,0,0,0,0,0
777210586,inf,0,0,0,0,0
778222761,inf,0,0,0,0,0
779224794,inf,0,0,0,0,0
780231331,inf,0,0,0,0,0
781233381,inf,0,0,0,0,0
782245551,inf,0,0,0,0,0
783252164,inf,0,0,0,0,0
784259345,inf,0,0,0,0,0
785261381,inf,0,0,0,0,0
786268055,inf,0,0,0,0,0
787270113,inf,0,0,0,0,0
788272094,inf,0,0,0,0,0
789274237,inf,0,0,0,0,0
790281162,inf,0,0,0,0,0
791288256,inf,0,0,0,0,0
792294967,inf,0,0,0,0,0
793302169,inf,0,0,0,0,0
794308780,inf,0,0,0,0,0
795310838,inf,0,0,0,0,0
796312892,inf,0,0,0,0,0
797320210,inf,0,0,0,0,0
798322099,inf,0,0,0,0,0
799328783,inf,0,0,0,0,0
800330851,inf,0,0,0,0,0
801332865,inf,0,0,0,0,0
802339940,inf,0,0,0,0,0
803341879,inf,0,0,0,0,0
804343899,inf,0,0,0,0,0
805350749,inf,0,0,0,0,0
806352871,inf,0,0,0,0,0
807360058,inf,0,0,0,0,0
808362078,inf,0,0,0,0,0
809368707,inf,0,0,0,0,0
810375667,inf,0,0,0,0,0
814388686,inf,0,0,0,0,0
815390749,inf,0,0,0,0,0
816397979,inf,0,0,0,0,0
817400037,inf,0,0,0,0,0
818401994,inf,0,0,0,0,0
819403817,inf,0,0,0,0,0
820410697,inf,0,0,0,0,0
821412795,inf,0,0,0,0,0
822419738,inf,0,0,0,0,0
823422059,inf,0,0,0,0,0
824424029,inf,0,0,0,0,0
825430650,inf,0,0,0,0,0
826432755,inf,0,0,0,0,0
827434839,inf,0,0,0,0,0
828441696,inf,0,0,0,0,0
829448675,inf,0,0,0,0,0
830450627,inf,0,0,0,0,0
831452762,inf,0,0,0,0,0
832454796,inf,0,0,0,0,0
833461956,inf,0,0,0,0,0
834468567,inf,0,0,0,0,0
835475645,inf,0,0,0,0,0
836482954,inf,0,0,0,0,0
837489398,inf,0,0,0,0,0
838491440,inf,0,0,0,0,0
839498637,inf,0,0,0,0,0
840500714,inf,0,0,0,0,0
841502768,inf,0,0,0,0,0
842509327,inf,0,0,0,0,0
843511663,inf,0,0,0,0,0
844513426,inf,0,0,0,0,0
845520746,inf,0,0,0,0,0
846522713,inf,0,0,0,0,0
847529317,inf,0,0,0,0,0
848536313,inf,0,0,0,0,0
849543213,inf,0,0,0,0,0
850550135,inf,0,0,0,0,0
851552174,inf,0,0,0,0,0
852559368,inf,0,0,0,0,0
853561463,inf,0,0,0,0,0
854563191,inf,0,0,0,0,0
855565318,inf,0,0,0,0,0
856572130,inf,0,0,0,0,0
857579343,inf,0,0,0,0,0
858581395,inf,0,0,0,0,0
859588091,inf,0,0,0,0,0
860590138,inf,0,0,0,0,0
861592124,inf,0,0,0,0,0
862599388,inf,0,0,0,0,0
863601378,inf,0,0,0,0,0
864607996,inf,0,0,0,0,0
865610120,inf,0,0,0,0,0
866612082,inf,0,0,0,0,0
867614122,inf,0,0,0,0,0
868621338,inf,0,0,0,0,0
870630040,inf,0,0,0,0,0
871632434,inf,0,0,0,0,0
872639274,inf,0,0,0,0,0
873641047,inf,0,0,0,0,0
874643330,inf,0,0,0,0,0
875650029,inf,0,0,0,0,0
879667965,inf,0,0,0,0,0
880669990,inf,0,0,0,0,0
881672006,inf,0,0,0,0,0
882679265,inf,0,0,0,0,0
883681414,inf,0,0,0,0,0
884687916,inf,0,0,0,0,0
885694888,inf,0,0,0,0,0
886702037,inf,0,0,0,0,0
887704103,inf,0,0,0,0,0
888710757,inf,0,0,0,0,0
889718028,inf,0,0,0,0,0
890724913,inf,0,0,0,0,0
891731487,inf,0,0,0,0,0
892733665,inf,0,0,0,0,0
893740837,inf,0,0,0,0,0
894752318,inf,0,0,0,0,0
895759282,inf,0,0,0,0,0
896761353,inf,0,0,0,0,0
897763609,inf,0,0,0,0,0
898770271,inf,0,0,0,0,0
899772413,inf,0,0,0,0,0
900784409,inf,0,0,0,0,0
901791019,inf,0,0,0,0,0
902798260,inf,0,0,0,0,0
903805260,inf,0,0,0,0,0
904811815,inf,0,0,0,0,0
905813853,inf,0,0,0,0,0
906821119,inf,0,0,0,0,0
907827700,inf,0,0,0,0,0
908829742,inf,0,0,0,0,0
909831776,inf,0,0,0,0,0
910838981,inf,0,0,0,0,0
911841031,inf,0,0,0,0,0
912843123,inf,0,0,0,0,0
913845119,inf,0,0,0,0,0
914851755,inf,0,0,0,0,0
915858772,inf,0,0,0,0,0
916860999,inf,0,0,0,0,0
917867638,inf,0,0,0,0,0
918874591,inf,0,0,0,0,0
919881971,inf,0,0,0,0,0
920883963,inf,0,0,0,0,0
921890497,inf,0,0,0,0,0
922892541,inf,0,0,0,0,0
923899752,inf,0,0,0,0,0
924901744,inf,0,0,0,0,0
925903793,inf,0,0,0,0,0
926910497,inf,0,0,0,0,0
927912513,inf,0,0,0,0,0
928914527,inf,0,0,0,0,0
929921809,inf,0,0,0,0,0
930923769,inf,0,0,0,0,0
931930436,inf,0,0,0,0,0
932932527,inf,0,0,0,0,0
933939694,inf,0,0,0,0,0
934941751,inf,0,0,0,0,0
935948325,inf,0,0,0,0,0
936950419,inf,0,0,0,0,0
937952460,inf,0,0,0,0,0
938959687,inf,0,0,0,0,0
939961733,inf,0,0,0,0,0
940963715,inf,0,0,0,0,0
941970403,inf,0,0,0,0,0
942972439,inf,0,0,0,0,0
943979686,inf,0,0,0,0,0
944981725,inf,0,0,0,0,0
945988277,inf,0,0,0,0,0
946995274,inf,0,0,0,0,0
948002473,inf,0,0,0,0,0
949004535,inf,0,0,0,0,0
950011125,inf,0,0,0,0,0
951013176,inf,0,0,0,0,0
952020527,inf,0,0,0,0,0
957035224,inf,0,0,0,0,0
958042404,inf,0,0,0,0,0
959049032,inf,0,0,0,0,0
960051066,inf,0,0,0,0,0
961058362,inf,0,0,0,0,0
962060452,inf,0,0,0,0,0
963062408,inf,0,0,0,0,0
964064429,inf,0,0,0,0,0
965071521,inf,0,0,0,0,0
966073104,inf,0,0,0,0,0
967080545,inf,0,0,0,0,0
968082527,inf,0,0,0,0,0
969088993,inf,0,0,0,0,0
970091031,inf,0,0,0,0,0
971093114,inf,0,0,0,0,0
972095129,inf,0,0,0,0,0
973102378,inf,0,0,0,0,0
974104361,inf,0,0,0,0,0
975111025,inf,0,0,0,0,0
976118289,inf,0,0,0,0,0
977120346,inf,0,0,0,0,0
978122363,inf,0,0,0,0,0
979124325,inf,0,0,0,0,0
980131254,inf,0,0,0,0,0
981133062,inf,0,0,0,0,0
982140363,inf,0,0,0,0,0
983142057,inf,0,0,0,0,0
984148927,inf,0,0,0,0,0
985150951,inf,0,0,0,0,0
986158204,inf,0,0,0,0,0
987160298,inf,0,0,0,0,0
988162022,inf,0,0,0,0,0
989168891,inf,0,0,0,0,0
990170924,inf,0,0,0,0,0
991173006,inf,0,0,0,0,0
992180272,inf,0,0,0,0,0
993182292,inf,0,0,0,0,0
994184296,inf,0,0,0,0,0
995190966,inf,0,0,0,0,0
996192986,inf,0,0,0,0,0
997195018,inf,0,0,0,0,0
998202202,inf,0,0,0,0,0
999208861,inf,0,0,0,0,0
1000210899,inf,0,0,0,0,0
1001223033,inf,0,0,0,0,0
1002225060,inf,0,0,0,0,0
1003232013,inf,0,0,0,0,0
1004238923,inf,0,0,0,0,0
1005240937,inf,0,0,0,0,0
1006243036,inf,0,0,0,0,0
1007249637,inf,0,0,0,0,0
1008251697,inf,0,0,0,0,0
1009258886,inf,0,0,0,0,0
1010260907,inf,0,0,0,0,0
1011262959,inf,0,0,0,0,0
1015281091,inf,0,0,0,0,0
1016283117,inf,0,0,0,0,0
1017289581,inf,0,0,0,0,0
1018291600,inf,0,0,0,0,0
1019293690,inf,0,0,0,0,0
1020301036,inf,0,0,0,0,0
1021312455,inf,0,0,0,0,0
1022314424,inf,0,0,0,0,0
1023321703,inf,0,0,0,0,0
1024323687,inf,0,0,0,0,0
1025330344,inf,0,0,0,0,0
1026332766,inf,0,0,0,0,0
1027339584,inf,0,0,0,0,0
1028341675,inf,0,0,0,0,0
1029343640,inf,0,0,0,0,0
1030355214,inf,0,0,0,0,0
1031362423,inf,0,0,0,0,0
1032369067,inf,0,0,0,0,0
1033371368,inf,0,0,0,0,0
1034378107,inf,0,0,0,0,0
1035380418,inf,0,0,0,0,0
1036382388,inf,0,0,0,0,0
1037388993,inf,0,0,0,0,0
1038391065,inf,0,0,0,0,0
1039393138,inf,0,0,0,0,0
1040400390,inf,0,0,0,0,0
1041402367,inf,0,0,0,0,0
1042409007,inf,0,0,0,0,0
1043411314,inf,0,0,0,0,0
1044413077,inf,0,0,0,0,0
1045420419,inf,0,0,0,0,0
1046422375,inf,0,0,0,0,0
1047424430,inf,0,0,0,0,0
1048430995,inf,0,0,0,0,0
1049438287,inf,0,0,0,0,0
1050445166,inf,0,0,0,0,0
1051451825,inf,0,0,0,0,0
1052453879,inf,0,0,0,0,0
1053461117,inf,0,0,0,0,0
1054467702,inf,0,0,0,0,0
1055469916,inf,0,0,0,0,0
1056471834,inf,0,0,0,0,0
1060489694,inf,0,0,0,0,0
1061491767,inf,0,0,0,0,0
1062493874,inf,0,0,0,0,0
1063501023,inf,0,0,0,0,0
1064507707,inf,0,0,0,0,0
1065514575,inf,0,0,0,0,0
1066521850,inf,0,0,0,0,0
1067523883,inf,0,0,0,0,0
1068530519,inf,0,0,0,0,0
1069532662,inf,0,0,0,0,0
1070539749,inf,0,0,0,0,0
1071541751,inf,0,0,0,0,0
1072543822,inf,0,0,0,0,0
1073550465,inf,0,0,0,0,0
1074552521,inf,0,0,0,0,0
1075554588,inf,0,0,0,0,0
1076556863,inf,0,0,0,0,0
1077558904,inf,0,0,0,0,0
1078560944,inf,0,0,0,0,0
1079562982,inf,0,0,0,0,0
1080569586,inf,0,0,0,0,0
1081571632,inf,0,0,0,0,0
1082578918,inf,0,0,0,0,0
1083585812,inf,0,0,0,0,0
1084587625,inf,0,0,0,0,0
1085589681,inf,0,0,0,0,0
1086591602,inf,0,0,0,0,0
1087598843,inf,0,0,0,0,0
1088605837,inf,0,0,0,0,0
1089612484,inf,0,0,0,0,0
1090619673,inf,0,0,0,0,0
1091621676,inf,0,0,0,0,0
1092628306,inf,0,0,0,0,0
1093630393,inf,0,0,0,0,0
1094632428,inf,0,0,0,0,0
1095634458,inf,0,0,0,0,0
1096641333,inf,0,0,0,0,0
1097643674,inf,0,0,0,0,0
1098650380,inf,0,0,0,0,0
1099652405,inf,0,0,0,0,0
1100659615,inf,0,0,0,0,0
1101661305,inf,0,0,0,0,0
1102668419,inf,0,0,0,0,0
1103675384,inf,0,0,0,0,0
1104682699,inf,0,0,0,0,0
1105684431,inf,0,0,0,0,0
1106691091,inf,0,0,0,0,0
1107698373,inf,0,0,0,0,0
1108700435,inf,0,0,0,0,0
1109707247,inf,0,0,0,0,0
1110713905,inf,0,0,0,0,0
1111721158,inf,0,0,0,0,0
1112723171,inf,0,0,0,0,0
1113729830,inf,0,0,0,0,0
1114731872,inf,0,0,0,0,0
1115739121,inf,0,0,0,0,0
1116740835,inf,0,0,0,0,0
1117743169,inf,0,0,0,0,0
1118749857,inf,0,0,0,0,0
1119751826,inf,0,0,0,0,0
1120753858,inf,0,0,0,0,0
1121761150,inf,0,0,0,0,0
1122763147,inf,0,0,0,0,0
1123765259,inf,0,0,0,0,0
1124771829,inf,0,0,0,0,0
1125773912,inf,0,0,0,0,0
1126780822,inf,0,0,0,0,0
1127782938,inf,0,0,0,0,0
1128784945,inf,0,0,0,0,0
1129791773,inf,0,0,0,0,0
1130793825,inf,0,0,0,0,0
1131801056,inf,0,0,0,0,0
1132803128,inf,0,0,0,0,0
1137823105,inf,0,0,0,0,0
1138829670,inf,0,0,0,0,0
1139832065,inf,0,0,0,0,0
1140833765,inf,0,0,0,0,0
1141840991,inf,0,0,0,0,0
1142843035,inf,0,0,0,0,0
1143849627,inf,0,0,0,0,0
1144851694,inf,0,0,0,0,0
1145858945,inf,0,0,0,0,0
1146865925,inf,0,0,0,0,0
1147872511,inf,0,0,0,0,0
1148874521,inf,0,0,0,0,0
1149881807,inf,0,0,0,0,0
1150888390,inf,0,0,0,0,0
1151890467,inf,0,0,0,0,0
1152892508,inf,0,0,0,0,0
1153894509,inf,0,0,0,0,0
1154901797,inf,0,0,0,0,0
1155903728,inf,0,0,0,0,0
1156910414,inf,0,0,0,0,0
1157922564,inf,0,0,0,0,0
1158929116,inf,0,0,0,0,0
1159931474,inf,0,0,0,0,0
1160943313,inf,0,0,0,0,0
1161949972,inf,0,0,0,0,0
1162951968,inf,0,0,0,0,0
1163959221,inf,0,0,0,0,0
1164960939,inf,0,0,0,0,0
1165967862,inf,0,0,0,0,0
1166974817,inf,0,0,0,0,0
1167982012,inf,0,0,0,0,0
1168984037,inf,0,0,0,0,0
1169990664,inf,0,0,0,0,0
1170992787,inf,0,0,0,0,0
1171994808,inf,0,0,0,0,0
1173001991,inf,0,0,0,0,0
1174004000,inf,0,0,0,0,0
1175010699,inf,0,0,0,0,0
1176012788,inf,0,0,0,0,0
1177014749,inf,0,0,0,0,0
1178021964,inf,0,0,0,0,0
1179024020,inf,0,0,0,0,0
1180030626,inf,0,0,0,0,0
1181032715,inf,0,0,0,0,0
1182039924,inf,0,0,0,0,0
1183041961,inf,0,0,0,0,0
1184048584,inf,0,0,0,0,0
1185055561,inf,0,0,0,0,0
1186062783,inf,0,0,0,0,0
1187069371,inf,0,0,0,0,0
1188071417,inf,0,0,0,0,0
1189078806,inf,0,0,0,0,0
1190085758,inf,0,0,0,0,0
1191092188,inf,0,0,0,0,0
1192094379,inf,0,0,0,0,0
1193101180,inf,0,0,0,0,0
1194103451,inf,0,0,0,0,0
1195110162,inf,0,0,0,0,0
1196112552,inf,0,0,0,0,0
1197114201,inf,0,0,0,0,0
1198121446,inf,0,0,0,0,0
1199123472,inf,0,0,0,0,0
1200130116,inf,0,0,0,0,0
1201132176,inf,0,0,0,0,0
1202139363,inf,0,0,0,0,0
1203146053,inf,0,0,0,0,0
1204152943,inf,0,0,0,0,0
1208161413,inf,0,0,0,0,0
1209168018,inf,0,0,0,0,0
1210174995,inf,0,0,0,0,0
1211182126,inf,0,0,0,0,0
1212184200,inf,0,0,0,0,0
1213195777,inf,0,0,0,0,0
1214203092,inf,0,0,0,0,0
1215209560,inf,0,0,0,0,0
1216211597,inf,0,0,0,0,0
1217218896,inf,0,0,0,0,0
1218220879,inf,0,0,0,0,0
1219222969,inf,0,0,0,0,0
1220234439,inf,0,0,0,0,0
1221241710,inf,0,0,0,0,0
1222243676,inf,0,0,0,0,0
1223250384,inf,0,0,0,0,0
1224252399,inf,0,0,0,0,0
1225254453,inf,0,0,0,0,0
1226261624,inf,0,0,0,0,0
1227268432,inf,0,0,0,0,0
1228275190,inf,0,0,0,0,0
1229282657,inf,0,0,0,0,0
1230289086,inf,0,0,0,0,0
1231291070,inf,0,0,0,0,0
1233300417,inf,0,0,0,0,0
1234302472,inf,0,0,0,0,0
1235309049,inf,0,0,0,0,0
1236311365,inf,0,0,0,0,0
1237313117,inf,0,0,0,0,0
1238320396,inf,0,0,0,0,0
1241331031,inf,0,0,0,0,0
1242333139,inf,0,0,0,0,0
1243340407,inf,0,0,0,0,0
1244342370,inf,0,0,0,0,0
1245344396,inf,0,0,0,0,0
1246351028,inf,0,0,0,0,0
1247358258,inf,0,0,0,0,0
1248360352,inf,0,0,0,0,0
1249362357,inf,0,0,0,0,0
1250364369,inf,0,0,0,0,0
1251371058,inf,0,0,0,0,0
1252373060,inf,0,0,0,0,0
1253380329,inf,0,0,0,0,0
1254386855,inf,0,0,0,0,0
1255388955,inf,0,0,0,0,0
1256390991,inf,0,0,0,0,0
1257393073,inf,0,0,0,0,0
1258400334,inf,0,0,0,0,0
1259402304,inf,0,0,0,0,0
1260408913,inf,0,0,0,0,0
1261411006,inf,0,0,0,0,0
1262418199,inf,0,0,0,0,0
1263420300,inf,0,0,0,0,0
1264421968,inf,0,0,0,0,0
1265424268,inf,0,0,0,0,0
1266430938,inf,0,0,0,0,0
1267433029,inf,0,0,0,0,0
1268445104,inf,0,0,0,0,0
1269451694,inf,0,0,0,0,0
1270453762,inf,0,0,0,0,0
1271460961,inf,0,0,0,0,0
1272463049,inf,0,0,0,0,0
1273469626,inf,0,0,0,0,0
1274471847,inf,0,0,0,0,0
1275478901,inf,0,0,0,0,0
1276480955,inf,0,0,0,0,0
1277483049,inf,0,0,0,0,0
1278485267,inf,0,0,0,0,0
1279491649,inf,0,0,0,0,0
1280493700,inf,0,0,0,0,0
1281505919,inf,0,0,0,0,0
1282512480,inf,0,0,0,0,0
1283514554,inf,0,0,0,0,0
1284521704,inf,0,0,0,0,0
1285523758,inf,0,0,0,0,0
1286530419,inf,0,0,0,0,0
1287532443,inf,0,0,0,0,0
1288539694,inf,0,0,0,0,0
1289541700,inf,0,0,0,0,0
1290548320,inf,0,0,0,0,0
1291550384,inf,0,0,0,0,0
1292552798,inf,0,0,0,0,0
1293554466,inf,0,0,0,0,0
1294561664,inf,0,0,0,0,0
1295563713,inf,0,0,0,0,0
1296570351,inf,0,0,0,0,0
1297572411,inf,0,0,0,0,0
1298579620,inf,0,0,0,0,0
1299581661,inf,0,0,0,0,0
1300588254,inf,0,0,0,0,0
1301595255,inf,0,0,0,0,0
1302602209,inf,0,0,0,0,0
1303609077,inf,0,0,0,0,0
1304611083,inf,0,0,0,0,0
1305618394,inf,0,0,0,0,0
1306625315,inf,0,0,0,0,0
1311649831,inf,0,0,0,0,0
1312652189,inf,0,0,0,0,0
1313659109,inf,0,0,0,0,0
1314661128,inf,0,0,0,0,0
1315663146,inf,0,0,0,0,0
1316669825,inf,0,0,0,0,0
1317672016,inf,0,0,0,0,0
1318679155,inf,0,0,0,0,0
1319681094,inf,0,0,0,0,0
1320687730,inf,0,0,0,0,0
1321694695,inf,0,0,0,0,0
1322701857,inf,0,0,0,0,0
1323703895,inf,0,0,0,0,0
1324710608,inf,0,0,0,0,0
1325722852,inf,0,0,0,0,0
1326729313,inf,0,0,0,0,0
1327736216,inf,0,0,0,0,0
1328743477,inf,0,0,0,0,0
1329745636,inf,0,0,0,0,0
1330752124,inf,0,0,0,0,0
1331759363,inf,0,0,0,0,0
1332766323,inf,0,0,0,0,0
1333768018,inf,0,0,0,0,0
1334770077,inf,0,0,0,0,0
1335772093,inf,0,0,0,0,0
1336779316,inf,0,0,0,0,0
1337781409,inf,0,0,0,0,0
1338783370,inf,0,0,0,0,0
1339785482,inf,0,0,0,0,0
1340792060,inf,0,0,0,0,0
1341799163,inf,0,0,0,0,0
1342801088,inf,0,0,0,0,0
1343803367,inf,0,0,0,0,0
1344805589,inf,0,0,0,0,0
1345812056,inf,0,0,0,0,0
1346814103,inf,0,0,0,0,0
1347821343,inf,0,0,0,0,0
1348823334,inf,0,0,0,0,0
1349825445,inf,0,0,0,0,0
1350832026,inf,0,0,0,0,0
1351834089,inf,0,0,0,0,0
1352841280,inf,0,0,0,0,0
1353843351,inf,0,0,0,0,0
1354849989,inf,0,0,0,0,0
1355851999,inf,0,0,0,0,0
1356854103,inf,0,0,0,0,0
1357856096,inf,0,0,0,0,0
1358858405,inf,0,0,0,0,0
1359860509,inf,0,0,0,0,0
1360862489,inf,0,0,0,0,0
1361869125,inf,0,0,0,0,0
1362871661,inf,0,0,0,0,0
1363878481,inf,0,0,0,0,0
1364885380,inf,0,0,0,0,0
1365891991,inf,0,0,0,0,0
1366894053,inf,0,0,0,0,0
1367901246,inf,0,0,0,0,0
1368903255,inf,0,0,0,0,0
1369909987,inf,0,0,0,0,0
1370911965,inf,0,0,0,0,0
1371919187,inf,0,0,0,0,0
1375941970,inf,0,0,0,0,0
1376953507,inf,0,0,0,0,0
1377960784,inf,0,0,0,0,0
1378962806,inf,0,0,0,0,0
1379969408,inf,0,0,0,0,0
1380971449,inf,0,0,0,0,0
1381978678,inf,0,0,0,0,0
1382980760,inf,0,0,0,0,0
1383982806,inf,0,0,0,0,0
1384989353,inf,0,0,0,0,0
1385991463,inf,0,0,0,0,0
1386998686,inf,0,0,0,0,0
1388005601,inf,0,0,0,0,0
1389012247,inf,0,0,0,0,0
1390019203,inf,0,0,0,0,0
1391021192,inf,0,0,0,0,0
1392028071,inf,0,0,0,0,0
1393035113,inf,0,0,0,0,0
1394042218,inf,0,0,0,0,0
1395044260,inf,0,0,0,0,0
1396050909,inf,0,0,0,0,0
1397053076,inf,0,0,0,0,0
1398059977,inf,0,0,0,0,0
1399061977,inf,0,0,0,0,0
1400064041,inf,0,0,0,0,0
1401071078,inf,0,0,0,0,0
1402082976,inf,0,0,0,0,0
1402351537,inf,0,1,0,0,0
1402610610,inf,0,1,1,0,0
1402918627,inf,0,1,1,1,0
1403920789,inf,0,1,1,1,0
1404922699,inf,0,1,1,1,0
