timestamp,load,ram_usage
30843817,0.20703799,0.26057175
31343834,0.26195866,0.34028548
31843817,0.23366547,0.33466
32343847,0.23772907,0.33502352
32843923,0.23438048,0.33502352
33343837,0.23658448,0.33502352
33843818,0.23470354,0.33502352
34343844,0.23622203,0.33502352
34843817,0.23437798,0.33502352
35344523,0.24102813,0.33502352
35843818,0.24369764,0.33502352
36343900,0.24504799,0.33502352
36843816,0.24329048,0.33502352
37343820,0.24660301,0.33502352
37843820,0.24382049,0.33502352
38343844,0.24440402,0.33502352
38843892,0.24490225,0.33502352
39343865,0.24541783,0.33502352
39843900,0.24424201,0.33502352
40343846,0.23688245,0.33502352
40843836,0.23613554,0.33502352
41343909,0.23804754,0.33502352
41843820,0.23528755,0.33502352
42343886,0.23681521,0.33502352
42843817,0.2361961,0.33502352
43343900,0.23672104,0.33502352
43843818,0.23611248,0.33502352
44343817,0.23623401,0.33502352
44843819,0.23648,0.33502352
45343841,0.23510444,0.33502352
45843851,0.23668438,0.33502352
46343817,0.23610914,0.33502352
46843890,0.23607802,0.33502352
47344080,0.23731202,0.33502352
47843817,0.235784,0.33502352
48343819,0.23608047,0.33502352
48843819,0.23594308,0.33502352
49343818,0.23705697,0.33502352
49843817,0.23538202,0.33502352
50343913,0.23605108,0.33502352
50844168,0.22467989,0.3361142
52843820,0.239968,0.3361142
53343821,0.24855751,0.3361142
53843893,0.2465185,0.3361142
54344169,0.24736732,0.3361142
54843863,0.247845,0.3361142
55343819,0.24776548,0.3361142
55843818,0.2462725,0.3361142
56343819,0.24655998,0.3361142
56843819,0.23504353,0.3361142
57343920,0.23381811,0.3361142
57843926,0.23454863,0.3361142
58343819,0.23419964,0.3361142
58843820,0.23529106,0.3361142
59343843,0.23337245,0.3361142
59843820,0.23524553,0.3361142
60343819,0.23502094,0.3361142
60843887,0.23431599,0.3361142
61343819,0.2349655,0.3361142
61843818,0.23530847,0.3361142
62343818,0.23402399,0.3361142
62843954,0.23464453,0.3361142
63343818,0.23459947,0.3361142
63843839,0.23452753,0.3361142
64343888,0.23432446,0.3361142
64843819,0.23320353,0.3361142
65343819,0.23541403,0.3361142
65843818,0.23226047,0.3361142
66344181,0.23598164,0.3361142
66843819,0.23447776,0.3361142
67343836,0.23498905,0.3361142
67843889,0.23261446,0.3361142
68343819,0.23616803,0.3361142
68843823,0.23348212,0.3361142
69343838,0.23495185,0.3361142
69843974,0.23389596,0.3361142
70343819,0.23556161,0.3361142
70843819,0.23209244,0.3361142
71344121,0.23673648,0.3361142
71843834,0.23373097,0.3361142
72343842,0.23588908,0.3361142
72843818,0.23332399,0.3361142
73343819,0.236494,0.3361142
73843831,0.23315287,0.3361142
74343819,0.23423868,0.3361142
74844525,0.23375791,0.3361142
75343818,0.23535478,0.3361142
75843818,0.23335397,0.3361142
76343819,0.23599952,0.3361142
76843840,0.2328282,0.3361142
77343818,0.23570639,0.3361142
77843853,0.2324177,0.3361142
78343921,0.23722816,0.3361142
78843819,0.23321849,0.3361142
79343820,0.235546,0.3361142
79843848,0.23407996,0.3361142
80343820,0.23556012,0.3361142
80843862,0.22508508,0.3361142
81343818,0.22481889,0.3361142
81843903,0.22200799,0.3361142
82343818,0.22428,0.3361142
82843818,0.22211802,0.3361142
83343818,0.22478998,0.3361142
83843845,0.22253442,0.3361142
84343819,0.22333562,0.3361142
84843818,0.22362798,0.3361142
85343898,0.22271597,0.3361142
85843837,0.22249556,0.3361142
86343818,0.2234565,0.3361142
86844007,0.22338003,0.3361142
87343819,0.22313744,0.3361142
87843819,0.22305954,0.3361142
88343819,0.22291243,0.3361142
88843904,0.223634,0.3361142
89343821,0.22259843,0.3361142
89843846,0.22285753,0.3361142
90344255,0.22852165,0.3361142
90843856,0.23460025,0.3361142
91343819,0.23533988,0.3361142
91843844,0.23328751,0.3361142
92343904,0.23514402,0.3361142
92843901,0.23498744,0.3361142
93343819,0.23458695,0.3361142
93843821,0.23465955,0.3361142
94343822,0.2342146,0.3361142
94843865,0.23475379,0.3361142
95343817,0.23399049,0.3361142
95843925,0.23413908,0.3361142
96343819,0.23382753,0.3361142
96843843,0.23476446,0.3361142
97343854,0.23408455,0.3361142
97843846,0.23417592,0.3361142
98343819,0.23430753,0.3361142
98844030,0.23442352,0.3361142
99343896,0.23406678,0.3361142
99843818,0.233868,0.3361142
100343818,0.23328203,0.3361142
100843819,0.23589355,0.3361142
101343818,0.2357505,0.3361142
101843818,0.23303598,0.3361142
102343840,0.23548609,0.3361142
102843943,0.23468584,0.3361142
103343819,0.23508,0.3361142
103843848,0.23283058,0.3361142
104343819,0.23508692,0.3361142
104843913,0.23317647,0.3361142
105343818,0.23473799,0.3361142
105843885,0.22433573,0.3361142
106343895,0.22397423,0.3361142
106843818,0.22164154,0.3361142
107343819,0.22367448,0.3361142
107843893,0.22246355,0.3361142
108343821,0.2242682,0.3361142
108843843,0.22199047,0.3361142
109343819,0.22447956,0.3361142
109843927,0.22211045,0.3361142
110343818,0.22416598,0.3361142
110844255,0.22197199,0.3361142
111343819,0.22505802,0.3361142
111843818,0.222224,0.3361142
112343818,0.223804,0.3361142
112843819,0.22296202,0.3361142
113343898,0.22424358,0.3361142
113843818,0.21431398,0.3361142
117843818,0.23394752,0.3361142
118343821,0.23479104,0.3361142
118843818,0.23375738,0.3361142
119343846,0.234968,0.3361142
119843818,0.23411,0.3361142
120343911,0.2351107,0.3361142
120843818,0.23438728,0.3361142
121343952,0.23552734,0.3361142
121843818,0.23435634,0.3361142
122343819,0.235026,0.3361142
122843818,0.23397797,0.3361142
123343818,0.23512602,0.3361142
123843967,0.230016,0.3361142
124343818,0.22354603,0.3361142
124843820,0.23267353,0.3361142
125343819,0.2354545,0.3361142
125843819,0.23523551,0.3361142
126343958,0.235439,0.3361142
126843818,0.23390257,0.3361142
127343923,0.23531246,0.3361142
127843819,0.23418999,0.3361142
128343819,0.234608,0.3361142
128843819,0.23466998,0.3361142
129343842,0.23434275,0.3361142
129844197,0.23386091,0.3361142
130343822,0.23526996,0.3361142
130843902,0.2341454,0.3361142
131343818,0.235268,0.3361142
131843819,0.234352,0.3361142
132343827,0.2351358,0.3361142
132843818,0.23385823,0.3361142
133343819,0.23444355,0.3361142
133843819,0.23426598,0.3361142
134343897,0.23350644,0.3361142
134843864,0.23380142,0.3361142
135343843,0.23562992,0.3361142
135843840,0.23456079,0.3361142
136343822,0.23355597,0.3361142
136843819,0.23568952,0.3361142
137343836,0.23421806,0.3361142
137843890,0.23413044,0.3361142
138344520,0.23479927,0.3361142
138843833,0.23496282,0.3361142
139343819,0.23459566,0.3361142
139843818,0.23371047,0.3361142
140343819,0.235394,0.3361142
140843823,0.27182382,0.3361142
141343928,0.34703445,0.3361142
141843820,0.23489165,0.3361142
142343857,0.2344262,0.3361142
142843835,0.23330975,0.3361142
143343856,0.23335427,0.3361142
143843819,0.2353599,0.3361142
144343871,0.23496157,0.3361142
144843889,0.2327447,0.3361142
145343821,0.2363975,0.3361142
145843818,0.23265803,0.3361142
146343818,0.22302997,0.3361142
146843838,0.22165847,0.3361142
147343845,0.22499597,0.3361142
147843818,0.22181958,0.3361142
148343890,0.22251755,0.3361142
148843822,0.22347802,0.3361142
149343849,0.22350305,0.3361142
149843818,0.2217933,0.3361142
150344237,0.22471058,0.3361142
150843818,0.22222179,0.3361142
151343820,0.22518957,0.3361142
151843887,0.22224599,0.3361142
152343820,0.22636402,0.3361142
152843818,0.23346049,0.3361142
153343846,0.23582351,0.3361142
153844275,0.23360741,0.3361142
154343865,0.23595303,0.3361142
154843818,0.2334615,0.3361142
155343912,0.23573846,0.3361142
155843821,0.23369956,0.3361142
156343911,0.23532021,0.3361142
156843818,0.23368144,0.3361142
157344080,0.23528415,0.3361142
157843818,0.23365349,0.3361142
158343835,0.2358675,0.3361142
158843915,0.2330705,0.3361142
159343848,0.23549151,0.3361142
159843820,0.23225552,0.3361142
160843856,0.22205955,0.3361142
162344108,0.230834,0.3361142
162843821,0.23430848,0.3361142
163343818,0.23492002,0.3361142
163843818,0.23351353,0.3361142
164343819,0.23458803,0.3361142
164843818,0.23473448,0.3361142
165343820,0.23424506,0.3361142
165843926,0.23431242,0.3361142
166343866,0.23414254,0.3361142
166843839,0.23479354,0.3361142
167343818,0.23293644,0.3361142
167843820,0.23524755,0.3361142
168343912,0.23399848,0.3361142
168843818,0.23424602,0.3361142
169344251,0.23506135,0.3361142
169843818,0.23508215,0.3361142
170343818,0.233684,0.3361142
170843819,0.23531353,0.3361142
171343819,0.23531693,0.3361142
171843820,0.23588955,0.3361142
172343820,0.23383802,0.3361142
172843895,0.23478001,0.3361142
173343818,0.234954,0.3361142
173843818,0.23428047,0.3361142
174344024,0.2340275,0.3361142
174843820,0.23402399,0.3361142
175343818,0.23455602,0.3361142
175843820,0.23345202,0.3361142
176343900,0.23426956,0.3361142
176843818,0.2337349,0.3361142
177343818,0.23406953,0.3361142
177844413,0.23439401,0.3361142
178343818,0.23474443,0.3361142
178843818,0.23413599,0.3361142
179343819,0.23432249,0.3361142
179843918,0.23407751,0.3361142
180343818,0.22904444,0.3361142
180843819,0.231902,0.3361142
181344140,0.23584306,0.3361142
181843837,0.23354298,0.3361142
182343818,0.23525,0.3361142
182843821,0.22940356,0.3361142
183343918,0.22469842,0.3361142
183843821,0.22171664,0.3361142
184343818,0.22349578,0.3361142
184843820,0.22307158,0.3361142
185343818,0.22421801,0.3361142
185843869,0.221286,0.3361142
186343818,0.22432,0.3361142
186843897,0.222116,0.3361142
187343834,0.23332256,0.3361142
187843818,0.23277146,0.3361142
188343820,0.23694801,0.3361142
188843817,0.23332244,0.3361142
189343818,0.23495352,0.3361142
189843946,0.23426145,0.3361142
190343942,0.23391896,0.3361142
190843818,0.23294151,0.3361142
191343817,0.23574644,0.3361142
191843820,0.2336235,0.3361142
192343818,0.23469245,0.3361142
192843830,0.23373836,0.3361142
193344184,0.23512894,0.3361142
193843901,0.23327935,0.3361142
194343818,0.23541355,0.3361142
194843823,0.23390812,0.3361142
195343819,0.2349779,0.3361142
195843836,0.23296809,0.3361142
196343819,0.23531646,0.3361142
196843821,0.23336554,0.3361142
197343896,0.22718,0.3361142
197843817,0.22260046,0.3361142
198343819,0.22435111,0.3361142
198843850,0.22747833,0.3361142
199343818,0.23621064,0.3361142
199843818,0.23382801,0.3361142
200343819,0.23489797,0.3361142
200843919,0.23484105,0.3361142
201343818,0.23534352,0.3361142
201844437,0.23388892,0.3361142
202343819,0.23365635,0.3361142
202843872,0.23393208,0.3361142
203343819,0.2343064,0.3361142
203843820,0.2351135,0.3361142
204343896,0.23463047,0.3361142
204843839,0.2335037,0.3361142
205343820,0.23541391,0.3361142
205843832,0.23433036,0.3361142
206343818,0.23455763,0.3361142
206843863,0.23452288,0.3361142
207343820,0.2347511,0.3361142
207843956,0.23460418,0.3361142
208343820,0.233369,0.3361142
208843819,0.23468244,0.3361142
209343846,0.23499751,0.3361142
209843818,0.23372644,0.3361142
210343817,0.23485446,0.3361142
210843846,0.23402351,0.3361142
211343937,0.23565799,0.3361142
211843830,0.23423284,0.3361142
212343819,0.23460317,0.3361142
212843844,0.23447198,0.3361142
213343833,0.23494095,0.3361142
213844441,0.2344079,0.3361142
214343818,0.23520213,0.3361142
214843921,0.234236,0.3361142
215343819,0.23351246,0.3361142
215843821,0.2352035,0.3361142
216343818,0.23478246,0.3361142
216843845,0.23450756,0.3361142
217344257,0.23488766,0.3361142
217843864,0.23438144,0.3361142
218343903,0.2342065,0.3361142
218843845,0.23435849,0.3361142
219343819,0.26252747,0.3361142
219843906,0.35240197,0.3361142
220343818,0.23306048,0.3361142
220843819,0.23535955,0.3361142
221343820,0.23586047,0.3361142
221843920,0.23285955,0.3361142
222343818,0.23516202,0.3361142
222843817,0.23340648,0.3361142
223343821,0.23246956,0.3361142
226843820,0.21452159,0.3361142
227343818,0.22522998,0.3361142
227843819,0.22288,0.3361142
228343820,0.22361398,0.3361142
228843920,0.22222757,0.3361142
229344074,0.22444242,0.3361142
229843864,0.2228877,0.3361142
230343818,0.22382754,0.3361142
230843819,0.22324955,0.3361142
231343819,0.22396243,0.3361142
231843952,0.22251445,0.3361142
232343887,0.22443801,0.3361142
232843910,0.22223556,0.3361142
233343818,0.22410476,0.3361142
233843820,0.22244954,0.3361142
234343819,0.22433603,0.3361142
234843819,0.23122,0.3361142
235343818,0.23611403,0.3361142
235843914,0.23251647,0.3361142
236343820,0.23577708,0.3361142
236843818,0.23271048,0.3361142
237343845,0.23610324,0.3361142
237843821,0.2319125,0.3361142
238343819,0.23651397,0.3361142
238843836,0.23338002,0.3361142
239343910,0.234694,0.3361142
239843819,0.223014,0.3361142
240343818,0.22358847,0.3361142
240843819,0.22391355,0.3361142
241343894,0.2354967,0.3361142
241843820,0.23414665,0.3361142
242343835,0.23500848,0.3361142
242843914,0.23397994,0.3361142
243343819,0.23464,0.3361142
243843818,0.23511446,0.3361142
244343817,0.233886,0.3361142
244843819,0.23425156,0.3361142
245343818,0.23422247,0.3361142
245843818,0.23406553,0.3361142
246343913,0.23269445,0.3361142
246843819,0.23560953,0.3361142
247343819,0.23528755,0.3361142
247843818,0.23295695,0.3361142
248343989,0.23520404,0.3361142
248843818,0.23485535,0.3361142
249343818,0.23447001,0.3361142
249844544,0.23346847,0.3361142
250343820,0.23573202,0.3361142
250843839,0.23452109,0.3361142
251343820,0.23276436,0.3361142
251843819,0.23560798,0.3361142
252343864,0.23400694,0.3361142
252843820,0.23447865,0.3361142
253344013,0.23390722,0.3361142
253843818,0.23533428,0.3361142
254343836,0.23407203,0.3361142
254843822,0.23465955,0.3361142
255343820,0.23450798,0.3361142
255843818,0.23418045,0.3361142
256343837,0.23407066,0.3361142
256844275,0.23440713,0.3361142
257343818,0.23385978,0.3361142
257843820,0.23341554,0.3361142
258343833,0.23318148,0.3361142
258843819,0.23386455,0.3361142
259343842,0.23547316,0.3361142
259843818,0.23286718,0.3361142
260343897,0.23586154,0.3361142
260843818,0.23293602,0.3361142
261343818,0.23549199,0.3361142
261843817,0.23303044,0.3361142
262343857,0.23487967,0.3361142
262843842,0.23329371,0.3361142
263343819,0.22239602,0.3361142
264343851,0.22523654,0.3361142
264843820,0.22183263,0.3361142
265344228,0.22486651,0.3361142
265843820,0.22767979,0.3361142
266343819,0.23547798,0.3361142
266843817,0.23289049,0.3361142
267343904,0.23627955,0.3361142
267843819,0.23336649,0.3361142
268343845,0.23468602,0.3361142
268843838,0.23309469,0.3361142
269343867,0.23464704,0.3361142
269843821,0.23285538,0.3361142
270343843,0.23401523,0.3361142
270843902,0.23387921,0.3361142
271343911,0.2358346,0.3361142
271843817,0.23295331,0.3361142
272344056,0.23485619,0.3361142
272843821,0.2331571,0.3361142
273343818,0.23514187,0.3361142
273843818,0.23299551,0.3361142
274343924,0.2349,0.3361142
274843820,0.23415953,0.3361142
275343842,0.23503292,0.3361142
275843820,0.22435558,0.3361142
276343844,0.23569602,0.3361142
276843819,0.23319,0.3361142
277343819,0.2363205,0.3361142
277843898,0.23339951,0.3361142
278343819,0.234496,0.3361142
278843817,0.23354244,0.3361142
279343820,0.23485154,0.3361142
279843820,0.23459601,0.3361142
280343847,0.23286754,0.3361142
280843914,0.23597163,0.3361142
281343943,0.23404646,0.3361142
281843819,0.23441601,0.3361142
282343844,0.23280847,0.3361142
282843869,0.2346726,0.3361142
283343913,0.23525542,0.3361142
283843818,0.23365754,0.3361142
284344125,0.23440504,0.3361142
284843899,0.23416531,0.3361142
285343830,0.23452085,0.3361142
285843821,0.23399222,0.3361142
286343818,0.23522097,0.3361142
286843818,0.23401153,0.3361142
287343818,0.23331445,0.3361142
287843960,0.2334317,0.3361142
289343825,0.22934169,0.3361142
289843819,0.23588836,0.3361142
290343818,0.23431998,0.3361142
290843818,0.23360598,0.3361142
291343835,0.23579443,0.3361142
291843898,0.23385996,0.3361142
292343818,0.23439956,0.3361142
292844340,0.23443216,0.3361142
293343821,0.23484379,0.3361142
293843835,0.23386896,0.3361142
294343818,0.23442352,0.3361142
294843819,0.234756,0.3361142
295344038,0.22783262,0.3361142
296343821,0.22787553,0.3361142
296843820,0.23667353,0.3361142
297343834,0.2347585,0.3361142
297843818,0.23312998,0.3361142
298343819,0.23605198,0.3361142
298843902,0.23356599,0.3361142
299343818,0.23452449,0.3361142
299843819,0.23486155,0.3361142
300343818,0.23492247,0.3361142
300843818,0.23316556,0.3361142
301343843,0.23546398,0.3361142
301843818,0.23483199,0.3361142
302343924,0.2308023,0.3361142
302843817,0.22237736,0.3361142
303343820,0.22404599,0.3361142
303843818,0.22292846,0.3361142
304343818,0.22996151,0.3361142
304843950,0.23405117,0.3361142
305343819,0.23473102,0.3361142
305843920,0.23368198,0.3361142
306343859,0.23455864,0.3361142
306843818,0.23515385,0.3361142
307343817,0.23481,0.3361142
307843818,0.23449951,0.3361142
308343820,0.23586398,0.3361142
308843825,0.23316568,0.3361142
309343919,0.23594034,0.3361142
309843818,0.23200399,0.3361142
310343818,0.23651445,0.3361142
310843860,0.23401386,0.3361142
311343836,0.23601228,0.3361142
311844007,0.23348314,0.3361142
312343819,0.23529708,0.3361142
312843900,0.23367202,0.3361142
313343843,0.23427355,0.3361142
313843825,0.2329197,0.3361142
314343840,0.22431868,0.3361142
314843820,0.22204202,0.3361142
315343819,0.23407,0.3361142
315843820,0.23452705,0.3361142
316343887,0.23528093,0.3361142
316843975,0.23417938,0.3361142
317343819,0.23496729,0.3361142
317843820,0.23438305,0.3361142
318343822,0.23451245,0.3361142
318843819,0.23404801,0.3361142
319343818,0.23570597,0.3361142
319843909,0.23302162,0.3361142
320343819,0.23467273,0.3361142
320843842,0.23346329,0.3361142
321343817,0.23485678,0.3361142
321843839,0.23406065,0.3361142
322343819,0.2353394,0.3361142
322843900,0.23370063,0.3361142
323343912,0.23272276,0.3361142
323843819,0.23458844,0.3361142
324343819,0.23379803,0.3361142
324843818,0.23300397,0.3361142
325343818,0.23344845,0.3361142
325843865,0.2356934,0.3361142
326343840,0.23415047,0.3361142
326843889,0.23299956,0.3361142
327343818,0.23535049,0.3361142
327843862,0.23468381,0.3361142
328343819,0.2339781,0.3361142
328844007,0.23057282,0.3361142
329343818,0.22396022,0.3361142
329843867,0.223333,0.3361142
330343888,0.22322297,0.3361142
330843819,0.22394198,0.3361142
331343818,0.22497845,0.3361142
331843852,0.22344953,0.3361142
332344024,0.22489023,0.3361142
332843881,0.22020209,0.3361142
336343818,0.22992337,0.3361142
336843821,0.234766,0.3361142
337343886,0.23465598,0.3361142
337843850,0.23572952,0.3361142
338343818,0.2363385,0.3361142
338843842,0.234312,0.3361142
339343848,0.23643076,0.3361142
339843846,0.23445666,0.3361142
340343818,0.23638844,0.3361142
340844558,0.23421186,0.3361142
341343820,0.23663574,0.3361142
341843819,0.23429197,0.3361142
342343818,0.23577797,0.3361142
342843820,0.23517,0.3361142
343343818,0.2372365,0.3361142
343843845,0.23475754,0.3361142
344343909,0.23730886,0.3361142
344843863,0.23429751,0.3361142
345343818,0.23721552,0.3361142
345843850,0.232786,0.3361142
346343819,0.237288,0.3361142
346843819,0.23384446,0.3361142
347343818,0.23648554,0.3361142
347844191,0.23442757,0.3361142
348343818,0.2290284,0.3361142
348843818,0.23468,0.3361142
349343818,0.235632,0.3361142
349843820,0.23450351,0.3361142
350343821,0.23640603,0.3361142
350843819,0.23467398,0.3361142
351343896,0.23668045,0.3361142
351843818,0.23495,0.3361142
352343818,0.2364105,0.3361142
352844040,0.23432201,0.3361142
353343818,0.23595154,0.3361142
353843835,0.23504001,0.3361142
354343818,0.23566002,0.3361142
354843897,0.23422599,0.3361142
355343819,0.23711848,0.3361142
355843819,0.23372197,0.3361142
356344342,0.23551965,0.3361142
356843820,0.23522556,0.3361142
357343831,0.23522991,0.3361142
357843823,0.23445612,0.3361142
358343905,0.23631197,0.3361142
358843819,0.23606247,0.3361142
359343818,0.23473603,0.3361142
359843819,0.23572755,0.3361142
360343818,0.23492801,0.3361142
360843818,0.23445249,0.3361142
361343817,0.235668,0.3361142
361843919,0.23577106,0.3361142
362343818,0.23454648,0.3361142
362843818,0.23489398,0.3361142
363343819,0.23538202,0.3361142
363843820,0.23450202,0.3361142
364343818,0.23497403,0.3361142
364843818,0.23425603,0.3361142
365343894,0.23683846,0.3361142
365843823,0.23485363,0.3361142
366343818,0.23456788,0.3361142
366843820,0.23638803,0.3361142
367343818,0.23574603,0.3361142
367843818,0.23483598,0.3361142
368343944,0.23602498,0.3361142
368843941,0.23397046,0.3361142
369343838,0.23561603,0.3361142
369843817,0.23431599,0.3361142
370343847,0.237194,0.3361142
370843818,0.235062,0.3361142
371343818,0.23593199,0.3361142
371843820,0.23564202,0.3361142
372343895,0.234972,0.3361142
372843819,0.2343595,0.3361142
373343816,0.23385894,0.3361142
373843819,0.22342312,0.3361142
374343821,0.22336155,0.3361142
374843819,0.22363043,0.3361142
375343845,0.22469479,0.3361142
375843898,0.22263515,0.3361142
376343821,0.22488552,0.3361142
376843819,0.22272247,0.3361142
377343833,0.23369944,0.3361142
377843839,0.23371452,0.3361142
378343819,0.23658198,0.3361142
378843890,0.23348933,0.3361142
379343906,0.23625731,0.3361142
379843818,0.23339975,0.3361142
380344384,0.23574704,0.3361142
380843819,0.23388088,0.3361142
381343841,0.2371425,0.3361142
381843818,0.23372352,0.3361142
382343819,0.23546046,0.3361142
382843900,0.23368555,0.3361142
383343852,0.23645592,0.3361142
383843864,0.23452485,0.3361142
384343820,0.23566276,0.3361142
384843818,0.23521894,0.3361142
385343846,0.23531884,0.3361142
385843819,0.23442268,0.3361142
386343943,0.23611617,0.3361142
386843818,0.2344197,0.3361142
387343861,0.23566067,0.3361142
387843818,0.2344737,0.3361142
388343818,0.23564154,0.3361142
388843836,0.23253053,0.3361142
389343845,0.23645926,0.3361142
389843927,0.2341842,0.3361142
390343820,0.23547047,0.3361142
390843821,0.2336775,0.3361142
391343837,0.23177564,0.3361142
394843819,0.23547,0.3361142
395343846,0.234146,0.3361142
395843847,0.23463887,0.3361142
396343857,0.23531532,0.3361142
396843901,0.23422581,0.3361142
397343844,0.23395598,0.3361142
397843869,0.235802,0.3361142
398343900,0.23500842,0.3361142
398843817,0.23407394,0.3361142
399344061,0.23508823,0.3361142
399843818,0.23453349,0.3361142
400343902,0.23479307,0.3361142
400843853,0.23468047,0.3361142
401343845,0.23582649,0.3361142
401843819,0.23398304,0.3361142
402343841,0.23448199,0.3361142
402843871,0.23428255,0.3361142
403343844,0.23474443,0.3361142
403843892,0.23350751,0.3361142
404344556,0.23435849,0.3361142
404843818,0.23501754,0.3361142
405343819,0.234712,0.3361142
405843819,0.2343235,0.3361142
406343819,0.23539245,0.3361142
406843818,0.22542602,0.3361142
407343915,0.222956,0.3361142
407843871,0.22451866,0.3361142
408343864,0.22342122,0.3361142
408843852,0.22288132,0.3361142
409343844,0.22749102,0.3361142
409843819,0.23508,0.3361142
410343913,0.23520201,0.3361142
410843887,0.23416847,0.3361142
411344114,0.23650849,0.3361142
411843818,0.23482853,0.3361142
412343817,0.233872,0.3361142
412843818,0.23464203,0.3361142
413343819,0.23484153,0.3361142
413843819,0.233558,0.3361142
414343916,0.23533046,0.3361142
414843892,0.2341038,0.3361142
415343818,0.23551589,0.3361142
415843818,0.233872,0.3361142
416344068,0.23538601,0.3361142
416843819,0.23437601,0.3361142
417343820,0.23595798,0.3361142
417843888,0.23389447,0.3361142
418343836,0.23580354,0.3361142
418843818,0.23312044,0.3361142
419343819,0.23629951,0.3361142
419844325,0.23374194,0.3361142
420343819,0.23596632,0.3361142
420843820,0.23368555,0.3361142
421343915,0.23609048,0.3361142
421843818,0.2342645,0.3361142
422343821,0.23574352,0.3361142
422843818,0.23355246,0.3361142
423344186,0.23550713,0.3361142
423843818,0.23345137,0.3361142
424343819,0.23595351,0.3361142
424843887,0.23311448,0.3361142
425343819,0.23569953,0.3361142
425843818,0.23354203,0.3361142
426343818,0.23623848,0.3361142
426843954,0.23361492,0.3361142
427343818,0.23711002,0.3361142
427843820,0.23381704,0.3361142
428344564,0.23489249,0.3361142
428843818,0.23499846,0.3361142
429343824,0.23611915,0.3361142
429843817,0.23356283,0.3361142
430343819,0.23612154,0.3361142
430843818,0.2339145,0.3361142
431343818,0.23607153,0.3361142
431843992,0.23392862,0.3361142
432343819,0.23520386,0.3361142
432843836,0.23397201,0.3361142
433343819,0.23490155,0.3361142
433843820,0.23493046,0.3361142
434343818,0.23411399,0.3361142
434843823,0.2350766,0.3361142
435344250,0.23412561,0.3361142
435843818,0.23497653,0.3361142
436343818,0.23405403,0.3361142
436843818,0.23382801,0.3361142
437343819,0.23563999,0.3361142
437843859,0.2340973,0.3361142
438343818,0.2337727,0.3361142
438843897,0.23477554,0.3361142
439343818,0.23420048,0.3361142
439843818,0.23451602,0.3361142
440343818,0.23423201,0.3361142
440843842,0.23514116,0.3361142
441343818,0.23562133,0.3361142
441843830,0.23453993,0.3361142
442343899,0.23500562,0.3361142
442843835,0.23478448,0.3361142
446343818,0.23821998,0.3361142
446843860,0.2341783,0.3361142
447343819,0.23548132,0.3361142
447843865,0.23453242,0.3361142
448343817,0.23423201,0.3361142
448843856,0.23494017,0.3361142
449343892,0.23452336,0.3361142
449843905,0.23439169,0.3361142
450343818,0.23266447,0.3361142
450843820,0.22338909,0.3361142
451343818,0.22457045,0.3361142
451843833,0.22212136,0.3361142
452343818,0.22378117,0.3361142
452843945,0.22269958,0.3361142
453343818,0.22485203,0.3361142
453843841,0.22481155,0.3361142
454343835,0.23604184,0.3361142
454843842,0.23341936,0.3361142
455343819,0.23515731,0.3361142
455844518,0.23471636,0.3361142
456343897,0.235659,0.3361142
456843819,0.23389798,0.3361142
457343818,0.23496997,0.3361142
457843820,0.23363602,0.3361142
458343821,0.23513597,0.3361142
458843846,0.23330998,0.3361142
459344252,0.234923,0.3361142
459843943,0.23304534,0.3361142
460343818,0.23585647,0.3361142
460843845,0.23330355,0.3361142
461343820,0.23571599,0.3361142
461843905,0.23380929,0.3361142
462343818,0.23535496,0.3361142
462843819,0.23378003,0.3361142
463343893,0.23531002,0.3361142
463843861,0.23357636,0.3361142
464343818,0.2354058,0.3361142
464843847,0.23275203,0.3361142
465343818,0.23536849,0.3361142
465843842,0.23239756,0.3361142
466343969,0.23594522,0.3361142
466843922,0.23421884,0.3361142
467343836,0.23422194,0.3361142
467844023,0.23338747,0.3361142
468343819,0.23499602,0.3361142
468843819,0.23426801,0.3361142
469343818,0.23443449,0.3361142
469843819,0.2338615,0.3361142
470343897,0.23448849,0.3361142
470843819,0.23405951,0.3361142
471343877,0.23586464,0.3361142
471843867,0.23335862,0.3361142
472343818,0.23415846,0.3361142
472843818,0.23468399,0.3361142
473343819,0.23448998,0.3361142
473843992,0.2333445,0.3361142
474343818,0.23360598,0.3361142
474844126,0.23459041,0.3361142
475343818,0.23458707,0.3361142
475843820,0.23341203,0.3361142
476343818,0.23373598,0.3361142
476843818,0.23463649,0.3361142
477343904,0.23500907,0.3361142
477843819,0.23397493,0.3361142
478343819,0.23512554,0.3361142
478843820,0.23381847,0.3361142
479343833,0.22622675,0.3361142
479844020,0.22301471,0.3361142
480343818,0.22327,0.3361142
480843902,0.22310197,0.3361142
481343818,0.22454399,0.3361142
481843819,0.22299403,0.3361142
482343817,0.21906644,0.3361142
483344329,0.24056959,0.3361142
483843818,0.23485911,0.3361142
484343910,0.23484623,0.3361142
484843857,0.2342115,0.3361142
485343819,0.23507833,0.3361142
485843819,0.23458248,0.3361142
486343818,0.23532403,0.3361142
486843819,0.23454553,0.3361142
487343818,0.23493445,0.3361142
487843903,0.233594,0.3361142
488343818,0.23409551,0.3361142
488843819,0.23531246,0.3361142
489343818,0.23382956,0.3361142
489843844,0.234178,0.3361142
490343961,0.23565602,0.3361142
490843818,0.23484176,0.3361142
491343919,0.23490602,0.3361142
491843846,0.23304999,0.3361142
492343820,0.23568797,0.3361142
492843836,0.23486155,0.3361142
493343818,0.23550445,0.3361142
493843820,0.23446554,0.3361142
494343818,0.23473847,0.3361142
494843886,0.23006397,0.3361142
498343899,0.23890376,0.3361142
498844203,0.23362267,0.3361142
499343819,0.23573458,0.3361142
499843818,0.23389602,0.3361142
500343824,0.23491764,0.3361142
500843818,0.23418081,0.3361142
501343868,0.23670036,0.3361142
501843888,0.23302281,0.3361142
502343819,0.23634797,0.3361142
502843818,0.23376846,0.3361142
503343819,0.23550552,0.3361142
503843818,0.23356801,0.3361142
504343864,0.23555881,0.3361142
504843841,0.2338286,0.3361142
505343888,0.23447049,0.3361142
505843820,0.23357803,0.3361142
506343843,0.23613417,0.3361142
506843818,0.23303163,0.3361142
507344436,0.23543793,0.3361142
507843819,0.2334336,0.3361142
508343820,0.23490798,0.3361142
508843941,0.23258448,0.3361142
509343819,0.23606753,0.3361142
509843817,0.23252845,0.3361142
510343839,0.23529214,0.3361142
510843819,0.23318535,0.3361142
511343835,0.2353825,0.3361142
511843820,0.2338115,0.3361142
512343930,0.23318577,0.3361142
512843820,0.23571682,0.3361142
513343874,0.23519564,0.3361142
513843827,0.23381597,0.3361142
514344038,0.23465943,0.3361142
514843818,0.23423904,0.3361142
515343823,0.23446614,0.3361142
515843889,0.23489296,0.3361142
516343847,0.23466647,0.3361142
516843819,0.23440403,0.3361142
517343828,0.23380733,0.3361142
517843819,0.23527873,0.3361142
518343847,0.23458803,0.3361142
518843818,0.23474199,0.3361142
519344080,0.23518926,0.3361142
519843819,0.23428679,0.3361142
520343819,0.23457152,0.3361142
520843839,0.2335642,0.3361142
521343820,0.23627543,0.3361142
521843819,0.23420095,0.3361142
522343847,0.23477352,0.3361142
522843910,0.23492742,0.3361142
523343861,0.23432255,0.3361142
523843818,0.23424,0.3361142
524343846,0.23501599,0.3361142
524843818,0.23327446,0.3361142
525343910,0.22345799,0.3361142
525843818,0.22295958,0.3361142
526343900,0.22371203,0.3361142
526843820,0.22281355,0.3361142
527343837,0.2232629,0.3361142
527843818,0.223086,0.3361142
528343852,0.22320598,0.3361142
528843819,0.22333753,0.3361142
529343875,0.22352642,0.3361142
529844012,0.23312956,0.3361142
530343844,0.23444498,0.3361142
530843816,0.23315,0.3361142
531344112,0.23779064,0.3361142
531843832,0.23317266,0.3361142
532343820,0.23569751,0.3361142
532843818,0.23362201,0.3361142
533343898,0.235816,0.3361142
533843817,0.22605246,0.3361142
534343817,0.234146,0.3361142
534843887,0.2334218,0.3361142
535343820,0.23568606,0.3361142
535843819,0.23388755,0.3361142
536343818,0.23442245,0.3361142
536843895,0.23386598,0.3361142
537343916,0.23592645,0.3361142
537843818,0.23201197,0.3361142
538344184,0.23656082,0.3361142
538843818,0.23381317,0.3361142
539343818,0.234932,0.3361142
539843818,0.23335952,0.3361142
540343921,0.23535198,0.3361142
540843818,0.23408401,0.3361142
541343819,0.23455447,0.3361142
541843819,0.2349655,0.3361142
542343818,0.23553449,0.3361142
542843820,0.2337746,0.3361142
543344541,0.2341705,0.3361142
543843894,0.23473293,0.3361142
544343818,0.23549354,0.3361142
544843818,0.23285198,0.3361142
545343879,0.236736,0.3361142
545843817,0.23402244,0.3361142
546343819,0.23248553,0.3361142
549843818,0.22779554,0.3361142
550343819,0.23549002,0.3361142
550843899,0.23381048,0.3361142
551343818,0.23473954,0.3361142
551843817,0.23289847,0.3361142
552343820,0.23538,0.3361142
552843834,0.23434848,0.3361142
553343819,0.23405147,0.3361142
553844067,0.23477906,0.3361142
554343923,0.23473042,0.3361142
554843818,0.2338,0.3361142
555343818,0.23356599,0.3361142
555843818,0.23495048,0.3361142
556343838,0.23415512,0.3361142
556843818,0.23382843,0.3361142
557343832,0.23462993,0.3361142
557843898,0.23408657,0.3361142
558343822,0.2259342,0.3361142
558844157,0.2231949,0.3361142
559343819,0.22312886,0.3361142
559843867,0.22259974,0.3361142
560343819,0.22382987,0.3361142
560843819,0.22277403,0.3361142
561343996,0.22446042,0.3361142
561843837,0.22626138,0.3361142
562344231,0.23524606,0.3361142
562843818,0.23398387,0.3361142
563343818,0.23473954,0.3361142
563843831,0.23454636,0.3361142
564343820,0.23509562,0.3361142
564843926,0.23414874,0.3361142
565343819,0.23456877,0.3361142
565843993,0.23412949,0.3361142
566343818,0.23481774,0.3361142
566843818,0.23439997,0.3361142
567343818,0.23446202,0.3361142
567843857,0.2340253,0.3361142
568343925,0.2346983,0.3361142
568843848,0.2337724,0.3361142
569343819,0.23508567,0.3361142
569843851,0.23389053,0.3361142
570343856,0.23562658,0.3361142
570844478,0.23320436,0.3361142
571343818,0.23602062,0.3361142
571843923,0.22753954,0.3361142
572343822,0.22425199,0.3361142
572843820,0.22286803,0.3361142
573343818,0.22448844,0.3361142
573843843,0.23335999,0.3361142
574343819,0.23632354,0.3361142
574843849,0.23444474,0.3361142
575343898,0.2342217,0.3361142
575843840,0.23414725,0.3361142
576343820,0.23590791,0.3361142
576843881,0.23441094,0.3361142
577343819,0.23472756,0.3361142
577843819,0.234586,0.3361142
578343818,0.23655045,0.3361142
578843900,0.2336415,0.3361142
579343817,0.23699248,0.3361142
579843846,0.23495954,0.3361142
580343818,0.23602402,0.3361142
580843873,0.23321527,0.3361142
581343842,0.23806828,0.3361142
581843845,0.23521328,0.3361142
582343886,0.23660153,0.3361142
582844047,0.23497885,0.3361142
583343820,0.23721218,0.3361142
583843818,0.23450601,0.3361142
584343818,0.23539197,0.3361142
584843819,0.23580402,0.3361142
585343818,0.23698401,0.3361142
585843914,0.234258,0.3361142
586343830,0.23639679,0.3361142
586843862,0.23341358,0.3361142
587343820,0.23689955,0.3361142
587843843,0.23442203,0.3361142
588343819,0.23624802,0.3361142
588843910,0.23462647,0.3361142
589343887,0.23475951,0.3361142
589844090,0.23554176,0.3361142
590343818,0.23537463,0.3361142
590843818,0.23513353,0.3361142
591343817,0.23544198,0.3361142
591843821,0.23633951,0.3361142
592343820,0.23574096,0.3361142
592843912,0.23377353,0.3361142
593343874,0.236408,0.3361142
593843818,0.23529238,0.3361142
594343818,0.2355895,0.3361142
594844049,0.23571849,0.3361142
595343818,0.23550153,0.3361142
595843836,0.23541552,0.3361142
596343888,0.23527896,0.3361142
596843820,0.23533553,0.3361142
597343817,0.23630846,0.3361142
597843845,0.23574728,0.3361142
598344329,0.23468083,0.3361142
598843820,0.23538607,0.3361142
599343823,0.23513597,0.3361142
599843914,0.23591602,0.3361142
600343819,0.23474401,0.3361142
600843911,0.23557848,0.3361142
601343817,0.23581398,0.3361142
601843819,0.23621953,0.3361142
602343817,0.23477244,0.3361142
602843835,0.23608398,0.3361142
603343888,0.23475152,0.3361142
603843820,0.23544353,0.3361142
604343837,0.23502046,0.3361142
604843839,0.23538399,0.3361142
605343928,0.2353301,0.3361142
605843820,0.23584151,0.3361142
606343818,0.23472446,0.3361142
606843889,0.23522246,0.3361142
607343817,0.23721999,0.3361142
607843836,0.23546106,0.3361142
608343817,0.23647451,0.3361142
608843826,0.23451519,0.3361142
609343818,0.23706084,0.3361142
609843819,0.23415202,0.3361142
610343995,0.2364043,0.3361142
610843818,0.23375672,0.3361142
611343836,0.23680198,0.3361142
611843857,0.23381579,0.3361142
612343819,0.23540586,0.3361142
612843818,0.23445398,0.3361142
613343817,0.23436648,0.3361142
613843941,0.23488355,0.3361142
614343818,0.2364285,0.3361142
614843837,0.23424953,0.3361142
615343817,0.23493445,0.3361142
615843819,0.23520154,0.3361142
616343820,0.23640954,0.3361142
616843841,0.2329045,0.3361142
617344047,0.23719633,0.3361142
617843819,0.23428434,0.3361142
618343845,0.235762,0.3361142
618843843,0.23333198,0.3361142
619343825,0.23652118,0.3361142
619843834,0.23382527,0.3361142
620343818,0.23579401,0.3361142
620843903,0.23406953,0.3361142
621343819,0.23660153,0.3361142
621843819,0.23272449,0.3361142
622343944,0.23665929,0.3361142
622843819,0.22980702,0.3361142
627343840,0.23532212,0.3361142
627843900,0.23478186,0.3361142
628343854,0.23470497,0.3361142
628843838,0.23545754,0.3361142
629343819,0.23515755,0.3361142
629843818,0.23471802,0.3361142
630343818,0.23470801,0.3361142
630843818,0.233998,0.3361142
631343940,0.23663473,0.3361142
631843820,0.23386061,0.3361142
632343818,0.23523599,0.3361142
632843819,0.23466402,0.3361142
633343863,0.23500931,0.3361142
633843818,0.23432708,0.3361142
634343985,0.23496401,0.3361142
634843897,0.23366112,0.3361142
635343819,0.234828,0.3361142
635843818,0.23513645,0.3361142
636343819,0.23433751,0.3361142
636843819,0.23500597,0.3361142
637343863,0.235152,0.3361142
637844226,0.23439062,0.3361142
638343928,0.23440135,0.3361142
638843819,0.2340225,0.3361142
639843819,0.22748,0.3361142
640343898,0.22348666,0.3361142
640843818,0.23265278,0.3361142
641344167,0.23589677,0.3361142
641843897,0.23404193,0.3361142
642343819,0.23598403,0.3361142
642843818,0.22247398,0.3361142
643343846,0.22422802,0.3361142
643843819,0.22349,0.3361142
644343840,0.22382402,0.3361142
644843818,0.22327244,0.3361142
645343927,0.22377157,0.3361142
645843818,0.22254598,0.3361142
646344050,0.22371995,0.3361142
646843819,0.22245145,0.3361142
647343819,0.22484446,0.3361142
647843819,0.22198159,0.3361142
648343819,0.22461444,0.3361142
648843894,0.22309756,0.3361142
649343846,0.223984,0.3361142
649844074,0.22338498,0.3361142
650343865,0.2246697,0.3361142
650843818,0.23184645,0.3361142
651343847,0.23632354,0.3361142
651843819,0.23426199,0.3361142
652344004,0.235398,0.3361142
652843818,0.23436248,0.3361142
653344081,0.23598284,0.3361142
653843819,0.23524082,0.3361142
654343819,0.23461753,0.3361142
654843845,0.23364198,0.3361142
655343821,0.235856,0.3361142
655843926,0.233966,0.3361142
656343843,0.23407048,0.3361142
656843819,0.23526955,0.3361142
657343817,0.23556495,0.3361142
657843818,0.23349756,0.3361142
658344048,0.23571247,0.3361142
658843819,0.23489153,0.3361142
659343902,0.23498446,0.3361142
659843820,0.23425955,0.3361142
660343819,0.23657,0.3361142
660843817,0.23407447,0.3361142
661343818,0.23591954,0.3361142
661844353,0.23399347,0.3361142
662343818,0.23594058,0.3361142
662843913,0.23314178,0.3361142
663343818,0.23543423,0.3361142
663843819,0.23411399,0.3361142
664343820,0.234186,0.3361142
664843818,0.23338646,0.3361142
665343819,0.23689151,0.3361142
665843818,0.23392648,0.3361142
666343898,0.23404402,0.3361142
666843817,0.23481798,0.3361142
667343820,0.23468953,0.3361142
667843818,0.23395401,0.3361142
668343818,0.23481649,0.3361142
668843925,0.23371643,0.3361142
669343820,0.23485976,0.3361142
669843898,0.23338908,0.3361142
670343817,0.23498493,0.3361142
670843818,0.23431152,0.3361142
671343818,0.23595649,0.3361142
671843818,0.23335803,0.3361142
672343823,0.23598212,0.3361142
672843818,0.23447543,0.3361142
673343889,0.23428202,0.3361142
673844492,0.23535919,0.3361142
674343819,0.2346819,0.3361142
674843868,0.23487598,0.3361142
675343819,0.23385954,0.3361142
675843819,0.23586446,0.3361142
676343818,0.23392248,0.3361142
676843888,0.23412001,0.3361142
677343819,0.23580354,0.3361142
677843820,0.23455048,0.3361142
678343818,0.23472953,0.3361142
678843818,0.23341203,0.3361142
679343832,0.23582387,0.3361142
679843871,0.23534352,0.3361142
680343911,0.23474854,0.3361142
680843968,0.22835243,0.3361142
681343818,0.23518807,0.3361142
681843818,0.23537952,0.3361142
682343837,0.22941643,0.3361142
682843832,0.23150551,0.3361142
683343839,0.23694015,0.3361142
683843888,0.23458648,0.3361142
684343846,0.2345832,0.3361142
684843826,0.23543662,0.3361142
685343818,0.23488575,0.3361142
685844401,0.23407447,0.3361142
686343820,0.2348159,0.3361142
686843821,0.23364049,0.3361142
687343888,0.23424244,0.3361142
687843823,0.23362613,0.3361142
688343818,0.23522586,0.3361142
688843851,0.23337615,0.3361142
689343819,0.23508549,0.3361142
689843820,0.23396444,0.3361142
690343818,0.23552752,0.3361142
690843917,0.23243797,0.3361142
691343825,0.23757416,0.3361142
691843890,0.23369116,0.3361142
692343818,0.23562038,0.3361142
692844054,0.23362714,0.3361142
693343818,0.23647821,0.3361142
693843835,0.23324609,0.3361142
694343917,0.234608,0.3361142
694843848,0.22927159,0.3361142
697844073,0.23211563,0.3361142
698343819,0.23490179,0.3361142
698843823,0.233774,0.3361142
699343818,0.23536599,0.3361142
699843821,0.23383707,0.3361142
700343818,0.2344454,0.3361142
700843846,0.23347956,0.3361142
701343897,0.23614597,0.3361142
701843858,0.23319578,0.3361142
702343818,0.23485881,0.3361142
702843846,0.23274755,0.3361142
703343819,0.23624402,0.3361142
703843898,0.23358864,0.3361142
704343834,0.23466253,0.3361142
704843898,0.23392302,0.3361142
705343818,0.23401845,0.3361142
705843818,0.234196,0.3361142
706343838,0.23460197,0.3361142
706843846,0.23433352,0.3361142
707343820,0.23489708,0.3361142
707843839,0.23381245,0.3361142
708343938,0.23350316,0.3361142
708843845,0.23422134,0.3361142
709343818,0.23408598,0.3361142
709844020,0.23355597,0.3361142
710343820,0.23381048,0.3361142
710843819,0.23345554,0.3361142
711343818,0.23443246,0.3361142
711843897,0.23393351,0.3361142
712343819,0.23386645,0.3361142
712843820,0.23408306,0.3361142
713343861,0.23442477,0.3361142
713843864,0.23331606,0.3361142
714343835,0.2342295,0.3361142
714843844,0.23395246,0.3361142
715343896,0.23418152,0.3361142
715843913,0.23389244,0.3361142
716343821,0.23414397,0.3361142
716844118,0.23435897,0.3361142
717343829,0.2349897,0.3361142
717843818,0.23409313,0.3361142
718343820,0.23473048,0.3361142
718843927,0.23356956,0.3361142
719343819,0.23537153,0.3361142
719843841,0.23375094,0.3361142
720343853,0.23580152,0.3361142
720843818,0.23483795,0.3361142
721343834,0.23541445,0.3361142
721844021,0.23123354,0.3361142
722343889,0.23538846,0.3361142
722843818,0.23511153,0.3361142
723343821,0.23264247,0.3361142
723843837,0.23432952,0.3361142
724343818,0.23540449,0.3361142
724843819,0.23218751,0.3361142
725344371,0.23666519,0.3361142
725844016,0.23374552,0.3361142
726343818,0.2355408,0.3361142
726843819,0.23291802,0.3361142
727343820,0.235506,0.3361142
727843817,0.23315245,0.3361142
728343818,0.235192,0.3361142
728844169,0.23339665,0.3361142
729343951,0.23573852,0.3361142
729843820,0.23316997,0.3361142
730343817,0.23480844,0.3361142
730843818,0.23382401,0.3361142
731343818,0.23561954,0.3361142
731843818,0.23353201,0.3361142
732343819,0.235488,0.3361142
732843970,0.23382199,0.3361142
733343818,0.23535597,0.3361142
733843818,0.23285401,0.3361142
734343819,0.23585802,0.3361142
734843826,0.23418427,0.3361142
735343818,0.23455375,0.3361142
735843819,0.23530197,0.3361142
736343898,0.23468244,0.3361142
736843818,0.23327756,0.3361142
737344423,0.23507851,0.3361142
737843820,0.23275715,0.3361142
738343818,0.23482603,0.3361142
738843819,0.23408955,0.3361142
739343819,0.23522198,0.3361142
739844020,0.23256648,0.3361142
740343822,0.2347241,0.3361142
740844260,0.23304975,0.3361142
741343818,0.23568434,0.3361142
741843818,0.23291355,0.3361142
742343818,0.23402047,0.3361142
742843819,0.23387152,0.3361142
743343906,0.23362476,0.3361142
743843818,0.23418975,0.3361142
744343819,0.23369956,0.3361142
744843818,0.23407847,0.3361142
745343818,0.23350555,0.3361142
745843819,0.234828,0.3361142
746343841,0.23391771,0.3361142
746843926,0.2341643,0.3361142
747343818,0.23453045,0.3361142
747843819,0.2341395,0.3361142
748343836,0.23465204,0.3361142
748843818,0.23318791,0.3361142
749344437,0.23537755,0.3361142
749843818,0.23387307,0.3361142
750343920,0.23488754,0.3361142
750843817,0.23258448,0.3361142
751343822,0.23674506,0.3361142
751843818,0.23337895,0.3361142
752343859,0.2344243,0.3361142
752843819,0.23495126,0.3361142
753343828,0.23456377,0.3361142
753843931,0.23362422,0.3361142
754343856,0.22644925,0.3361142
754843820,0.22505063,0.3361142
755343865,0.23466194,0.3361142
755843818,0.23372597,0.3361142
756343819,0.23519999,0.3361142
756843825,0.23452955,0.3361142
757343902,0.23405248,0.3361142
757843818,0.23369002,0.3361142
758343890,0.22923446,0.3361142
758843819,0.23473352,0.3361142
759343820,0.23315507,0.3361142
759843844,0.23513168,0.3361142
760343843,0.23404753,0.3361142
760843893,0.23436373,0.3361142
761344028,0.23531997,0.3361142
761843818,0.23492646,0.3361142
762343822,0.23383862,0.3361142
762843818,0.23357695,0.3361142
763343820,0.23500401,0.3361142
763843817,0.23388249,0.3361142
764343915,0.23393154,0.3361142
764844249,0.22584069,0.3361142
768344062,0.22776622,0.3361142
768843819,0.2368012,0.3361142
769343818,0.23546493,0.3361142
769843817,0.23344356,0.3361142
770343845,0.237064,0.3361142
770843819,0.23411202,0.3361142
771343909,0.23497999,0.3361142
771843920,0.25236905,0.3361142
772343845,0.36856753,0.3361142
772843817,0.23374647,0.3361142
773344027,0.23566353,0.3361142
773843819,0.234456,0.3361142
774343819,0.23611999,0.3361142
774843951,0.23453355,0.3361142
775343819,0.2365585,0.3361142
775843819,0.2338435,0.3361142
776343819,0.23604697,0.3361142
776843876,0.2653572,0.3361142
777343869,0.35411638,0.3361142
777843820,0.23262107,0.3361142
778343914,0.23560292,0.3361142
778843819,0.23316401,0.3361142
779343914,0.23527247,0.3361142
779843818,0.23163003,0.3361142
780344114,0.23594034,0.3361142
780843820,0.23294193,0.3361142
781343819,0.23477352,0.3361142
781843887,0.23335445,0.3361142
782343847,0.23387152,0.3361142
782843819,0.234196,0.3361142
783343819,0.23413247,0.3361142
783843818,0.23426199,0.3361142
784343819,0.234142,0.3361142
784843818,0.23466551,0.3361142
785344102,0.23371649,0.3361142
785843818,0.23409599,0.3361142
786343820,0.23425156,0.3361142
786843818,0.2337305,0.3361142
787343819,0.23371553,0.3361142
787843818,0.38099802,0.3361142
788343819,0.22341758,0.3361142
788844228,0.22336173,0.3361142
789343896,0.22286987,0.3361142
789843826,0.22316045,0.3361142
790343818,0.22222358,0.3361142
790843819,0.223432,0.3361142
791343819,0.22416198,0.3361142
791843818,0.22223842,0.3361142
792344021,0.22297949,0.3361142
792843818,0.22274041,0.3361142
793343819,0.26008546,0.3361142
793843818,0.3521567,0.3361142
794343819,0.2353875,0.3361142
794843820,0.23595,0.3361142
795343819,0.23489201,0.3361142
795844021,0.2348516,0.3361142
796343818,0.23548466,0.3361142
796843820,0.23462552,0.3361142
797343818,0.2351265,0.3361142
797843818,0.23525447,0.3361142
798343839,0.23521954,0.3361142
798843832,0.23400885,0.3361142
799343897,0.23544717,0.3361142
799843817,0.23436248,0.3361142
800343819,0.23206955,0.3361142
800844172,0.22343117,0.3361142
801343818,0.22507644,0.3361142
801843840,0.22269356,0.3361142
802343818,0.22493243,0.3361142
802843895,0.22241956,0.3361142
803343817,0.22496444,0.3361142
803843828,0.22301751,0.3361142
804343960,0.37259912,0.3361142
804843820,0.22282147,0.3361142
805343818,0.22433448,0.3361142
805843824,0.22516376,0.3361142
806343897,0.23607838,0.3361142
806843840,0.23341161,0.3361142
807343819,0.23569047,0.3361142
807843819,0.23389202,0.3361142
808343818,0.23437399,0.3361142
808843818,0.23348403,0.3361142
809343819,0.23510402,0.3361142
809843926,0.233562,0.3361142
810343839,0.2653153,0.3361142
810843818,0.35209602,0.3361142
814343817,0.2344845,0.3361142
814843819,0.23444003,0.3361142
815343818,0.23602647,0.3361142
815843838,0.23502415,0.3361142
816343819,0.23543143,0.3361142
816843939,0.2338134,0.3361142
817343820,0.23583275,0.3361142
817843862,0.23596126,0.3361142
818343819,0.23583227,0.3361142
818843905,0.23491961,0.3361142
819343819,0.23597461,0.3361142
819843916,0.22435892,0.3361142
820343899,0.22439152,0.3361142
820843818,0.22340798,0.3361142
821343818,0.22357202,0.3361142
821843846,0.22444397,0.3361142
822343818,0.22320801,0.3361142
822843849,0.23068768,0.3361142
823343818,0.23646069,0.3361142
823843919,0.2346865,0.3361142
824343818,0.23581553,0.3361142
824844475,0.23428446,0.3361142
825343819,0.23658597,0.3361142
825843820,0.23501551,0.3361142
826343818,0.23328203,0.3361142
826843819,0.23581398,0.3361142
827343900,0.23493999,0.3361142
827843848,0.23459351,0.3361142
828344280,0.23552781,0.3361142
828843864,0.2343396,0.3361142
829343819,0.23520398,0.3361142
829843845,0.23433954,0.3361142
830343818,0.23512447,0.3361142
830843990,0.23460245,0.3361142
831343818,0.23560303,0.3361142
831843819,0.23483002,0.3361142
832343822,0.23466402,0.3361142
832843823,0.23494011,0.3361142
833343817,0.2342208,0.3361142
833843846,0.23528308,0.3361142
834343925,0.235318,0.3361142
834843822,0.23339754,0.3361142
835343871,0.23592043,0.3361142
835843846,0.235484,0.3361142
836343820,0.23515248,0.3361142
836844042,0.2343998,0.3361142
837343818,0.23579425,0.3361142
837843904,0.23474997,0.3361142
838343818,0.23458356,0.3361142
838843821,0.23465002,0.3361142
839343818,0.23566401,0.3361142
839843818,0.23412597,0.3361142
840344328,0.23497128,0.3361142
840843867,0.23449624,0.3361142
841343948,0.23586363,0.3361142
841843818,0.23357177,0.3361142
842343819,0.23531598,0.3361142
842843940,0.23399597,0.3361142
843343817,0.23425645,0.3361142
843844105,0.23580158,0.3361142
844343818,0.2357384,0.3361142
844843923,0.23358351,0.3361142
845343818,0.235358,0.3361142
845843819,0.23430401,0.3361142
846343820,0.23608154,0.3361142
846843862,0.23364961,0.3361142
847343821,0.236215,0.3361142
847843820,0.23331046,0.3361142
848343914,0.23560399,0.3361142
848844261,0.22618353,0.3361142
849343818,0.22527248,0.3361142
849843834,0.22226691,0.3361142
850343818,0.23215544,0.3361142
850843820,0.23369908,0.3361142
851343818,0.23657495,0.3361142
851843916,0.2329055,0.3361142
852344509,0.23630989,0.3361142
852843819,0.23339653,0.3361142
853343835,0.23596197,0.3361142
853843817,0.23348242,0.3361142
854343819,0.23655355,0.3361142
854843818,0.22611046,0.3361142
855343886,0.22413152,0.3361142
855843820,0.22355002,0.3361142
856343818,0.22514248,0.3361142
856843818,0.23352355,0.3361142
857343818,0.23660803,0.3361142
857843820,0.23508555,0.3361142
858343818,0.23570645,0.3361142
858843930,0.23415846,0.3361142
859343991,0.23656464,0.3361142
859843818,0.23346782,0.3361142
860343820,0.23561198,0.3361142
860843818,0.23441797,0.3361142
861343820,0.236054,0.3361142
861843839,0.22533798,0.3361142
862343891,0.22374201,0.3361142
862843818,0.23136044,0.3361142
863343818,0.23527402,0.3361142
863843818,0.23433155,0.3361142
864343954,0.23463267,0.3361142
864843845,0.23419726,0.3361142
865343841,0.23515952,0.3361142
865843889,0.23485798,0.3361142
866343819,0.23458648,0.3361142
866843818,0.23487002,0.3361142
867343837,0.22502744,0.3361142
867844023,0.22424549,0.3361142
868343818,0.23339677,0.3361142
868843819,0.23528153,0.3361142
870343844,0.23755813,0.3361142
870843818,0.2339437,0.3361142
871344028,0.23546606,0.3361142
871843818,0.23509979,0.3361142
872343819,0.23474753,0.3361142
872843910,0.23394448,0.3361142
873343857,0.23522568,0.3361142
873843887,0.2344923,0.3361142
874343820,0.233998,0.3361142
874843834,0.23385948,0.3361142
875343856,0.23502457,0.3361142
875843818,0.23019564,0.3361142
879843900,0.23924798,0.3361142
880343865,0.23590553,0.3361142
880843845,0.23384142,0.3361142
881343842,0.23507977,0.3361142
881843834,0.2350862,0.3361142
882343883,0.23625731,0.3361142
882843818,0.23352188,0.3361142
883343898,0.23631752,0.3361142
883843835,0.23304844,0.3361142
884343819,0.23572552,0.3361142
884843819,0.229038,0.3361142
885343846,0.22454447,0.3361142
885843821,0.233868,0.3361142
886343840,0.23534364,0.3361142
886843895,0.23372984,0.3361142
887343846,0.23598248,0.3361142
887843820,0.23339552,0.3361142
888344021,0.236305,0.3361142
888843818,0.23329222,0.3361142
889343820,0.23581398,0.3361142
889843819,0.23217952,0.3361142
890343901,0.22926599,0.3361142
890843818,0.23440647,0.3361142
891343845,0.234864,0.3361142
891843822,0.23522258,0.3361142
892343866,0.23501742,0.3361142
892843818,0.23400801,0.3361142
893343847,0.23582602,0.3361142
893843900,0.23335153,0.3361142
894343911,0.23548645,0.3361142
894843818,0.233976,0.3361142
895343847,0.23559952,0.3361142
895843821,0.2240631,0.3361142
896343818,0.22438133,0.3361142
896843817,0.22223246,0.3361142
897343923,0.22399354,0.3361142
897843820,0.22509754,0.3361142
898343842,0.23414248,0.3361142
898843912,0.23559219,0.3361142
899343820,0.23481166,0.3361142
899843819,0.23512954,0.3361142
900344041,0.23479849,0.3361142
900843897,0.23463756,0.3361142
901343818,0.23462248,0.3361142
901843820,0.23441601,0.3361142
902343822,0.23466414,0.3361142
902843818,0.23541188,0.3361142
903343819,0.23463553,0.3361142
903844306,0.23418283,0.3361142
904343939,0.23467213,0.3361142
904843818,0.23514402,0.3361142
905343819,0.23440552,0.3361142
905843819,0.23419201,0.3361142
906343918,0.23522198,0.3361142
906843821,0.23387647,0.3361142
907344116,0.23487693,0.3361142
907843897,0.23450881,0.3361142
908343818,0.23475999,0.3361142
908843818,0.23407203,0.3361142
909343818,0.236144,0.3361142
909843819,0.23236352,0.3361142
910343818,0.23477244,0.3361142
910843819,0.23488152,0.3361142
911343927,0.23613244,0.3361142
911843819,0.23420751,0.3361142
912344485,0.23380446,0.3361142
912843820,0.23553848,0.3361142
913343818,0.23511952,0.3361142
913843819,0.23345798,0.3361142
914343856,0.23579007,0.3361142
914843895,0.23421425,0.3361142
915343818,0.23321754,0.3361142
915843898,0.22285277,0.3361142
916343819,0.224343,0.3361142
916843841,0.23194247,0.3361142
917343819,0.2347275,0.3361142
917843819,0.23452401,0.3361142
918343996,0.2350505,0.3361142
918843818,0.23314202,0.3361142
919343819,0.23678553,0.3361142
919843818,0.23366445,0.3361142
920343823,0.23594803,0.3361142
920843819,0.232364,0.3361142
921343819,0.23736554,0.3361142
921843903,0.23077446,0.3361142
922343818,0.22430402,0.3361142
922843821,0.2232551,0.3361142
923343819,0.2247749,0.3361142
923843846,0.23402202,0.3361142
924343838,0.23494202,0.3361142
924843825,0.23441869,0.3361142
925343921,0.23545128,0.3361142
925843818,0.23362398,0.3361142
926343819,0.23631555,0.3361142
926843819,0.23364002,0.3361142
927343819,0.234532,0.3361142
927843953,0.2319746,0.3361142
928343819,0.23579437,0.3361142
928843955,0.23368752,0.3361142
929343818,0.23573095,0.3361142
929843819,0.23401552,0.3361142
930343819,0.23460448,0.3361142
930843860,0.23365176,0.3361142
931343819,0.23763007,0.3361142
931843820,0.23361355,0.3361142
932343900,0.23617893,0.3361142
932843840,0.23319376,0.3361142
933343818,0.23610193,0.3361142
933843853,0.23332262,0.3361142
934343820,0.23496598,0.3361142
934843819,0.23394352,0.3361142
935343823,0.23530847,0.3361142
935843899,0.23347956,0.3361142
936343838,0.23471552,0.3361142
936843867,0.23422486,0.3361142
937343840,0.23530412,0.3361142
937843818,0.233114,0.3361142
938343856,0.235879,0.3361142
938843859,0.2342881,0.3361142
939343891,0.23458028,0.3361142
939843985,0.23435867,0.3361142
940343819,0.23497802,0.3361142
940843888,0.23497343,0.3361142
941343820,0.23530656,0.3361142
941843818,0.23470044,0.3361142
942343820,0.23606753,0.3361142
942843913,0.23413801,0.3361142
943344231,0.23522651,0.3361142
943843846,0.23457026,0.3361142
944343820,0.2347247,0.3361142
944843846,0.23300755,0.3361142
945343819,0.23563045,0.3361142
945843892,0.23526567,0.3361142
946343890,0.23405665,0.3361142
946843819,0.23482352,0.3361142
947343818,0.23536849,0.3361142
947843818,0.23418355,0.3361142
948343844,0.23453611,0.3361142
948843847,0.23531944,0.3361142
949343822,0.23483598,0.3361142
949843909,0.23447847,0.3361142
950343820,0.234828,0.3361142
950843845,0.234532,0.3361142
951343818,0.23510998,0.3361142
951844023,0.23506808,0.3361142
952343819,0.23171651,0.3361142
956843914,0.23506647,0.3361142
957343820,0.23611152,0.3361142
957843911,0.23329002,0.3361142
958343818,0.23588449,0.3361142
958844082,0.2343046,0.3361142
959343818,0.235542,0.3361142
959843818,0.23354155,0.3361142
960343914,0.23415798,0.3361142
960843847,0.234402,0.3361142
961343820,0.236422,0.3361142
961843841,0.23370844,0.3361142
962343911,0.23545069,0.3361142
962843818,0.2341106,0.3361142
963343819,0.235506,0.3361142
963844107,0.23382044,0.3361142
964343819,0.23596156,0.3361142
964843818,0.23373002,0.3361142
965343819,0.23616648,0.3361142
965843820,0.23439509,0.3361142
966343818,0.23497492,0.3361142
966843820,0.23352754,0.3361142
967344434,0.23623145,0.3361142
967843819,0.2331332,0.3361142
968343821,0.23595059,0.3361142
968843817,0.23334539,0.3361142
969343826,0.23590153,0.3361142
969843819,0.23367846,0.3361142
970343818,0.23516,0.3361142
970843895,0.23427755,0.3361142
971343819,0.23690802,0.3361142
971843818,0.2343185,0.3361142
972343818,0.23565203,0.3361142
972843819,0.23347354,0.3361142
973343818,0.23599249,0.3361142
973843819,0.23282403,0.3361142
974343894,0.236386,0.3361142
974843818,0.22860354,0.3361142
975343818,0.238388,0.3361142
975843818,0.23359644,0.3361142
976343820,0.23527801,0.3361142
976843840,0.23516709,0.3361142
977343819,0.23397648,0.3361142
977843980,0.23586822,0.3361142
978343817,0.23535824,0.3361142
978843822,0.23413152,0.3361142
979343918,0.23466551,0.3361142
979843819,0.23452646,0.3361142
980343839,0.23471999,0.3361142
980843818,0.234398,0.3361142
981343902,0.2355305,0.3361142
981843818,0.23529351,0.3361142
982343822,0.234474,0.3361142
982843973,0.23277122,0.3361142
983343822,0.22408015,0.3361142
983843821,0.22291046,0.3361142
984343821,0.22319603,0.3361142
984843893,0.231386,0.3361142
985343844,0.23509365,0.3361142
985843821,0.23395032,0.3361142
986343965,0.23443508,0.3361142
986843822,0.2350151,0.3361142
987343824,0.23470908,0.3361142
987843821,0.23326552,0.3361142
988343905,0.23616588,0.3361142
988843861,0.23393536,0.3361142
989343855,0.23521835,0.3361142
989843857,0.23429751,0.3361142
990343828,0.23474717,0.3361142
990843842,0.23362792,0.3361142
991344417,0.23593515,0.3361142
991843957,0.23381358,0.3361142
992343844,0.23472637,0.3361142
992843820,0.23350036,0.3361142
993343817,0.23550588,0.3361142
993843817,0.23312002,0.3361142
994343859,0.23439431,0.3361142
994843818,0.23480928,0.3361142
995343899,0.234756,0.3361142
995843817,0.23307848,0.3361142
996343846,0.23555434,0.3361142
996843817,0.23390555,0.3361142
997343859,0.23580217,0.3361142
997843816,0.23347759,0.3361142
998343816,0.23623002,0.3361142
998843897,0.23406756,0.3361142
999343820,0.23308754,0.3361142
999843815,0.23403096,0.3361142
1000343842,0.23648816,0.3361142
1000843816,0.23395568,0.3361142
1001343818,0.23589754,0.3361142
1001843816,0.23415446,0.3361142
1002343941,0.2352212,0.3361142
1002843817,0.23402649,0.3361142
1003344020,0.2359842,0.3361142
1003843817,0.23394299,0.3361142
1004343819,0.23449755,0.3361142
1004843817,0.23530048,0.3361142
1005343816,0.23474598,0.3361142
1005843895,0.23382956,0.3361142
1006343845,0.2343005,0.3361142
1006844294,0.2348944,0.3361142
1007343855,0.2356224,0.3361142
1007843817,0.23470181,0.3361142
1008343848,0.23196554,0.3361142
1008843819,0.235362,0.3361142
1009343978,0.23514122,0.3361142
1009843819,0.23307568,0.3361142
1010343817,0.23638046,0.3361142
1010843818,0.23368597,0.3361142
1011343817,0.23635447,0.3361142
1011843817,0.22372752,0.3361142
1014843817,0.23413354,0.3361142
1015344021,0.2341395,0.3361142
1015843817,0.23443049,0.3361142
1016343919,0.23476553,0.3361142
1016843823,0.23390847,0.3361142
1017343823,0.23533201,0.3361142
1017843818,0.23464602,0.3361142
1018343816,0.23459446,0.3361142
1018844313,0.23410821,0.3361142
1019343817,0.23582745,0.3361142
1019843899,0.23415351,0.3361142
1020343843,0.23489398,0.3361142
1020843820,0.23393708,0.3361142
1021343909,0.2353934,0.3361142
1021843820,0.23339754,0.3361142
1022344113,0.23598278,0.3361142
1022843818,0.23485458,0.3361142
1023343899,0.23439246,0.3361142
1023843816,0.234554,0.3361142
1024343817,0.235282,0.3361142
1024843819,0.23519504,0.3361142
1025343818,0.23438895,0.3361142
1025843953,0.235129,0.3361142
1026343823,0.23444992,0.3361142
1026843926,0.23401845,0.3361142
1027344020,0.23418647,0.3361142
1027843818,0.23530555,0.3361142
1028343818,0.23440552,0.3361142
1028843843,0.23445028,0.3361142
1029343819,0.23548424,0.3361142
1029843818,0.23512799,0.3361142
1030343913,0.23417848,0.3361142
1030844419,0.23524874,0.3361142
1031343818,0.23530084,0.3361142
1031843866,0.23437351,0.3361142
1032343817,0.23393649,0.3361142
1032843821,0.23471355,0.3361142
1033343818,0.23438048,0.3361142
1033843889,0.23029798,0.3361142
1034343819,0.22438556,0.3361142
1034843819,0.23299444,0.3361142
1035343817,0.23580247,0.3361142
1035843820,0.23407352,0.3361142
1036343818,0.2349,0.3361142
1036843818,0.23362154,0.3361142
1037343915,0.23534203,0.3361142
1037843818,0.23378044,0.3361142
1038343818,0.235152,0.3361142
1038843836,0.23181999,0.3361142
1039343816,0.23593646,0.3361142
1039843817,0.234608,0.3361142
1040343822,0.23514515,0.3361142
1040843889,0.23372036,0.3361142
1041343819,0.23620403,0.3361142
1041843817,0.23368198,0.3361142
1042343817,0.23586601,0.3361142
1042843949,0.23382074,0.3361142
1043343817,0.23611033,0.3361142
1043843838,0.23338705,0.3361142
1044343968,0.2356025,0.3361142
1044843817,0.23274797,0.3361142
1045343816,0.23517603,0.3361142
1045843818,0.23220152,0.3361142
1046344233,0.2363308,0.3361142
1046843818,0.23286879,0.3361142
1047343818,0.23563755,0.3361142
1047843887,0.23292047,0.3361142
1048343847,0.23523754,0.3361142
1048843859,0.23322886,0.3361142
1049343818,0.23478222,0.3361142
1049844035,0.23353666,0.3361142
1050343818,0.23538971,0.3361142
1050843819,0.23369753,0.3361142
1051343888,0.23556244,0.3361142
1051843840,0.23373574,0.3361142
1052343839,0.23569387,0.3361142
1052843817,0.23349649,0.3361142
1053343845,0.2355113,0.3361142
1053843836,0.23438823,0.3361142
1054343817,0.23460644,0.3361142
1054844470,0.23416662,0.3361142
1055343818,0.23499888,0.3361142
1055843817,0.23468155,0.3361142
1056343877,0.23343003,0.3361142
1056843818,0.23402399,0.3361142
1059843856,0.22585928,0.3361142
1060343819,0.23613149,0.3361142
1060843871,0.23538154,0.3361142
1061343822,0.22470558,0.3361142
1061844149,0.23527658,0.3361142
1062343817,0.23436117,0.3361142
1062843838,0.23426998,0.3361142
1063343816,0.234146,0.3361142
1063843861,0.23552555,0.3361142
1064343824,0.23493916,0.3361142
1064843826,0.23442507,0.3361142
1065343946,0.23582405,0.3361142
1065843844,0.23376983,0.3361142
1066343817,0.23525023,0.3361142
1066844020,0.23511398,0.3361142
1067343817,0.236314,0.3361142
1067843847,0.23488283,0.3361142
1068343874,0.23396266,0.3361142
1068843905,0.23683399,0.3361142
1069343817,0.23575246,0.3361142
1069843843,0.23236799,0.3361142
1070343821,0.2368086,0.3361142
1070843863,0.23497671,0.3361142
1071343818,0.23625433,0.3361142
1071843844,0.23456198,0.3361142
1072343898,0.23546845,0.3361142
1072843902,0.23467106,0.3361142
1073343819,0.23620921,0.3361142
1073843819,0.23431355,0.3361142
1074343819,0.23610246,0.3361142
1074843837,0.2337895,0.3361142
1075343817,0.23678845,0.3361142
1075843925,0.23391306,0.3361142
1076343819,0.23613244,0.3361142
1076843841,0.23381644,0.3361142
1077343901,0.23711312,0.3361142
1077843843,0.2340824,0.3361142
1078343818,0.2365815,0.3361142
1078844024,0.23444849,0.3361142
1079343898,0.2360515,0.3361142
1079843821,0.23463798,0.3361142
1080343817,0.23652649,0.3361142
1080843819,0.23490953,0.3361142
1081343821,0.23559201,0.3361142
1081843817,0.23434246,0.3361142
1082343867,0.23636281,0.3361142
1082843936,0.23439097,0.3361142
1083343837,0.23662198,0.3361142
1083843817,0.233176,0.3361142
1084343819,0.23694754,0.3361142
1084843819,0.2350725,0.3361142
1085343817,0.23527402,0.3361142
1085844162,0.23605609,0.3361142
1086343896,0.23567766,0.3361142
1086843819,0.23503709,0.3361142
1087343840,0.23523766,0.3361142
1087843818,0.23519683,0.3361142
1088343819,0.23644602,0.3361142
1088843821,0.234294,0.3361142
1089343821,0.23641002,0.3361142
1089843921,0.23518449,0.3361142
1090843819,0.23710603,0.3361142
1091343817,0.238024,0.3361142
1091843818,0.23430151,0.3361142
1092343819,0.234734,0.3361142
1092843835,0.23616642,0.3361142
1093343894,0.23538202,0.3361142
1093843820,0.23545754,0.3361142
1094344103,0.22506106,0.3361142
1094843817,0.22933578,0.3361142
1095343828,0.23609328,0.3361142
1095843819,0.23565024,0.3361142
1096343819,0.23543203,0.3361142
1096843998,0.23553848,0.3361142
1097343817,0.23540401,0.3361142
1097844225,0.23497522,0.3361142
1098343817,0.23587555,0.3361142
1098843818,0.23532951,0.3361142
1099343818,0.23524046,0.3361142
1099843818,0.23699355,0.3361142
1100343905,0.235784,0.3361142
1100843817,0.23490399,0.3361142
1101343942,0.23639631,0.3361142
1101843818,0.23535591,0.3361142
1102343818,0.23617399,0.3361142
1102843817,0.23430753,0.3361142
1103343819,0.23720002,0.3361142
1103843918,0.23471248,0.3361142
1104343818,0.23522353,0.3361142
1104843819,0.23587,0.3361142
1105343818,0.23475444,0.3361142
1105843818,0.23552954,0.3361142
1106343928,0.23603702,0.3361142
1106843822,0.23514879,0.3361142
1107343915,0.23486847,0.3361142
1107843818,0.23559803,0.3361142
1108343822,0.23550755,0.3361142
1108843819,0.23504752,0.3361142
1109343827,0.23482221,0.3361142
1109844173,0.23608804,0.3361142
1110343820,0.23548084,0.3361142
1110843900,0.23476893,0.3361142
1111343822,0.23635608,0.3361142
1111843819,0.2342214,0.3361142
1112343835,0.23553896,0.3361142
1112843817,0.23364395,0.3361142
1113343820,0.23713952,0.3361142
1113843820,0.23398048,0.3361142
1114343900,0.23582351,0.3361142
1114843819,0.23368353,0.3361142
1115343848,0.23712975,0.3361142
1115843842,0.23473454,0.3361142
1116343820,0.23564506,0.3361142
1116843819,0.23454094,0.3361142
1117343843,0.23612422,0.3361142
1117843887,0.23455971,0.3361142
1118344519,0.23612541,0.3361142
1118843819,0.2341919,0.3361142
1119343819,0.23694003,0.3361142
1119843819,0.23351353,0.3361142
1120343820,0.23735046,0.3361142
1120843820,0.23438197,0.3361142
1121343908,0.23715252,0.3361142
1121844234,0.23410952,0.3361142
1122343832,0.2360633,0.3361142
1122843818,0.23467612,0.3361142
1123343862,0.23584878,0.3361142
1123843819,0.2344271,0.3361142
1124343879,0.23726803,0.3361142
1124843887,0.233558,0.3361142
1125343825,0.23713303,0.3361142
1125843818,0.23410648,0.3361142
1126343817,0.23689002,0.3361142
1126843818,0.224352,0.3361142
1127343845,0.22657645,0.3361142
1127843818,0.22272754,0.3361142
1128343910,0.22479045,0.3361142
1128843819,0.22331953,0.3361142
1129343844,0.22576845,0.3361142
1129843818,0.23199153,0.3361142
1130344013,0.23672414,0.3361142
1130843820,0.23398632,0.3361142
1131343819,0.23618245,0.3361142
1131843888,0.23387802,0.3361142
1132343823,0.23641002,0.3361142
1132843818,0.23550647,0.3361142
1133343848,0.22705352,0.3361142
1137344114,0.23316842,0.3361142
1137843818,0.23463994,0.3361142
1138343818,0.23374647,0.3361142
1138843888,0.23333001,0.3361142
1139343846,0.23510355,0.3361142
1139843820,0.2347635,0.3361142
1140343819,0.23285693,0.3361142
1140843897,0.23554325,0.3361142
1141343845,0.23482215,0.3361142
1141843818,0.234568,0.3361142
1142344126,0.23513961,0.3361142
1142843819,0.23383158,0.3361142
1143343819,0.23417401,0.3361142
1143843818,0.23375446,0.3361142
1144343821,0.23434353,0.3361142
1144843818,0.23410797,0.3361142
1145343885,0.2343148,0.3361142
1145843989,0.23485893,0.3361142
1146343864,0.23387045,0.3361142
1146843837,0.233518,0.3361142
1147343817,0.23380798,0.3361142
1147843821,0.23500907,0.3361142
1148343913,0.23436248,0.3361142
1148843819,0.23293602,0.3361142
1149344242,0.23557097,0.3361142
1149843818,0.23367,0.3361142
1150343833,0.23375553,0.3361142
1150843817,0.23310846,0.3361142
1151343819,0.23596752,0.3361142
1151843818,0.23283398,0.3361142
1152343837,0.23491108,0.3361142
1152843893,0.23380286,0.3361142
1153343818,0.23524046,0.3361142
1153843818,0.23325598,0.3361142
1154344507,0.23421234,0.3361142
1154843821,0.23406321,0.3361142
1155343818,0.235098,0.3361142
1155843818,0.23218203,0.3361142
1156343903,0.23503202,0.3361142
1156843817,0.23279846,0.3361142
1157343820,0.23508155,0.3361142
1157843920,0.23301291,0.3361142
1158343818,0.23448783,0.3361142
1158843836,0.23362714,0.3361142
1159343818,0.23471242,0.3361142
1159843902,0.232772,0.3361142
1160343818,0.23539448,0.3361142
1160843817,0.23358601,0.3361142
1161344180,0.23658168,0.3361142
1161843819,0.2337203,0.3361142
1162343818,0.23550755,0.3361142
1162843817,0.23210245,0.3361142
1163343927,0.23577154,0.3361142
1163843846,0.234056,0.3361142
1164343835,0.234774,0.3361142
1164843957,0.23330808,0.3361142
1165343819,0.23541248,0.3361142
1165843818,0.23313397,0.3361142
1166343817,0.23504448,0.3361142
1166843894,0.22988755,0.3361142
1167343839,0.23326999,0.3361142
1167843830,0.23392886,0.3361142
1168343819,0.23559517,0.3361142
1168843817,0.23436046,0.3361142
1169343818,0.23377556,0.3361142
1169843997,0.23414713,0.3361142
1170343941,0.23358268,0.3361142
1170843844,0.23435062,0.3361142
1171343817,0.23478585,0.3361142
1171843820,0.23430556,0.3361142
1172343819,0.23512602,0.3361142
1172843839,0.23372513,0.3361142
1173344191,0.23517644,0.3361142
1173843895,0.23428428,0.3361142
1174343819,0.235084,0.3361142
1174843830,0.23324591,0.3361142
1175343820,0.2354132,0.3361142
1175843875,0.2334323,0.3361142
1176343820,0.23407173,0.3361142
1176843819,0.23448646,0.3361142
1177343896,0.23419845,0.3361142
1177843818,0.23357552,0.3361142
1178343817,0.23476648,0.3361142
1178843858,0.23388326,0.3361142
1179343820,0.2347883,0.3361142
1179843818,0.23301649,0.3361142
1180343847,0.23431951,0.3361142
1180843932,0.23373115,0.3361142
1181343818,0.23372883,0.3361142
1181844548,0.23477215,0.3361142
1182343819,0.23420101,0.3361142
1182843818,0.23406398,0.3361142
1183343818,0.23349798,0.3361142
1183843819,0.23471153,0.3361142
1184343897,0.23463696,0.3361142
1184843842,0.23391229,0.3361142
1185343821,0.23466325,0.3361142
1185843840,0.23353016,0.3361142
1186343819,0.23437983,0.3361142
1186843842,0.23314083,0.3361142
1187343863,0.23547256,0.3361142
1187843961,0.23424858,0.3361142
1188343818,0.2345466,0.3361142
1188843819,0.23501754,0.3361142
1189343818,0.23403603,0.3361142
1189843818,0.23440802,0.3361142
1190343818,0.23529649,0.3361142
1190843845,0.23441201,0.3361142
1191343922,0.2352035,0.3361142
1191843839,0.23382771,0.3361142
1192343847,0.23460168,0.3361142
1192843845,0.23340458,0.3361142
1193343818,0.23511398,0.3361142
1193844457,0.23417598,0.3361142
1194343855,0.23494804,0.3361142
1194843899,0.23385286,0.3361142
1195343817,0.23410797,0.3361142
1195843819,0.234756,0.3361142
1196343817,0.23529649,0.3361142
1196843846,0.23313355,0.3361142
1197344257,0.23073435,0.3361142
1197843869,0.2307837,0.3361142
1198343903,0.23678201,0.3361142
1198843843,0.23328644,0.3361142
1199343819,0.23596555,0.3361142
1199843911,0.23321849,0.3361142
1200343817,0.23486799,0.3361142
1200843819,0.23406553,0.3361142
1201343818,0.23706245,0.3361142
1201843943,0.23370153,0.3361142
1202343820,0.23636597,0.3361142
1202843819,0.23414552,0.3361142
1203343820,0.23593646,0.3361142
1203843843,0.23297155,0.3361142
1204343920,0.23504144,0.3361142
1207343818,0.22825998,0.3361142
1207843819,0.237338,0.3361142
1208343818,0.23675048,0.3361142
1208843919,0.232974,0.3361142
1209344413,0.23555738,0.3361142
1209843819,0.23536396,0.3361142
1210343817,0.23592848,0.3361142
1210843817,0.23415554,0.3361142
1211343820,0.23703551,0.3361142
1211843938,0.23497224,0.3361142
1212343890,0.23401064,0.3361142
1212843819,0.23652154,0.3361142
1213343820,0.234972,0.3361142
1213843818,0.235466,0.3361142
1214343817,0.23474646,0.3361142
1214843820,0.23586506,0.3361142
1215343818,0.23511648,0.3361142
1215843915,0.23397446,0.3361142
1216343819,0.23595953,0.3361142
1216843818,0.23527598,0.3361142
1217343818,0.234276,0.3361142
1217843819,0.23468047,0.3361142
1218343818,0.23652554,0.3361142
1218843818,0.23514003,0.3361142
1219343889,0.23488402,0.3361142
1219843820,0.23545802,0.3361142
1220343821,0.23503798,0.3361142
1220843818,0.23479998,0.3361142
1221343900,0.23667365,0.3361142
1221843906,0.2344315,0.3361142
1222343842,0.23470598,0.3361142
1222843914,0.23406798,0.3361142
1223343821,0.23607397,0.3361142
1223843820,0.23442,0.3361142
1224343817,0.23455846,0.3361142
1224844184,0.2346592,0.3361142
1225343818,0.23461682,0.3361142
1225843819,0.23506951,0.3361142
1226343887,0.23323649,0.3361142
1226843819,0.23525554,0.3361142
1227343848,0.23530835,0.3361142
1227843819,0.23439205,0.3361142
1228343963,0.23520118,0.3361142
1228843818,0.2337659,0.3361142
1229343818,0.23615801,0.3361142
1229843894,0.23368001,0.3361142
1230343825,0.23635715,0.3361142
1230843818,0.23412079,0.3361142
1231343823,0.23759401,0.3361142
1231843822,0.22508752,0.3361142
1233344012,0.24027848,0.3361142
1233843818,0.23324758,0.3361142
1234343823,0.23666811,0.3361142
1234843819,0.23301387,0.3361142
1235343820,0.23588198,0.3361142
1235843818,0.23392999,0.3361142
1236343844,0.23587775,0.3361142
1236843898,0.23437572,0.3361142
1237343821,0.23187292,0.3361142
1237843818,0.23387152,0.3361142
1238343844,0.23590618,0.3361142
1238843819,0.2321716,0.3361142
1240344218,0.22859555,0.3361142
1240843818,0.23477381,0.3361142
1241343819,0.23614556,0.3361142
1241843819,0.23303849,0.3361142
1242343881,0.23646224,0.3361142
1242843843,0.23370898,0.3361142
1243343840,0.23538166,0.3361142
1243843900,0.23383826,0.3361142
1244343860,0.2352407,0.3361142
1244843819,0.23398721,0.3361142
1245344457,0.23599184,0.3361142
1245843819,0.23463845,0.3361142
1246343821,0.23521602,0.3361142
1246843818,0.23362797,0.3361142
1247343915,0.23599249,0.3361142
1247843819,0.23532951,0.3361142
1248343846,0.23411,0.3361142
1248844232,0.2350288,0.3361142
1249343851,0.23517627,0.3361142
1249843818,0.23524553,0.3361142
1250343845,0.23334754,0.3361142
1250843898,0.236072,0.3361142
1251343912,0.23467797,0.3361142
1251843820,0.23513955,0.3361142
1252344043,0.23443192,0.3361142
1252843818,0.2351669,0.3361142
1253343819,0.23479998,0.3361142
1253843842,0.235362,0.3361142
1254343924,0.234222,0.3361142
1254843820,0.23414397,0.3361142
1255343840,0.23446769,0.3361142
1255843819,0.23394632,0.3361142
1256343845,0.23473448,0.3361142
1256843821,0.23407155,0.3361142
1257344028,0.23584586,0.3361142
1257843894,0.23357564,0.3361142
1258343820,0.23454756,0.3361142
1258843819,0.23417401,0.3361142
1259343819,0.236126,0.3361142
1259843819,0.234362,0.3361142
1260343847,0.23474598,0.3361142
1260843827,0.23552471,0.3361142
1261343942,0.2358213,0.3361142
1261843818,0.23448044,0.3361142
1262343844,0.23526198,0.3361142
1262843819,0.23423553,0.3361142
1263343913,0.23495352,0.3361142
1263843818,0.23497492,0.3361142
1264344082,0.23461258,0.3361142
1264843929,0.23448288,0.3361142
1265343818,0.23505199,0.3361142
1265843840,0.23457998,0.3361142
1266343818,0.23446494,0.3361142
1266843821,0.2334575,0.3361142
1267343842,0.23675448,0.3361142
1267843825,0.23395473,0.3361142
1268343921,0.23536128,0.3361142
1268843818,0.23380554,0.3361142
1269344024,0.23559201,0.3361142
1269843837,0.23419797,0.3361142
1270343818,0.23575598,0.3361142
1270843818,0.23389202,0.3361142
1271343817,0.23651248,0.3361142
1271843911,0.23392999,0.3361142
1272343819,0.2342475,0.3361142
1272844371,0.23579013,0.3361142
1273343819,0.23434472,0.3361142
1273843818,0.23496151,0.3361142
1274343818,0.23525399,0.3361142
1274843819,0.234398,0.3361142
1275343994,0.235344,0.3361142
1275843818,0.23401648,0.3361142
1276344159,0.2354458,0.3361142
1276843818,0.23455161,0.3361142
1277343818,0.23543555,0.3361142
1277843818,0.233926,0.3361142
1278343817,0.23540449,0.3361142
1278843903,0.23422354,0.3361142
1279343818,0.23487848,0.3361142
1279843819,0.23517555,0.3361142
1280343818,0.23685402,0.3361142
1280843819,0.23270398,0.3361142
1281343817,0.236758,0.3361142
1281843819,0.23459798,0.3361142
1282343905,0.23586047,0.3361142
1282843818,0.23328954,0.3361142
1283343819,0.23633999,0.3361142
1283843818,0.23360002,0.3361142
1284343818,0.23518598,0.3361142
1284843919,0.23430711,0.3361142
1285343818,0.2361272,0.3361142
1285843918,0.23348802,0.3361142
1286343819,0.23472351,0.3361142
1286843820,0.23537648,0.3361142
1287343818,0.23503047,0.3361142
1287843818,0.23374999,0.3361142
1288343819,0.23509908,0.3361142
1288843853,0.23448455,0.3361142
1289343899,0.23494846,0.3361142
1289843817,0.23350602,0.3361142
1290343820,0.23579103,0.3361142
1290843821,0.23467356,0.3361142
1291343818,0.23566139,0.3361142
1291843967,0.23504841,0.3361142
1292343818,0.23522514,0.3361142
1292843899,0.23407644,0.3361142
1293343817,0.23548001,0.3361142
1293843833,0.2346465,0.3361142
1294343839,0.23463303,0.3361142
1294843818,0.23477799,0.3361142
1295343892,0.23482418,0.3361142
1295843828,0.23450357,0.3361142
1296343887,0.23436266,0.3361142
1296844502,0.2350629,0.3361142
1297343826,0.23443848,0.3361142
1297843836,0.2344253,0.3361142
1298343817,0.23510802,0.3361142
1298843820,0.23518401,0.3361142
1299343819,0.23426199,0.3361142
1299843921,0.23581141,0.3361142
1300343819,0.23431826,0.3361142
1300843845,0.2352913,0.3361142
1301343818,0.23468912,0.3361142
1301843847,0.23511791,0.3361142
1302343819,0.23116541,0.3361142
1302843868,0.22740972,0.3361142
1303343888,0.23437542,0.3361142
1303843819,0.23633355,0.3361142
1304343819,0.23469597,0.3361142
1304843822,0.23491597,0.3361142
1305343818,0.23384649,0.3361142
1305843844,0.2347418,0.3361142
1306343818,0.23593378,0.3361142
1306843890,0.23255444,0.3361142
1307343820,0.23311955,0.3361142
1309843819,0.22392756,0.3361142
1311843844,0.23312998,0.3361142
1312343819,0.23647952,0.3361142
1312843873,0.23420465,0.3361142
1313343846,0.23534542,0.3361142
1313843913,0.23265445,0.3361142
1314343820,0.23704398,0.3361142
1314843899,0.23373568,0.3361142
1315343817,0.23529458,0.3361142
1315844088,0.2345478,0.3361142
1316343820,0.2369715,0.3361142
1316843818,0.233562,0.3361142
1317343897,0.23568773,0.3361142
1317843885,0.23415881,0.3361142
1318343833,0.23666275,0.3361142
1318843843,0.23361647,0.3361142
1319343893,0.23602074,0.3361142
1319843844,0.23362547,0.3361142
1320343819,0.23546553,0.3361142
1320844132,0.23378998,0.3361142
1321343819,0.23621601,0.3361142
1321843818,0.23414803,0.3361142
1322343817,0.23508048,0.3361142
1322843835,0.23519403,0.3361142
1323343818,0.235336,0.3361142
1323843818,0.234496,0.3361142
1324343923,0.23558635,0.3361142
1324843867,0.23428464,0.3361142
1325343818,0.23495847,0.3361142
1325843844,0.23344845,0.3361142
1326343819,0.23567551,0.3361142
1326843912,0.23482049,0.3361142
1327343817,0.233208,0.3361142
1327844182,0.23555207,0.3361142
1328343818,0.23395479,0.3361142
1328843818,0.23315555,0.3361142
1329343818,0.23542047,0.3361142
1329843819,0.23397553,0.3361142
1330343821,0.23445755,0.3361142
1330843841,0.23356694,0.3361142
1331343897,0.23627353,0.3361142
1331843822,0.23426044,0.3361142
1332343831,0.23492086,0.3361142
1332844460,0.23404515,0.3361142
1333343819,0.23510152,0.3361142
1333843818,0.23495644,0.3361142
1334343818,0.23460001,0.3361142
1334843895,0.234842,0.3361142
1335343818,0.23486799,0.3361142
1335843820,0.23487306,0.3361142
1336344320,0.23472619,0.3361142
1336843817,0.2347908,0.3361142
1337343833,0.2348935,0.3361142
1337843818,0.23376,0.3361142
1338343917,0.235412,0.3361142
1338843820,0.23484248,0.3361142
1339343817,0.23548198,0.3361142
1339844162,0.2341494,0.3361142
1340343819,0.23493868,0.3361142
1340843818,0.234272,0.3361142
1341343819,0.22946,0.3361142
1341843920,0.22300643,0.3361142
1342343818,0.22434956,0.3361142
1342843818,0.22281444,0.3361142
1343343821,0.22748756,0.3361142
1343843818,0.23360044,0.3361142
1344343837,0.23453951,0.3361142
1344843818,0.232822,0.3361142
1345343897,0.23650998,0.3361142
1345843840,0.23440802,0.3361142
1346343818,0.23546398,0.3361142
1346843821,0.23406756,0.3361142
1347343817,0.23601294,0.3361142
1347843818,0.23363602,0.3361142
1348343919,0.23459458,0.3361142
1348843953,0.23388678,0.3361142
1349343836,0.23545045,0.3361142
1349843861,0.23303747,0.3361142
1350343819,0.23611432,0.3361142
1350843818,0.23382646,0.3361142
1351343823,0.2361821,0.3361142
1351844210,0.23359519,0.3361142
1352343896,0.23577392,0.3361142
1352843818,0.23378044,0.3361142
1353343818,0.23485553,0.3361142
1353843822,0.233396,0.3361142
1354343826,0.2348327,0.3361142
1354843818,0.23434126,0.3361142
1355343821,0.23574603,0.3361142
1355843914,0.233944,0.3361142
1356343819,0.23485154,0.3361142
1356843818,0.23361444,0.3361142
1357343841,0.23594517,0.3361142
1357843841,0.23327225,0.3361142
1358343818,0.23632294,0.3361142
1358843820,0.23430753,0.3361142
1359343915,0.23508799,0.3361142
1359843817,0.23363441,0.3361142
1360344422,0.2337321,0.3361142
1360843819,0.23343909,0.3361142
1361343818,0.23543602,0.3361142
1361843869,0.2331022,0.3361142
1362343819,0.23594606,0.3361142
1362843897,0.23274249,0.3361142
1363343860,0.238294,0.3361142
1363843819,0.24694824,0.3361142
1364343857,0.24717873,0.3361142
1364843848,0.24651325,0.3361142
1365343858,0.24789214,0.3361142
1365843819,0.24719977,0.3361142
1366343943,0.24674678,0.3361142
1366843818,0.24730933,0.3361142
1367343841,0.24803197,0.3361142
1367843817,0.24677849,0.3361142
1368343820,0.2466855,0.3361142
1368843819,0.24667948,0.3361142
1369343873,0.24841708,0.3361142
1369843900,0.24622124,0.3361142
1370343819,0.24779153,0.3361142
1370843865,0.24705452,0.3361142
1371343842,0.24833858,0.3361142
1371843819,0.239699,0.3361142
1375343845,0.2476455,0.3361142
1375843909,0.24553978,0.3361142
1376343861,0.24583161,0.3361142
1376843938,0.24497658,0.3361142
1377343851,0.2457565,0.3361142
1377843824,0.244129,0.3361142
1378343905,0.24600065,0.3361142
1378843818,0.24459356,0.3361142
1379343841,0.24605203,0.3361142
1379843819,0.24563754,0.3361142
1380343902,0.2448085,0.3361142
1380843818,0.2451685,0.3361142
1381343846,0.2456075,0.3361142
1381843817,0.24609047,0.3361142
1382343841,0.244102,0.3361142
1382843931,0.2464003,0.3361142
1383343844,0.24495935,0.3361142
1383843891,0.244066,0.3361142
1384344278,0.24288201,0.3361142
1384843819,0.23560953,0.3361142
1385343824,0.23499966,0.3361142
1385843818,0.23472834,0.3361142
1386343820,0.23555398,0.3361142
1386843819,0.2401005,0.3361142
1387343916,0.244654,0.3361142
1387844409,0.24432224,0.3361142
1388343865,0.24615711,0.3361142
1388843818,0.244878,0.3361142
1389343818,0.246054,0.3361142
1389843818,0.24168003,0.3361142
1390343911,0.23598999,0.3361142
1390843887,0.23950249,0.3361142
1391344128,0.24753255,0.3361142
1391843818,0.24493384,0.3361142
1392343819,0.24572748,0.3361142
1392843818,0.24277401,0.3361142
1393343839,0.24746197,0.3361142
1393843818,0.24409401,0.3361142
1394343911,0.24567801,0.3361142
1394843967,0.24454361,0.3361142
1395343819,0.24634445,0.3361142
1395843819,0.24345851,0.3361142
1396344292,0.23815447,0.3361142
1396843818,0.23500556,0.3361142
1397343818,0.236238,0.3361142
1397843891,0.23414904,0.3361142
1398343818,0.23717743,0.3361142
1398843818,0.23420203,0.3361142
1399343818,0.23591352,0.3361142
1399844146,0.23495883,0.3361142
1400343818,0.23617047,0.3361142
1400843832,0.2347514,0.3361142
1401343916,0.23682415,0.3361142
1401843820,0.23517,0.3361142
1402343820,0.235156,0.3361142
1402843818,0.23404247,0.3361142
1403843820,0.22698647,0.3361142
1404343818,0.23576951,0.3361142
1404843889,0.233114,0.3361142
1405343819,0.36084402,0.3361142
1405843819,0.238428,0.3361142
