timestamp,indicated_airspeed_m_s,equivalent_airspeed_m_s,true_airspeed_m_s,equivalent_ground_minus_wind_m_s,true_ground_minus_wind_m_s,airspeed_sensor_measurement_valid,selected_airspeed_index
31068101,-2.130474,-2.130474,-2.1453118,0.014292362,0.014786232,1,1
32068104,-6.8204956,-6.8204956,-6.8674307,0.2659155,0.2751083,1,1
33068107,-6.70192,-6.70192,-6.748986,1.1328533,1.1722077,1,1
34068119,1.2325138,1.2325138,1.2411861,1.8115083,1.8745581,1,1
35068101,4.509296,4.509296,4.5416603,2.868072,2.9684308,1,1
36068101,3.1684253,3.1684253,3.1917574,3.746956,3.8790035,1,1
37068106,3.4885516,3.4885516,3.5148304,4.037879,4.1811213,1,1
38068125,5.4084,5.4084,5.451035,4.3690405,4.5253143,1,1
39068101,4.509465,4.509465,4.5450296,3.8656456,4.005232,1,1
40068102,4.371934,4.371934,4.407335,3.1034813,3.2163925,1,1
41068102,4.9558334,4.9558334,4.996729,3.2301114,3.34832,1,1
42068102,4.766788,4.766788,4.80714,3.618031,3.7514107,1,1
43068125,4.673963,4.673963,4.714426,3.7004306,3.8378263,1,1
44068122,5.9638314,5.9638314,6.016136,3.4199717,3.5479288,1,1
45068121,6.419459,6.419459,6.4762473,3.2765276,3.39972,1,1
46068124,7.1765203,7.1765203,7.241526,3.1209667,3.239192,1,1
47068102,7.5624857,7.5624857,7.6321883,3.4072015,3.5369866,1,1
48068101,7.033725,7.033725,7.098426,3.617069,3.7555733,1,1
49068146,6.6168003,6.6168003,6.678421,3.3895702,3.5199053,1,1
50068155,6.5010996,6.5010996,6.563752,3.2177076,3.3423903,1,1
53068102,11.668191,11.668191,11.779469,6.524989,6.7805204,1,1
54068101,13.860222,13.860222,13.993386,9.553132,9.928284,1,1
55068101,17.070272,17.070272,17.233393,12.64062,13.136762,1,1
56068111,20.335133,20.335133,20.530615,15.611069,16.225845,1,1
57068105,21.623468,21.623468,21.8289,16.874702,17.538792,1,1
58068101,24.154354,24.154354,24.379354,18.632317,19.365719,1,1
59068101,26.237415,26.237415,26.478292,19.886484,20.667334,1,1
60068101,26.876156,26.876156,27.12275,20.036545,20.824587,1,1
61068101,25.873833,25.873833,26.112122,19.605415,20.377474,1,1
62068101,26.025284,26.025284,26.262512,19.260262,20.022009,1,1
63068121,25.55559,25.55559,25.797062,18.871277,19.621288,1,1
64068193,24.61287,24.61287,24.844995,18.361498,19.095123,1,1
65068101,23.658396,23.658396,23.886263,17.860664,18.578394,1,1
66068101,22.68967,22.68967,22.912258,17.168966,17.86266,1,1
67068101,21.00123,21.00123,21.21097,16.679733,17.357782,1,1
68068100,19.63638,19.63638,19.833939,16.563328,17.239641,1,1
69068110,19.097067,19.097067,19.290096,17.01563,17.713491,1,1
70068101,18.946568,18.946568,19.140131,17.36961,18.08489,1,1
71068101,19.121977,19.121977,19.319725,17.982958,18.72657,1,1
72068101,19.627571,19.627571,19.83325,18.836103,19.617783,1,1
73068101,20.549671,20.549671,20.762547,19.585161,20.40005,1,1
74068101,21.729965,21.729965,21.958899,20.530624,21.387209,1,1
75068102,22.707117,22.707117,22.945072,21.560215,22.461546,1,1
76068101,24.429443,24.429443,24.687786,22.366112,23.303448,1,1
77068098,23.966208,23.966208,24.221903,22.303484,23.241241,1,1
78068102,24.062561,24.062561,24.319029,22.025444,22.955873,1,1
79068100,24.489374,24.489374,24.75519,22.29571,23.241604,1,1
80068101,24.4785,24.4785,24.745527,22.44083,23.39535,1,1
81068123,25.222881,25.222881,25.500334,23.019655,24.00277,1,1
82068102,25.349926,25.349926,25.630417,23.060694,24.047861,1,1
83068101,25.463945,25.463945,25.750181,23.10174,24.095484,1,1
84068101,25.239908,25.239908,25.522621,23.022533,24.01644,1,1
85068101,25.49757,25.49757,25.788582,22.822989,23.81369,1,1
86068101,25.225273,25.225273,25.5132,22.536797,23.519958,1,1
87068101,25.262434,25.262434,25.56051,21.979801,22.944445,1,1
88068101,24.736996,24.736996,25.032066,21.08941,22.021126,1,1
89068124,23.612272,23.612272,23.899338,20.25412,21.154968,1,1
90068100,23.04257,23.04257,23.328049,19.492962,20.36527,1,1
91068101,22.177979,22.177979,22.457033,18.519508,19.353424,1,1
92068101,21.383554,21.383554,21.655048,17.52427,18.318043,1,1
93068104,20.827696,20.827696,21.098,16.755146,17.519587,1,1
94068101,20.162132,20.162132,20.424755,16.180162,16.922377,1,1
95068101,19.741673,19.741673,20.006426,16.145351,16.889719,1,1
96068101,20.269802,20.269802,20.544985,16.822805,17.601791,1,1
97068102,21.199059,21.199059,21.48763,17.880022,18.709827,1,1
98068100,22.365952,22.365952,22.667452,19.186747,20.078356,1,1
99068122,23.859846,23.859846,24.182158,20.774141,21.740911,1,1
100068101,24.303057,24.303057,24.630373,21.656641,22.663914,1,1
101068101,24.48516,24.48516,24.812344,21.910158,22.927969,1,1
102068101,24.127117,24.127117,24.444435,21.693745,22.700796,1,1
103068101,23.514275,23.514275,23.820967,21.332172,22.320887,1,1
104068101,23.5392,23.5392,23.844557,21.248459,22.232265,1,1
105068104,24.220118,24.220118,24.528368,21.241955,22.224112,1,1
106068101,23.43826,23.43826,23.736267,21.027718,21.996572,1,1
107068101,23.534294,23.534294,23.830862,20.681782,21.632925,1,1
108068102,23.445238,23.445238,23.733313,20.46775,21.40651,1,1
109068101,22.938324,22.938324,23.218893,20.294987,21.223042,1,1
110068101,22.721737,22.721737,22.99041,20.169163,21.089014,1,1
111068120,22.66715,22.66715,22.936966,20.064192,20.976742,1,1
112068101,23.069818,23.069818,23.335203,19.945787,20.849789,1,1
113068248,22.771738,22.771738,23.030907,19.776072,20.670818,1,1
118068101,18.114794,18.114794,18.312254,16.41646,17.155472,1,1
119068101,21.19047,21.19047,21.415245,18.45138,19.27625,1,1
120068101,23.281525,23.281525,23.521736,19.642405,20.51577,1,1
121068101,24.665514,24.665514,24.91626,19.978802,20.863657,1,1
122068100,23.882267,23.882267,24.120438,19.270676,20.121096,1,1
123068119,22.895733,22.895733,23.116259,18.738077,19.563766,1,1
124068103,23.054611,23.054611,23.282124,17.883646,18.671568,1,1
125068106,20.47139,20.47139,20.669994,15.492283,16.175262,1,1
126068102,16.38589,16.38589,16.546116,12.92875,13.500255,1,1
127068101,15.795697,15.795697,15.950308,12.430142,12.97978,1,1
128068100,17.535883,17.535883,17.702505,14.554648,15.195014,1,1
129068100,22.054445,22.054445,22.257172,17.442343,18.207098,1,1
130068101,26.4514,26.4514,26.695084,20.576721,21.477053,1,1
131068101,28.039822,28.039822,28.296213,22.226444,23.199211,1,1
132068100,29.377556,29.377556,29.649618,23.198011,24.216627,1,1
133068101,29.210169,29.210169,29.487028,23.420101,24.45417,1,1
134068101,28.819714,28.819714,29.09984,23.377968,24.418274,1,1
135068123,28.030039,28.030039,28.305094,23.408228,24.455648,1,1
136068101,27.022806,27.022806,27.297508,23.185379,24.230278,1,1
137068318,26.762861,26.762861,27.041653,22.62623,23.65262,1,1
138068102,25.653492,25.653492,25.922003,22.199675,23.212116,1,1
139068101,25.358337,25.358337,25.628633,22.299372,23.320778,1,1
140068100,26.469553,26.469553,26.753984,22.924503,23.976963,1,1
141068123,27.566858,27.566858,27.85669,23.62397,24.7097,1,1
142068100,27.151134,27.151134,27.44169,23.295614,24.365408,1,1
143068101,26.466198,26.466198,26.748041,22.866903,23.915506,1,1
144068101,25.84832,25.84832,26.11955,22.473135,23.501362,1,1
145068101,25.033442,25.033442,25.293432,21.920092,22.920414,1,1
146068100,24.514458,24.514458,24.760607,21.587706,22.56941,1,1
147068101,24.014755,24.014755,24.254324,21.383663,22.353197,1,1
148068100,23.837002,23.837002,24.069433,21.291727,22.253586,1,1
149068171,23.74771,23.74771,23.975899,21.203772,22.158573,1,1
150068104,23.210592,23.210592,23.428478,21.173723,22.123823,1,1
151068101,22.931631,22.931631,23.140556,21.194395,22.141966,1,1
152068101,21.998106,21.998106,22.19614,19.83428,20.718977,1,1
153068109,17.627869,17.627869,17.787214,17.297695,18.070225,1,1
154068101,15.505611,15.505611,15.646254,15.524411,16.218739,1,1
155068101,15.552906,15.552906,15.6931505,15.904554,16.614801,1,1
156068101,18.692638,18.692638,18.853529,18.258791,19.069576,1,1
157068100,21.30607,21.30607,21.482107,20.372978,21.27051,1,1
158068102,23.822124,23.822124,24.014133,22.210772,23.184313,1,1
159068101,25.065647,25.065647,25.26412,23.094528,24.103495,1,1
160068100,27.366692,27.366692,27.580103,24.740671,25.822533,1,1
163068101,29.087437,29.087437,29.33319,26.08094,27.236012,1,1
164068120,29.405367,29.405367,29.657446,26.251375,27.420797,1,1
165068100,28.995813,28.995813,29.247179,26.178375,27.349281,1,1
166068116,28.999203,28.999203,29.254763,26.490513,27.68188,1,1
167068141,29.709743,29.709743,29.976654,26.97873,28.197948,1,1
168068101,30.463741,30.463741,30.746658,26.999134,28.227503,1,1
169068101,30.152693,30.152693,30.440062,25.861767,27.045576,1,1
170068141,29.096916,29.096916,29.38648,24.123457,25.238266,1,1
171068101,27.701775,27.701775,27.986563,22.583261,23.63534,1,1
172068137,26.60151,26.60151,26.879457,21.220282,22.215574,1,1
173068131,25.109518,25.109518,25.377953,20.500227,21.467863,1,1
174068101,25.687328,25.687328,25.966513,21.166668,22.169321,1,1
175068102,26.651567,26.651567,26.938925,22.601906,23.674557,1,1
176068124,27.770575,27.770575,28.075771,23.837358,24.969511,1,1
177068124,27.177267,27.177267,27.471165,23.696726,24.821796,1,1
178068125,25.169935,25.169935,25.4432,22.665186,23.739813,1,1
179068151,24.248705,24.248705,24.509745,21.924376,22.963423,1,1
180068109,23.351267,23.351267,23.596989,21.408407,22.420395,1,1
181068101,23.83789,23.83789,24.085909,21.10214,22.097086,1,1
182068101,23.063553,23.063553,23.300425,20.628733,21.598213,1,1
183068101,23.01846,23.01846,23.254164,20.379707,21.33569,1,1
184068107,23.063206,23.063206,23.294085,20.341923,21.29267,1,1
185068153,22.976376,22.976376,23.202934,20.246302,21.189648,1,1
186068101,23.206648,23.206648,23.432678,19.977396,20.9063,1,1
187068101,21.779137,21.779137,21.987034,18.087523,18.927412,1,1
188068100,17.483847,17.483847,17.654463,15.192632,15.899251,1,1
189068101,14.808045,14.808045,14.949977,13.122967,13.734001,1,1
190068122,14.857382,14.857382,14.999512,13.922334,14.569457,1,1
191068101,18.558012,18.558012,18.73259,16.571838,17.3376,1,1
192068101,22.094624,22.094624,22.289438,18.514538,19.364365,1,1
193068101,23.397577,23.397577,23.601942,19.037743,19.90683,1,1
194068101,22.74009,22.74009,22.934242,19.197126,20.069464,1,1
195068101,23.326681,23.326681,23.519785,19.353456,20.229534,1,1
196068101,23.796848,23.796848,23.988712,19.2905,20.160976,1,1
197068101,23.616547,23.616547,23.8032,19.150831,20.012274,1,1
198068101,23.35188,23.35188,23.534842,18.462532,19.292156,1,1
199068101,20.208546,20.208546,20.366835,16.023832,16.74375,1,1
200068101,16.151432,16.151432,16.279346,13.10263,13.692413,1,1
201068101,13.883163,13.883163,13.994274,11.764033,12.294302,1,1
202068119,15.7305975,15.7305975,15.852857,13.908772,14.533055,1,1
203068101,19.916939,19.916939,20.065434,16.728012,17.473465,1,1
204068140,23.249311,23.249311,23.415298,18.479776,19.298222,1,1
205068101,23.653414,23.653414,23.815569,18.7847,19.610247,1,1
206068101,23.470373,23.470373,23.628468,18.58559,19.400312,1,1
207068101,24.72444,24.72444,24.890984,19.255634,20.100273,1,1
208068100,27.135117,27.135117,27.319126,20.961111,21.882866,1,1
209068101,27.945124,27.945124,28.13593,22.050724,23.022343,1,1
210068101,29.01097,29.01097,29.22093,22.310192,23.30225,1,1
211068101,27.769995,27.769995,27.974136,22.1696,23.161716,1,1
212068101,28.443594,28.443594,28.659243,22.53835,23.55192,1,1
213068104,29.40483,29.40483,29.638422,22.71171,23.741886,1,1
214068101,28.525171,28.525171,28.764479,22.514492,23.54337,1,1
215068101,26.081478,26.081478,26.304615,22.096142,23.11247,1,1
216068154,26.274986,26.274986,26.507229,22.218155,23.247221,1,1
217068101,26.739916,26.739916,26.979696,22.54459,23.592615,1,1
218068102,24.935818,24.935818,25.156252,21.410574,22.407263,1,1
219068101,22.83188,22.83188,23.038313,18.958887,19.842693,1,1
220068104,20.120132,20.120132,20.303888,16.530863,17.303185,1,1
221068101,18.096233,18.096233,18.261673,15.038378,15.741052,1,1
222068101,17.352839,17.352839,17.511814,14.826166,15.519289,1,1
223068102,17.074028,17.074028,17.228558,15.060615,15.763022,1,1
227068101,19.506384,19.506384,19.667381,17.25323,18.047108,1,1
228068101,18.979948,18.979948,19.134066,17.30766,18.101505,1,1
229068101,18.930876,18.930876,19.082172,17.435055,18.232565,1,1
230068101,18.672718,18.672718,18.820421,16.89409,17.665186,1,1
231068101,17.27534,17.27534,17.410728,15.84213,16.564512,1,1
232068108,16.352577,16.352577,16.48203,15.196045,15.888068,1,1
233068101,16.561924,16.561924,16.689293,15.921691,16.644955,1,1
234068101,18.395996,18.395996,18.52987,17.392029,18.178083,1,1
235068102,19.969112,19.969112,20.113626,18.51275,19.345392,1,1
236068101,20.481535,20.481535,20.625902,19.08293,19.936779,1,1
237068101,20.26954,20.26954,20.404884,19.316402,20.177378,1,1
238068101,20.09975,20.09975,20.232424,19.547657,20.416204,1,1
239068101,20.36985,20.36985,20.500013,19.49376,20.35744,1,1
240068101,19.149828,19.149828,19.270012,18.538633,19.358376,1,1
241068101,17.468933,17.468933,17.578379,17.033901,17.786541,1,1
242068102,16.074175,16.074175,16.176933,16.08984,16.800396,1,1
243068101,16.391617,16.391617,16.493542,16.647083,17.38054,1,1
244068100,18.36163,18.36163,18.470036,18.364956,19.169989,1,1
245068101,20.340029,20.340029,20.458143,19.885881,20.753004,1,1
246068101,22.305634,22.305634,22.4268,21.766502,22.712872,1,1
247068101,25.8979,25.8979,26.043585,24.457201,25.52174,1,1
248068101,27.777096,27.777096,27.934233,25.532894,26.64799,1,1
249068100,27.834976,27.834976,28.004566,25.54892,26.672024,1,1
250068121,27.203043,27.203043,27.370443,24.54997,25.63743,1,1
251068101,25.29563,25.29563,25.4648,22.944345,23.968685,1,1
252068144,24.328669,24.328669,24.499485,21.384068,22.347363,1,1
253068101,23.256634,23.256634,23.424963,20.149136,21.063242,1,1
254068101,21.944283,21.944283,22.104418,19.252546,20.128574,1,1
255068100,21.533041,21.533041,21.690575,18.602682,19.454042,1,1
256068123,21.142118,21.142118,21.301409,18.188482,19.022552,1,1
257068101,19.91043,19.91043,20.061438,16.715212,17.481441,1,1
258068101,19.77864,19.77864,19.92761,15.976827,16.708447,1,1
259068101,19.279242,19.279242,19.425303,15.7535715,16.474014,1,1
260068101,19.00383,19.00383,19.140268,15.722498,16.439878,1,1
261068101,19.773474,19.773474,19.91759,16.232664,16.970444,1,1
262068101,20.682022,20.682022,20.830038,16.630495,17.38358,1,1
263068101,21.068552,21.068552,21.213356,16.864702,17.625875,1,1
264068322,21.383291,21.383291,21.523935,16.99388,17.758398,1,1
265068101,20.555017,20.555017,20.694424,16.032953,16.753208,1,1
266068102,18.172514,18.172514,18.29346,13.908114,14.532897,1,1
267068101,15.823493,15.823493,15.929189,11.987884,12.526759,1,1
268068109,14.803655,14.803655,14.901368,11.744195,12.271995,1,1
269068101,17.43211,17.43211,17.541634,13.973638,14.598476,1,1
270068101,19.411728,19.411728,19.52776,16.154163,16.871246,1,1
271068102,22.795732,22.795732,22.922861,17.838928,18.626863,1,1
272068101,22.784515,22.784515,22.909565,18.274021,19.076635,1,1
273068101,22.574747,22.574747,22.696768,18.213583,19.010023,1,1
274068101,22.865208,22.865208,22.98492,17.957193,18.740171,1,1
275068101,22.78643,22.78643,22.903013,17.55053,18.314407,1,1
276068187,20.238363,20.238363,20.341436,15.478303,16.151354,1,1
277068101,17.07154,17.07154,17.159277,12.517585,13.063078,1,1
278068100,13.786727,13.786727,13.856192,10.292615,10.741818,1,1
279068101,14.290885,14.290885,14.3654,11.632794,12.139268,1,1
280068124,17.913107,17.913107,17.997618,14.778251,15.416933,1,1
281068101,21.508572,21.508572,21.604128,17.115791,17.849226,1,1
282068101,24.007994,24.007994,24.104376,18.61674,19.409697,1,1
283068101,25.838758,25.838758,25.941109,19.466766,20.29449,1,1
284068103,25.662434,25.662434,25.762402,19.454027,20.279846,1,1
285068117,26.454624,26.454624,26.561157,19.652878,20.490444,1,1
286068122,25.50478,25.50478,25.614185,19.429373,20.260088,1,1
287068121,24.899036,24.899036,25.006655,19.409466,20.2422,1,1
288068114,26.477274,26.477274,26.59872,19.63715,20.484291,1,1
290068102,26.299154,26.299154,26.432938,20.986609,21.903357,1,1
291068138,26.499287,26.499287,26.63957,22.216099,23.190702,1,1
292068125,26.913513,26.913513,27.063782,23.58623,24.62604,1,1
293068133,28.639076,28.639076,28.803694,24.951147,26.05854,1,1
294068128,29.26622,29.26622,29.43238,25.779995,26.926752,1,1
295068101,29.341469,29.341469,29.514462,25.907991,27.063564,1,1
297068133,21.7011,21.7011,21.835545,19.185184,20.047342,1,1
298068102,18.12555,18.12555,18.240091,16.939686,17.704218,1,1
299068131,17.541536,17.541536,17.654673,15.921066,16.64073,1,1
300068143,17.49885,17.49885,17.610865,16.348417,17.08637,1,1
301068101,18.309402,18.309402,18.421677,17.030436,17.797466,1,1
302068101,18.584326,18.584326,18.696043,17.857,18.6594,1,1
303068101,19.593674,19.593674,19.70997,18.091854,18.903486,1,1
304068121,18.884584,18.884584,18.994995,17.93862,18.742271,1,1
305068101,19.801315,19.801315,19.918682,18.784924,19.627357,1,1
306068165,20.255465,20.255465,20.379868,18.981646,19.834457,1,1
307068101,20.63246,20.63246,20.758919,18.946466,19.799622,1,1
308068102,19.987886,19.987886,20.112417,18.646246,19.487795,1,1
309068101,20.063278,20.063278,20.189676,18.586178,19.426546,1,1
310068101,20.02287,20.02287,20.15133,18.94179,19.799911,1,1
311068121,21.171461,21.171461,21.3074,19.463152,20.346144,1,1
312068101,21.534594,21.534594,21.675177,19.447573,20.331606,1,1
313068101,21.16724,21.16724,21.303175,19.26916,20.146767,1,1
314068101,20.730728,20.730728,20.871935,19.29474,20.1751,1,1
315068100,21.13124,21.13124,21.274683,19.38889,20.276062,1,1
316068101,21.172483,21.172483,21.313951,18.977877,19.848852,1,1
317068122,21.701998,21.701998,21.851702,18.461142,19.310492,1,1
318068101,22.047346,22.047346,22.20207,17.968428,18.79784,1,1
319068101,22.05709,22.05709,22.213556,17.772554,18.595095,1,1
320068101,21.758154,21.758154,21.915339,17.72826,18.548704,1,1
321068101,23.005276,23.005276,23.168327,17.998924,18.83164,1,1
322068101,23.252283,23.252283,23.414846,17.975763,18.805393,1,1
323068123,22.040396,22.040396,22.192705,17.112568,17.901585,1,1
324068101,20.9256,20.9256,21.067574,16.447916,17.204256,1,1
325068101,20.851307,20.851307,20.991749,16.39755,17.1509,1,1
326068101,20.792257,20.792257,20.93347,16.355463,17.105448,1,1
327068101,20.947016,20.947016,21.08422,16.387247,17.137634,1,1
328068100,20.46064,20.46064,20.591595,16.088388,16.823248,1,1
329068124,19.951977,19.951977,20.078674,16.049582,16.780666,1,1
330068101,20.330282,20.330282,20.45678,16.086325,16.817097,1,1
331068135,20.515799,20.515799,20.640823,16.156582,16.888304,1,1
332068101,20.330927,20.330927,20.448252,16.309877,17.046051,1,1
337068102,16.65308,16.65308,16.745821,13.499588,14.104234,1,1
338068102,19.350378,19.350378,19.453146,15.562556,16.254896,1,1
339068102,21.62808,21.62808,21.736933,16.872675,17.619041,1,1
340068101,22.344564,22.344564,22.448229,17.56839,18.341215,1,1
341068101,22.436445,22.436445,22.53635,17.697948,18.473663,1,1
342068105,22.496174,22.496174,22.595034,17.292051,18.048693,1,1
343068144,20.270567,20.270567,20.358685,15.261875,15.929388,1,1
344068100,16.392773,16.392773,16.465385,12.424263,12.96862,1,1
345068103,14.276275,14.276275,14.340713,10.901703,11.380103,1,1
346068101,15.650666,15.650666,15.718569,12.515973,13.063516,1,1
347068107,18.881954,18.881954,18.961378,15.187772,15.848006,1,1
348068112,22.543451,22.543451,22.630888,17.642937,18.405598,1,1
349068101,25.910866,25.910866,26.008667,19.71226,20.562685,1,1
350068101,26.825794,26.825794,26.92654,20.760246,21.65509,1,1
351068102,27.561968,27.561968,27.664602,21.347086,22.267416,1,1
352068101,27.29153,27.29153,27.389904,21.744263,22.68216,1,1
353068123,28.418653,28.418653,28.528688,22.050829,23.00496,1,1
354068101,27.56611,27.56611,27.672808,22.13879,23.096272,1,1
355068101,27.634825,27.634825,27.748571,22.019722,22.974752,1,1
356068102,28.486446,28.486446,28.598831,22.093384,23.054401,1,1
357068101,27.173832,27.173832,27.287699,21.559729,22.50012,1,1
358068101,26.722383,26.722383,26.84258,21.146059,22.074759,1,1
359068109,26.413092,26.413092,26.533113,20.352764,21.25188,1,1
360068101,25.326878,25.326878,25.449074,19.601276,20.47239,1,1
361068101,24.381548,24.381548,24.509594,19.5919,20.46573,1,1
362068101,24.242367,24.242367,24.369307,20.102798,21.002558,1,1
363068101,24.352467,24.352467,24.480656,20.84104,21.777073,1,1
364068101,24.32611,24.32611,24.456097,21.580276,22.55195,1,1
365068102,24.432663,24.432663,24.566809,21.808992,22.793957,1,1
366068101,24.006355,24.006355,24.142218,21.868624,22.859676,1,1
367068226,23.593382,23.593382,23.728455,21.551819,22.531527,1,1
368068102,22.037931,22.037931,22.164782,20.517282,21.450125,1,1
369068101,20.844213,20.844213,20.964344,19.582237,20.473019,1,1
370068101,20.188772,20.188772,20.304457,19.365808,20.246319,1,1
371068125,20.431135,20.431135,20.54621,19.515957,20.401438,1,1
372068101,20.44569,20.44569,20.555197,19.477312,20.358519,1,1
373068100,20.078054,20.078054,20.18546,19.622927,20.508102,1,1
374068101,20.298208,20.298208,20.403908,19.79332,20.683136,1,1
375068101,20.690193,20.690193,20.795244,19.957237,20.851889,1,1
376068101,20.944601,20.944601,21.050081,19.644453,20.523094,1,1
377068123,18.871317,18.871317,18.960781,17.964325,18.767563,1,1
378068101,16.456625,16.456625,16.538374,16.071741,16.790705,1,1
379068165,15.146185,15.146185,15.219683,15.207066,15.887525,1,1
380068102,16.480581,16.480581,16.558167,16.572254,17.311272,1,1
381068101,19.161177,19.161177,19.249123,18.703575,19.532751,1,1
382068100,21.445261,21.445261,21.533913,20.186451,21.075684,1,1
383068105,21.405071,21.405071,21.489033,20.957693,21.875702,1,1
384068101,22.419907,22.419907,22.505941,20.932314,21.846802,1,1
385068101,19.971798,19.971798,20.047167,19.110739,19.944403,1,1
386068101,16.932741,16.932741,16.999449,16.522253,17.243887,1,1
387068101,14.651973,14.651973,14.7059355,14.91192,15.563257,1,1
388068101,15.3891,15.3891,15.445539,16.091766,16.793074,1,1
389068101,19.57572,19.57572,19.643583,19.199265,20.031494,1,1
390068101,24.647537,24.647537,24.729805,23.190504,24.193193,1,1
391068306,27.004679,27.004679,27.09521,25.161839,26.250278,1,1
395068120,27.871267,27.871267,27.999237,24.904602,26.013273,1,1
396068101,27.708113,27.708113,27.840256,24.062319,25.141787,1,1
397068101,27.207176,27.207176,27.34137,23.053698,24.094303,1,1
398068101,26.172234,26.172234,26.308907,21.842466,22.834398,1,1
399068101,24.997131,24.997131,25.132553,20.486845,21.42153,1,1
400068101,24.048449,24.048449,24.185848,18.690218,19.547066,1,1
401068122,22.87384,22.87384,23.004568,16.987907,17.770035,1,1
402068100,21.795794,21.795794,21.92798,16.075657,16.818636,1,1
403068124,18.61102,18.61102,18.722605,14.739867,15.4224,1,1
404068100,17.585875,17.585875,17.689974,14.248091,14.90732,1,1
405068101,18.457489,18.457489,18.564787,14.97092,15.661109,1,1
406068113,19.9886,19.9886,20.103628,15.888021,16.61761,1,1
407068106,20.711477,20.711477,20.822464,16.355242,17.102982,1,1
408068111,20.682827,20.682827,20.792467,16.166336,16.903364,1,1
409068132,19.139654,19.139654,19.242298,14.637986,15.304451,1,1
410068101,16.855755,16.855755,16.943975,12.595631,13.169529,1,1
411068101,15.122611,15.122611,15.203703,11.686377,12.218127,1,1
412068133,16.743713,16.743713,16.828402,13.38756,13.994776,1,1
413068101,19.12781,19.12781,19.219568,15.464172,16.161703,1,1
414068139,20.789377,20.789377,20.88636,16.692694,17.440565,1,1
415068128,21.47661,21.47661,21.568403,17.300024,18.07105,1,1
416068101,21.880405,21.880405,21.96801,17.450193,18.224628,1,1
417068100,21.890917,21.890917,21.974943,17.3385,18.1058,1,1
418068129,21.1691,21.1691,21.24987,16.040508,16.749199,1,1
419068114,17.899754,17.899754,17.971182,13.485465,14.0814085,1,1
420068148,15.239188,15.239188,15.298077,11.296548,11.796252,1,1
421068139,14.630893,14.630893,14.688394,11.441356,11.947009,1,1
422068101,17.28596,17.28596,17.34915,14.094787,14.713817,1,1
423068101,20.751616,20.751616,20.821003,16.330332,17.042347,1,1
424068100,22.45709,22.45709,22.523134,17.301065,18.049929,1,1
425068121,23.170488,23.170488,23.238007,17.595627,18.354027,1,1
426068122,23.071516,23.071516,23.1312,17.503317,18.254929,1,1
427068160,22.942806,22.942806,23.003365,16.952589,17.679361,1,1
428068101,19.429737,19.429737,19.477657,14.533589,15.156064,1,1
429068101,15.987127,15.987127,16.029943,11.506623,12.000407,1,1
430068101,14.007321,14.007321,14.040817,10.286671,10.728181,1,1
431068101,15.521549,15.521549,15.560518,12.413388,12.944105,1,1
432068122,18.735867,18.735867,18.771255,15.065359,15.703836,1,1
433068100,24.170938,24.170938,24.218845,18.76035,19.553154,1,1
434068101,27.927816,27.927816,27.982447,20.918482,21.803179,1,1
435068101,28.373125,28.373125,28.436165,21.304785,22.21111,1,1
436068101,27.31773,27.31773,27.384827,21.256197,22.166197,1,1
437068101,27.537525,27.537525,27.611423,21.551483,22.480745,1,1
438068121,27.05486,27.05486,27.136656,22.157862,23.121552,1,1
439068102,26.116879,26.116879,26.206305,22.6658,23.658966,1,1
440068101,26.424883,26.424883,26.52107,22.777674,23.784014,1,1
441068101,26.033056,26.033056,26.139858,23.028168,24.05262,1,1
442068101,25.958961,25.958961,26.065136,23.30183,24.3461,1,1
443068101,25.713343,25.713343,25.83619,23.50628,24.566856,1,1
446068139,21.763195,21.763195,21.865522,20.434902,21.358557,1,1
447068101,21.904158,21.904158,22.005257,20.58427,21.51272,1,1
448068101,22.259626,22.259626,22.357014,20.857979,21.796394,1,1
449068101,22.224085,22.224085,22.319607,20.885942,21.822481,1,1
450068125,22.396162,22.396162,22.490345,21.030697,21.970844,1,1
451068101,22.363035,22.363035,22.454508,21.115704,22.05673,1,1
452068101,22.28544,22.28544,22.37079,21.119917,22.057993,1,1
453068101,22.191294,22.191294,22.276564,20.587276,21.49956,1,1
454068113,19.602243,19.602243,19.675201,18.495546,19.315115,1,1
455068101,16.31344,16.31344,16.374664,15.948735,16.656652,1,1
456068122,14.710719,14.710719,14.767936,14.959939,15.624176,1,1
457068100,16.487162,16.487162,16.547625,16.752901,17.493961,1,1
458068122,20.388859,20.388859,20.45792,19.936357,20.8139,1,1
459068100,25.439474,25.439474,25.53039,23.555174,24.589989,1,1
460068101,27.80028,27.80028,27.896126,25.152697,26.259047,1,1
461068101,27.737034,27.737034,27.835949,25.519361,26.648853,1,1
462068123,27.48074,27.48074,27.588663,25.41101,26.542278,1,1
463068102,28.121752,28.121752,28.243416,25.504827,26.650438,1,1
464068104,27.476376,27.476376,27.60023,25.224953,26.363878,1,1
465068102,27.889786,27.889786,28.02356,25.203577,26.350788,1,1
466068101,28.42393,28.42393,28.573019,25.063574,26.21327,1,1
467068101,27.42623,27.42623,27.57602,24.362045,25.487202,1,1
468068101,26.890018,26.890018,27.04938,23.123371,24.201412,1,1
469068101,24.8717,24.8717,25.025867,21.634893,22.651487,1,1
470068101,22.258709,22.258709,22.406517,19.923588,20.867714,1,1
471068101,19.009874,19.009874,19.141516,17.375963,18.20428,1,1
472068101,15.065213,15.065213,15.173938,14.8306055,15.54044,1,1
473068101,15.070069,15.070069,15.176745,15.138628,15.8626585,1,1
474068107,18.023184,18.023184,18.149008,16.474104,17.258768,1,1
475068101,20.675737,20.675737,20.811575,17.338879,18.159224,1,1
476068101,21.522772,21.522772,21.656076,17.667934,18.500154,1,1
477068101,21.476376,21.476376,21.609325,17.452562,18.272072,1,1
478068101,20.332262,20.332262,20.452864,16.66272,17.443249,1,1
479068101,19.96657,19.96657,20.08348,16.295881,17.05809,1,1
480068101,19.71283,19.71283,19.828672,16.160164,16.91432,1,1
481068101,19.821526,19.821526,19.934013,16.077456,16.825972,1,1
482068101,18.858234,18.858234,18.963337,15.092377,15.793281,1,1
483068101,17.010836,17.010836,17.104937,13.614712,14.246656,1,1
484068101,16.126627,16.126627,16.215126,12.784468,13.376955,1,1
485068100,16.41046,16.41046,16.498154,13.688049,14.32079,1,1
486068101,18.98867,18.98867,19.085411,15.388679,16.09639,1,1
487068101,20.62816,20.62816,20.728413,16.562841,17.320463,1,1
488068122,21.330873,21.330873,21.43026,17.174587,17.956373,1,1
489068101,21.678879,21.678879,21.776585,17.21721,17.998041,1,1
490068101,21.479824,21.479824,21.572876,17.050966,17.821522,1,1
491068101,21.156397,21.156397,21.246103,16.387714,17.127075,1,1
492068122,18.697042,18.697042,18.774818,14.526617,15.181285,1,1
493068100,15.9868355,15.9868355,16.054787,12.450968,13.012714,1,1
494068240,15.285328,15.285328,15.349715,11.977147,12.517194,1,1
495068101,17.075935,17.075935,17.14492,13.841165,14.463127,1,1
498068133,22.657562,22.657562,22.732197,17.90276,18.692951,1,1
499068101,22.969042,22.969042,23.039871,17.919842,18.707462,1,1
500068101,23.267538,23.267538,23.337385,17.658709,18.433228,1,1
501068101,21.106482,21.106482,21.168549,15.800757,16.493158,1,1
502068101,17.404085,17.404085,17.456652,12.753589,13.313405,1,1
503068101,14.2195425,14.2195425,14.264759,10.278127,10.729993,1,1
504068122,13.779788,13.779788,13.822599,10.914098,11.39349,1,1
505068100,17.48499,17.48499,17.536247,14.039479,14.652134,1,1
506068307,22.790113,22.790113,22.850733,17.888432,18.665827,1,1
507068101,27.598745,27.598745,27.670666,21.035625,21.949356,1,1
508068101,28.955822,28.955822,29.032887,22.36394,23.336597,1,1
509068101,28.497698,28.497698,28.581724,22.537256,23.523869,1,1
510068124,27.49474,27.49474,27.58171,22.40997,23.398052,1,1
511068101,26.82834,26.82834,26.924536,22.205536,23.19381,1,1
512068101,26.10843,26.10843,26.211048,22.091547,23.082272,1,1
513068101,25.496016,25.496016,25.605555,21.931309,22.922525,1,1
514068101,24.85487,24.85487,24.966957,21.849527,22.843098,1,1
515068101,24.79244,24.79244,24.9141,21.887943,22.892004,1,1
516068101,24.619713,24.619713,24.748837,22.067776,23.086298,1,1
517068101,23.814962,23.814962,23.94043,21.406046,22.397577,1,1
518068187,22.018465,22.018465,22.135618,20.23215,21.170662,1,1
519068101,20.794174,20.794174,20.905216,19.526405,20.43303,1,1
520068101,21.022188,21.022188,21.134161,19.648188,20.55951,1,1
521068101,20.710829,20.710829,20.81968,19.30487,20.19945,1,1
522068124,19.825583,19.825583,19.928432,19.221489,20.111286,1,1
523068101,20.181202,20.181202,20.284079,19.40514,20.300945,1,1
524068101,20.29074,20.29074,20.394005,19.634033,20.537775,1,1
525068100,21.11672,21.11672,21.22121,19.939135,20.853382,1,1
526068101,21.086344,21.086344,21.188076,19.99089,20.90474,1,1
527068110,20.854351,20.854351,20.951578,19.894558,20.800884,1,1
528068101,20.627155,20.627155,20.721949,19.793133,20.691868,1,1
529068104,20.39368,20.39368,20.48274,19.869087,20.768412,1,1
530068107,20.811035,20.811035,20.894905,20.048838,20.952776,1,1
531068102,20.934576,20.934576,21.019426,20.103777,21.006767,1,1
532068101,20.961798,20.961798,21.043888,20.147596,21.049713,1,1
533068130,21.124928,21.124928,21.205105,20.242847,21.146662,1,1
534068110,21.93836,21.93836,22.02113,20.465193,21.376892,1,1
535068124,24.50977,24.50977,24.604362,22.426704,23.428799,1,1
536068115,26.59561,26.59561,26.701445,23.832138,24.898954,1,1
537068102,27.731937,27.731937,27.84611,24.779648,25.892973,1,1
538068101,28.334263,28.334263,28.456915,25.293438,26.43542,1,1
539068148,27.902582,27.902582,28.029821,25.509039,26.667463,1,1
540068101,28.87661,28.87661,29.019798,25.60782,26.77908,1,1
541068163,27.788368,27.788368,27.932306,25.212812,26.374231,1,1
542068135,27.486197,27.486197,27.638355,24.622887,25.766092,1,1
543068101,27.07093,27.07093,27.228197,23.97589,25.095173,1,1
544068101,26.390503,26.390503,26.551264,22.720024,23.78896,1,1
545068101,24.664976,24.664976,24.823923,21.195942,22.20022,1,1
546068115,24.686666,24.686666,24.856861,20.696274,21.685642,1,1
550068101,23.929628,23.929628,24.114986,20.959848,21.981857,1,1
551068101,22.207808,22.207808,22.382362,20.081432,21.061512,1,1
552068102,19.918768,19.918768,20.076284,18.61746,19.527327,1,1
553068100,19.885937,19.885937,20.043217,18.436895,19.337364,1,1
554068101,19.506102,19.506102,19.65831,18.445612,19.344326,1,1
555068101,20.16377,20.16377,20.318373,18.746124,19.656921,1,1
556068101,20.476313,20.476313,20.629852,18.99762,19.917519,1,1
557068103,21.90862,21.90862,22.070175,19.459232,20.39884,1,1
558068101,22.790287,22.790287,22.955614,19.752592,20.70307,1,1
559068123,24.152315,24.152315,24.322956,19.804314,20.755201,1,1
560068102,22.787363,22.787363,22.944372,19.430332,20.359648,1,1
561068113,22.660374,22.660374,22.81894,18.768648,19.665056,1,1
562068101,19.535719,19.535719,19.671152,16.652943,17.447523,1,1
563068101,16.225418,16.225418,16.336903,13.993278,14.66193,1,1
564068128,14.579486,14.579486,14.679341,12.8549595,13.4694195,1,1
565068132,15.78178,15.78178,15.891983,14.425479,15.112791,1,1
566068101,19.529892,19.529892,19.658615,16.777016,17.571686,1,1
567068101,22.045109,22.045109,22.18395,18.334719,19.197783,1,1
568068101,23.496437,23.496437,23.63931,19.024286,19.915613,1,1
569068102,23.548843,23.548843,23.687094,19.090708,19.981041,1,1
570068101,23.297495,23.297495,23.42851,19.02476,19.908491,1,1
571068123,23.704103,23.704103,23.835766,18.819857,19.691261,1,1
572068101,23.269587,23.269587,23.39569,18.554523,19.411158,1,1
573068101,22.753508,22.753508,22.87525,17.451445,18.256119,1,1
574068101,19.338509,19.338509,19.442352,14.794268,15.476858,1,1
575068102,15.516853,15.516853,15.60372,11.8433,12.390938,1,1
576068101,14.0317545,14.0317545,14.107707,10.792818,11.292076,1,1
577068123,16.246218,16.246218,16.333015,13.212085,13.820739,1,1
578068101,19.872667,19.872667,19.971083,15.994038,16.72565,1,1
579068139,22.582674,22.582674,22.690693,17.807096,18.615631,1,1
580068101,23.929695,23.929695,24.03378,18.683552,19.526587,1,1
581068102,24.218151,24.218151,24.318392,18.942818,19.793476,1,1
582068101,24.260725,24.260725,24.363222,18.799952,19.641542,1,1
583068102,22.791847,22.791847,22.886583,16.943214,17.70082,1,1
584068101,18.162601,18.162601,18.239021,13.563125,14.171033,1,1
585068101,14.243692,14.243692,14.306119,10.512893,10.98554,1,1
586068101,13.400939,13.400939,13.45653,10.556445,11.030807,1,1
587068103,16.924656,16.924656,16.992973,13.838758,14.456697,1,1
588068101,21.278976,21.278976,21.356657,16.78022,17.524244,1,1
589068125,27.089561,27.089561,27.18493,20.682657,21.597673,1,1
590068103,29.194191,29.194191,29.296896,22.309555,23.296005,1,1
591068101,30.173582,30.173582,30.294746,23.108612,24.136183,1,1
592068101,29.844383,29.844383,29.969362,23.275507,24.316694,1,1
593068100,28.883627,28.883627,29.010715,22.815195,23.841867,1,1
594068101,27.562168,27.562168,27.688606,22.187244,23.194956,1,1
595068102,26.236732,26.236732,26.372248,21.654442,22.646486,1,1
596068101,24.509548,24.509548,24.646032,21.296198,22.280119,1,1
597068101,23.78662,23.78662,23.92419,21.63305,22.63757,1,1
598068101,23.911263,23.911263,24.051607,21.848919,22.86731,1,1
599068102,21.149744,21.149744,21.275032,19.138433,20.031965,1,1
600068101,18.217607,18.217607,18.326994,16.87267,17.661873,1,1
601068108,17.939566,17.939566,18.046738,16.89346,17.683002,1,1
602068101,18.735369,18.735369,18.847359,17.976442,18.813387,1,1
603068101,19.854794,19.854794,19.968843,19.225523,20.116169,1,1
604068103,21.249744,21.249744,21.367428,19.982533,20.904163,1,1
605068102,21.63132,21.63132,21.748386,20.278206,21.210056,1,1
606068101,21.8796,21.8796,21.990034,20.031815,20.950497,1,1
607068124,20.13287,20.13287,20.239153,18.468044,19.31465,1,1
608068101,17.121035,17.121035,17.211773,16.162369,16.903282,1,1
609068108,14.781036,14.781036,14.859024,14.682744,15.356277,1,1
610068101,15.2962265,15.2962265,15.374898,15.664823,16.381636,1,1
611068101,18.608294,18.608294,18.699572,18.084436,18.906935,1,1
612068101,20.950186,20.950186,21.049477,20.1361,21.045277,1,1
613068121,21.833504,21.833504,21.927855,21.210897,22.162352,1,1
614068101,22.311794,22.311794,22.399809,21.648108,22.615126,1,1
615068102,21.980335,21.980335,22.06812,21.033087,21.96978,1,1
616068101,18.96498,18.96498,19.040302,18.875612,19.715717,1,1
617068101,16.522549,16.522549,16.58841,16.590248,17.329039,1,1
618068100,15.318576,15.318576,15.379271,15.594835,16.288961,1,1
619068123,16.828035,16.828035,16.892294,17.131046,17.890526,1,1
620068101,19.548002,19.548002,19.618149,19.811426,20.685125,1,1
621068150,25.399822,25.399822,25.489882,24.397997,25.471506,1,1
622068101,28.528152,28.528152,28.630167,26.37057,27.532454,1,1
627068101,27.47779,27.47779,27.609951,24.606129,25.726297,1,1
628068101,26.18038,26.18038,26.318167,23.263884,24.33313,1,1
629068101,24.35843,24.35843,24.492317,21.815756,22.824385,1,1
630068101,22.13127,22.13127,22.26139,20.13089,21.07001,1,1
631068101,20.48069,20.48069,20.608183,18.408403,19.272709,1,1
632068101,19.751795,19.751795,19.87884,17.37298,18.19391,1,1
633068102,19.486334,19.486334,19.612234,16.862335,17.662249,1,1
634068101,20.468952,20.468952,20.606441,16.439062,17.2215,1,1
635068101,17.818819,17.818819,17.939081,14.905568,15.61546,1,1
636068100,17.125366,17.125366,17.239855,14.33066,15.012562,1,1
637068123,18.11593,18.11593,18.234879,15.141946,15.860341,1,1
638068101,19.103968,19.103968,19.225029,16.188644,16.953089,1,1
639068101,21.401442,21.401442,21.536097,16.860052,17.65292,1,1
640068101,20.928997,20.928997,21.054045,16.809786,17.597174,1,1
641068102,20.341673,20.341673,20.463493,16.61483,17.39137,1,1
642068137,19.675812,19.675812,19.789606,16.428078,17.193375,1,1
643068119,19.86081,19.86081,19.97432,16.528637,17.296152,1,1
644068100,19.793348,19.793348,19.896935,16.970682,17.755625,1,1
645068113,20.735294,20.735294,20.84293,17.680046,18.494028,1,1
646068101,22.64736,22.64736,22.760412,18.198814,19.033148,1,1
647068100,23.267546,23.267546,23.378117,18.719917,19.57365,1,1
648068106,24.018166,24.018166,24.126972,19.431702,20.313534,1,1
649068124,24.447025,24.447025,24.55575,19.360184,20.234823,1,1
650068102,23.994919,23.994919,24.09721,18.449455,19.281603,1,1
651068102,21.303703,21.303703,21.402199,15.707275,16.416584,1,1
652068102,16.039507,16.039507,16.112865,11.889668,12.427832,1,1
653068101,12.69711,12.69711,12.755859,9.628333,10.06493,1,1
654068126,14.084355,14.084355,14.147906,11.524668,12.045645,1,1
655068101,18.13399,18.13399,18.21055,14.868173,15.535721,1,1
656068120,21.496878,21.496878,21.579235,17.192156,17.956985,1,1
657068120,23.550613,23.550613,23.636232,18.239214,19.045143,1,1
658068101,23.817173,23.817173,23.895433,18.44167,19.252258,1,1
659068101,23.159275,23.159275,23.236956,17.480608,18.24804,1,1
660068144,19.983221,19.983221,20.049028,14.631058,15.2737055,1,1
661068107,15.573186,15.573186,15.628808,11.279541,11.776763,1,1
662068141,13.776161,13.776161,13.822948,10.001373,10.44261,1,1
663068134,16.225832,16.225832,16.279617,12.558949,13.111337,1,1
664068101,22.701155,22.701155,22.768282,17.289013,18.04748,1,1
665068101,26.359802,26.359802,26.440014,20.017653,20.894392,1,1
666068101,27.5698,27.5698,27.65502,21.123363,22.050121,1,1
667068112,27.95494,27.95494,28.05074,21.672573,22.629654,1,1
668068123,27.961351,27.961351,28.066381,21.843702,22.816408,1,1
669068149,27.13972,27.13972,27.250566,21.427862,22.390188,1,1
670068101,26.300306,26.300306,26.418598,21.06498,22.020992,1,1
671068111,24.989145,24.989145,25.11104,20.733625,21.681961,1,1
672068101,23.957045,23.957045,24.085857,20.213768,21.147306,1,1
673068102,22.887314,22.887314,23.01778,19.76255,20.681448,1,1
674068122,22.49146,22.49146,22.627619,19.60615,20.524813,1,1
675068101,22.327139,22.327139,22.464518,20.11132,21.058004,1,1
676068101,23.584534,23.584534,23.734907,21.49569,22.510447,1,1
677068101,23.007423,23.007423,23.1526,21.202168,22.201647,1,1
678068101,22.820671,22.820671,22.960867,21.086996,22.07776,1,1
679068101,22.983084,22.983084,23.120005,21.687836,22.701939,1,1
680068102,24.703148,24.703148,24.84511,22.97666,24.043793,1,1
681068102,26.172882,26.172882,26.311144,23.946047,25.05038,1,1
682068101,26.10335,26.10335,26.239521,23.864853,24.960445,1,1
683068101,24.64067,24.64067,24.76548,21.848495,22.850927,1,1
684068101,19.692698,19.692698,19.79698,17.513802,18.31929,1,1
685068101,14.026447,14.026447,14.100711,13.321281,13.936821,1,1
686068122,11.622555,11.622555,11.687214,12.103711,12.66397,1,1
687068101,14.956039,14.956039,15.033447,15.273417,15.976043,1,1
688068127,19.422663,19.422663,19.51803,19.227982,20.104559,1,1
689068105,22.813349,22.813349,22.91276,21.933605,22.923998,1,1
690068101,24.286177,24.286177,24.387203,23.121857,24.158268,1,1
691068101,24.221504,24.221504,24.312628,23.070076,24.099443,1,1
692068102,22.727835,22.727835,22.818043,20.821455,21.750727,1,1
693068101,17.81099,17.81099,17.881079,17.020721,17.782476,1,1
694068101,13.84847,13.84847,13.905421,13.901321,14.525975,1,1
698068121,27.517288,27.517288,27.61686,25.242899,26.363848,1,1
699068101,28.344091,28.344091,28.45085,25.80805,26.95776,1,1
700068101,27.947908,27.947908,28.06776,24.975027,26.095865,1,1
701068101,26.199045,26.199045,26.314787,23.415491,24.475002,1,1
702068101,24.658035,24.658035,24.782671,21.928225,22.931038,1,1
703068101,23.604404,23.604404,23.724308,20.87558,21.837702,1,1
704068123,23.036448,23.036448,23.16572,19.924232,20.848446,1,1
705068101,22.879366,22.879366,23.011261,19.216843,20.113306,1,1
706068101,22.859013,22.859013,22.993473,18.970955,19.859924,1,1
707068101,23.99313,23.99313,24.135324,18.860062,19.74599,1,1
708068102,24.020435,24.020435,24.170673,18.935356,19.828484,1,1
709068101,23.540958,23.540958,23.694036,17.965332,18.818813,1,1
710068120,20.92043,20.92043,21.062532,17.041212,17.857145,1,1
711068100,22.580782,22.580782,22.73668,18.607859,19.50144,1,1
712068101,24.719732,24.719732,24.895525,20.306555,21.285992,1,1
713068101,25.888206,25.888206,26.07571,21.03394,22.04634,1,1
714068101,23.727068,23.727068,23.89432,19.719378,20.66766,1,1
715068101,22.825191,22.825191,22.984531,19.029928,19.943605,1,1
716068123,22.890184,22.890184,23.04644,18.91321,19.818087,1,1
717068102,23.91963,23.91963,24.081102,19.335743,20.25692,1,1
718068101,23.918081,23.918081,24.068003,19.29824,20.213848,1,1
719068100,23.625116,23.625116,23.774492,19.004435,19.903824,1,1
720068101,22.750748,22.750748,22.893621,17.37462,18.195848,1,1
721068100,17.874834,17.874834,17.986727,13.924874,14.583729,1,1
722068122,14.004235,14.004235,14.091305,10.886862,11.403023,1,1
723068100,13.185935,13.185935,13.26997,11.112907,11.639413,1,1
724068214,16.592386,16.592386,16.692556,14.590153,15.276704,1,1
725068101,21.3543,21.3543,21.477127,17.307743,18.11527,1,1
726068101,23.478882,23.478882,23.604374,18.796776,19.66795,1,1
727068101,24.360552,24.360552,24.487713,19.223677,20.109917,1,1
728068104,24.509502,24.509502,24.63279,18.9244,19.794659,1,1
729068101,21.533787,21.533787,21.640589,16.749409,17.517628,1,1
730068101,19.955727,19.955727,20.052505,16.196274,16.938766,1,1
731068101,22.466078,22.466078,22.570696,17.988312,18.809082,1,1
732068101,23.781174,23.781174,23.88433,18.777956,19.629265,1,1
733068101,23.778715,23.778715,23.880028,18.79048,19.638796,1,1
734068101,23.210722,23.210722,23.306328,17.427986,18.213943,1,1
735068100,19.025948,19.025948,19.105246,14.316333,14.96284,1,1
736068223,14.905557,14.905557,14.96953,11.192601,11.699477,1,1
737068101,13.663343,13.663343,13.722215,10.545326,11.0229025,1,1
738068101,16.69195,16.69195,16.760067,13.314358,13.914338,1,1
739068101,20.849615,20.849615,20.931887,16.327122,17.059666,1,1
740068106,26.371834,26.371834,26.472635,20.17748,21.081228,1,1
741068101,28.678322,28.678322,28.789724,22.37545,23.37853,1,1
742068101,29.087196,29.087196,29.203165,23.54503,24.602861,1,1
743068101,28.85468,28.85468,28.978968,23.763073,24.839006,1,1
744068101,27.859905,27.859905,27.983795,23.345371,24.410583,1,1
745068101,26.362719,26.362719,26.49238,22.602068,23.639479,1,1
746068101,24.823511,24.823511,24.956427,21.647009,22.65084,1,1
747068101,23.919939,23.919939,24.057415,20.763218,21.735163,1,1
748068302,23.227598,23.227598,23.367973,19.884733,20.821495,1,1
749068101,22.208399,22.208399,22.346733,19.415754,20.3365,1,1
750068100,22.89753,22.89753,23.05008,19.55879,20.495676,1,1
751068101,23.481768,23.481768,23.640259,20.00596,20.963982,1,1
752068123,21.996399,21.996399,22.14509,19.224724,20.145554,1,1
753068102,21.5928,21.5928,21.735954,19.440956,20.369814,1,1
754068101,22.248894,22.248894,22.394732,19.916656,20.866497,1,1
755068101,22.46957,22.46957,22.613607,20.36647,21.33477,1,1
756068100,22.84867,22.84867,22.993378,20.65799,21.638758,1,1
757068100,22.529879,22.529879,22.669405,20.839888,21.826258,1,1
758068120,22.813547,22.813547,22.952648,20.854815,21.84058,1,1
759068100,22.056852,22.056852,22.191067,20.03258,20.97793,1,1
760068318,20.984938,20.984938,21.111586,19.50952,20.429857,1,1
761068100,20.553715,20.553715,20.67765,19.116072,20.01751,1,1
762068102,20.167782,20.167782,20.28892,18.492434,19.364172,1,1
763068101,20.111368,20.111368,20.237434,18.35751,19.224354,1,1
764068101,18.946547,18.946547,19.063847,18.106102,18.961472,1,1
769068102,21.84809,21.84809,21.986948,19.45132,20.371784,1,1
770068100,21.132784,21.132784,21.26754,19.000658,19.900948,1,1
771068101,20.821026,20.821026,20.952223,18.661894,19.547695,1,1
772068130,21.066507,21.066507,21.205233,18.737856,19.628952,1,1
773068101,22.353497,22.353497,22.502533,19.007273,19.913143,1,1
774068101,23.437862,23.437862,23.597517,19.36809,20.293373,1,1
775068122,23.56009,23.56009,23.723183,19.170582,20.089344,1,1
776068107,23.018913,23.018913,23.184109,18.54909,19.441153,1,1
777068120,22.58503,22.58503,22.745768,18.255075,19.136631,1,1
778068141,21.933382,21.933382,22.096174,18.301006,19.188086,1,1
779068101,22.090134,22.090134,22.25616,18.76347,19.674734,1,1
780068101,22.643206,22.643206,22.814316,19.398203,20.34175,1,1
781068142,23.204771,23.204771,23.380999,19.896154,20.864763,1,1
782068123,23.352766,23.352766,23.5308,19.91252,20.881256,1,1
783068136,22.574335,22.574335,22.74686,18.883368,19.80084,1,1
784068126,21.47924,21.47924,21.643621,18.05578,18.933273,1,1
785068101,21.47565,21.47565,21.639019,17.656605,18.514357,1,1
786068101,21.938698,21.938698,22.100723,17.453375,18.300459,1,1
787068101,21.662556,21.662556,21.824347,17.429653,18.274166,1,1
788068122,20.99892,20.99892,21.1518,17.515862,18.362606,1,1
789068148,21.69925,21.69925,21.85801,17.711782,18.56692,1,1
790068161,21.527802,21.527802,21.682453,17.83485,18.693993,1,1
791068101,22.447947,22.447947,22.606524,17.884317,18.7439,1,1
792068101,21.718513,21.718513,21.870008,17.914865,18.773817,1,1
793068101,21.685207,21.685207,21.833862,18.047527,18.910858,1,1
794068101,22.491781,22.491781,22.64586,18.013668,18.87391,1,1
795068102,23.001568,23.001568,23.151321,17.855482,18.706512,1,1
796068152,22.130045,22.130045,22.275267,17.703737,18.545506,1,1
797068101,22.511656,22.511656,22.657501,17.692192,18.532219,1,1
798068102,22.089073,22.089073,22.229683,17.875786,18.722366,1,1
799068102,22.5503,22.5503,22.691628,17.787094,18.627827,1,1
800068100,22.05836,22.05836,22.193548,17.739466,18.576323,1,1
801068167,22.15058,22.15058,22.28522,17.845049,18.685072,1,1
802068101,22.410774,22.410774,22.548548,17.830719,18.668255,1,1
803068102,22.604122,22.604122,22.73683,17.856977,18.694296,1,1
804068101,22.934479,22.934479,23.067274,17.71565,18.544994,1,1
805068101,22.559286,22.559286,22.690392,17.66575,18.492577,1,1
806068100,23.351871,23.351871,23.49076,18.383858,19.245733,1,1
807068103,24.142527,24.142527,24.288212,19.129175,20.029068,1,1
808068101,24.636791,24.636791,24.789774,19.52832,20.450329,1,1
809068101,23.68828,23.68828,23.841358,19.116682,20.024256,1,1
810068101,22.398989,22.398989,22.55356,18.545372,19.431267,1,1
811068101,22.030659,22.030659,22.184214,18.188328,19.061598,1,1
815068101,23.6962,23.6962,23.873304,20.907335,21.920103,1,1
816068102,23.444485,23.444485,23.616951,20.644516,21.642633,1,1
817068101,22.743778,22.743778,22.909597,20.581842,21.575123,1,1
818068101,23.108149,23.108149,23.273258,20.825,21.828424,1,1
819068108,22.754457,22.754457,22.914677,20.915636,21.921513,1,1
820068101,22.711212,22.711212,22.866646,21.003557,22.011332,1,1
821068101,23.022987,23.022987,23.183062,20.94546,21.949602,1,1
822068102,22.047709,22.047709,22.19444,20.658451,21.64617,1,1
823068102,22.16199,22.16199,22.312008,20.578705,21.561499,1,1
824068101,22.09522,22.09522,22.241608,20.569128,21.550291,1,1
825068126,22.135986,22.135986,22.281399,20.33899,21.30716,1,1
826068101,22.086575,22.086575,22.23203,20.304033,21.269176,1,1
827068165,22.413834,22.413834,22.558647,20.54923,21.524677,1,1
828068103,22.026033,22.026033,22.167126,20.405945,21.373198,1,1
829068102,22.148191,22.148191,22.290161,20.46714,21.436892,1,1
830068101,22.978952,22.978952,23.12577,20.870634,21.858267,1,1
831068128,23.51213,23.51213,23.662474,21.247444,22.253046,1,1
832068101,24.59357,24.59357,24.752409,22.423443,23.486723,1,1
833068101,24.816645,24.816645,24.977707,22.957293,24.047123,1,1
834068101,25.295206,25.295206,25.462137,23.349703,24.46135,1,1
835068101,25.628853,25.628853,25.802544,23.142944,24.248678,1,1
836068101,25.395842,25.395842,25.573458,22.784567,23.877409,1,1
837068134,24.330788,24.330788,24.504105,21.920618,22.977076,1,1
838068101,23.818726,23.818726,23.993273,20.900839,21.912842,1,1
839068101,24.225891,24.225891,24.408525,20.126461,21.105103,1,1
840068101,23.220594,23.220594,23.397879,19.911058,20.88128,1,1
841068101,23.583015,23.583015,23.764465,20.251945,21.240295,1,1
842068100,23.710236,23.710236,23.893381,20.734228,21.746088,1,1
843068101,23.76225,23.76225,23.943163,20.489496,21.488878,1,1
844068101,23.006565,23.006565,23.180918,19.861662,20.829496,1,1
845068101,22.089727,22.089727,22.254795,19.169287,20.101477,1,1
846068101,23.285341,23.285341,23.464077,19.299786,20.238098,1,1
847068101,23.7528,23.7528,23.928568,19.573273,20.523712,1,1
848068100,23.404978,23.404978,23.581192,19.433233,20.376673,1,1
849068101,23.873516,23.873516,24.047943,19.25664,20.189987,1,1
850068100,23.962101,23.962101,24.136984,19.163958,20.09173,1,1
851068230,23.470076,23.470076,23.642874,19.478888,20.420343,1,1
852068101,23.914606,23.914606,24.08797,19.755825,20.70804,1,1
853068101,24.478458,24.478458,24.653273,19.751823,20.702387,1,1
854068101,24.243523,24.243523,24.41425,19.64668,20.58998,1,1
855068100,24.402287,24.402287,24.572697,19.565672,20.504122,1,1
856068101,24.231672,24.231672,24.39867,19.47971,20.412052,1,1
857068101,24.851809,24.851809,25.021635,19.646551,20.585386,1,1
858068101,25.740921,25.740921,25.911736,20.089031,21.045433,1,1
859068101,25.455915,25.455915,25.621986,20.057102,21.00961,1,1
860068100,25.436089,25.436089,25.601099,19.844635,20.78552,1,1
861068102,24.988596,24.988596,25.14819,19.657001,20.587877,1,1
862068101,24.7698,24.7698,24.926449,19.588497,20.515291,1,1
863068136,25.087551,25.087551,25.244526,20.03454,20.981098,1,1
864068101,26.229443,26.229443,26.389412,20.592339,21.561281,1,1
865068101,25.860247,25.860247,26.009968,20.459595,21.419788,1,1
866068101,25.55663,25.55663,25.707952,20.22824,21.176537,1,1
867068122,25.360268,25.360268,25.508814,20.021278,20.959045,1,1
868068101,25.007519,25.007519,25.151981,19.941639,20.873707,1,1
869068101,25.775066,25.775066,25.923014,20.196619,21.139277,1,1
870068100,26.15392,26.15392,26.300726,20.582895,21.54086,1,1
871068101,26.045359,26.045359,26.187778,20.63252,21.59049,1,1
872068105,27.887224,27.887224,28.038336,21.504742,22.505722,1,1
873068101,28.338781,28.338781,28.499977,22.171965,23.208754,1,1
874068101,28.271929,28.271929,28.43929,22.600557,23.663168,1,1
875068276,27.456848,27.456848,27.627476,22.805347,23.884424,1,1
880068119,25.018637,25.018637,25.20189,22.321697,23.40556,1,1
881068101,24.084515,24.084515,24.260025,21.61468,22.663933,1,1
882068101,24.041803,24.041803,24.216486,21.825333,22.883068,1,1
883068102,24.79926,24.79926,24.976458,22.514238,23.603699,1,1
884068100,25.385656,25.385656,25.565266,23.191355,24.311726,1,1
885068101,25.832928,25.832928,26.013443,23.609192,24.747768,1,1
886068100,25.996078,25.996078,26.175657,24.204918,25.369322,1,1
887068106,26.967684,26.967684,27.151789,24.69295,25.879301,1,1
888068101,27.122862,27.122862,27.306341,24.883516,26.077139,1,1
889068107,27.100393,27.100393,27.283005,24.901659,26.095251,1,1
890068101,26.992796,26.992796,27.17381,24.93982,26.134533,1,1
891068100,27.459328,27.459328,27.642769,25.395111,26.611465,1,1
892068101,28.279686,28.279686,28.460487,25.72919,26.95747,1,1
893068105,27.976044,27.976044,28.156218,25.711006,26.935244,1,1
894068102,27.517328,27.517328,27.691637,25.352629,26.557974,1,1
895068101,26.572914,26.572914,26.73917,24.792606,25.969435,1,1
896068116,26.370483,26.370483,26.53376,24.494932,25.655525,1,1
897068101,25.949142,25.949142,26.109697,24.355976,25.508728,1,1
898068113,25.957584,25.957584,26.115564,24.081427,25.219421,1,1
899068136,26.486399,26.486399,26.642612,23.592873,24.707539,1,1
900068101,25.549618,25.549618,25.705511,22.430107,23.490414,1,1
901068101,23.70153,23.70153,23.847088,20.6175,21.593632,1,1
902068138,21.867228,21.867228,22.00431,18.570673,19.451384,1,1
903068107,19.763355,19.763355,19.88792,16.815376,17.614399,1,1
904068133,19.114729,19.114729,19.233456,15.629402,16.372816,1,1
905068122,19.326803,19.326803,19.447311,15.255233,15.9809475,1,1
906068101,19.947363,19.947363,20.071947,15.36728,16.09868,1,1
907068102,20.021112,20.021112,20.144686,15.888671,16.643618,1,1
908068133,21.665504,21.665504,21.798237,16.923613,17.726995,1,1
909068102,22.71679,22.71679,22.854012,17.63434,18.470758,1,1
910068129,23.259232,23.259232,23.40011,18.011843,18.865496,1,1
911068156,23.248014,23.248014,23.388147,18.169754,19.030378,1,1
912068101,23.723015,23.723015,23.865032,18.632626,19.51431,1,1
913068101,24.506557,24.506557,24.651903,18.92258,19.81689,1,1
914068101,24.169567,24.169567,24.311676,18.927736,19.821028,1,1
915068143,23.9822,23.9822,24.125572,18.921722,19.814972,1,1
916068121,23.872498,23.872498,24.012789,19.041422,19.93981,1,1
917068161,24.360538,24.360538,24.502338,19.422676,20.33835,1,1
918068101,25.568596,25.568596,25.715654,20.031736,20.97458,1,1
919068101,25.784718,25.784718,25.9305,20.115742,21.060034,1,1
920068101,25.530554,25.530554,25.673592,20.094948,21.037252,1,1
921068101,25.389938,25.389938,25.530022,19.935791,20.869537,1,1
922068125,25.111828,25.111828,25.249655,19.801098,20.727442,1,1
923068101,24.916937,24.916937,25.052282,19.733217,20.654686,1,1
924068101,25.224037,25.224037,25.358946,20.17271,21.112787,1,1
925068101,25.854794,25.854794,25.989094,20.510288,21.46309,1,1
926068101,25.864754,25.864754,25.991928,20.441359,21.388393,1,1
927068101,25.667168,25.667168,25.798243,20.334578,21.275803,1,1
928068101,25.924377,25.924377,26.053753,20.401241,21.344793,1,1
929068101,26.440218,26.440218,26.569283,20.962057,21.928993,1,1
930068101,27.10092,27.10092,27.230406,21.148685,22.12133,1,1
931068100,27.412415,27.412415,27.53837,21.332983,22.31347,1,1
932068100,27.995571,27.995571,28.125854,21.157778,22.13206,1,1
933068101,26.919266,26.919266,27.046799,20.846268,21.807995,1,1
934068157,26.329302,26.329302,26.45738,20.619968,21.573662,1,1
935068101,25.347795,25.347795,25.474096,20.617008,21.573242,1,1
936068101,24.327972,24.327972,24.452991,20.810349,21.778568,1,1
937068101,23.785002,23.785002,23.908993,21.025282,22.005527,1,1
938068102,23.937618,23.937618,24.065014,21.237215,22.229092,1,1
939068100,23.401253,23.401253,23.526327,21.381094,22.380373,1,1
940068101,23.793524,23.793524,23.920584,21.939692,22.96505,1,1
941068100,24.084248,24.084248,24.212156,22.506151,23.556948,1,1
942068135,24.630177,24.630177,24.758764,22.991264,24.062582,1,1
943068101,25.258673,25.258673,25.389072,23.69418,24.797064,1,1
944068101,26.21638,26.21638,26.343952,24.333368,25.462078,1,1
945068101,26.657612,26.657612,26.792168,24.566393,25.704582,1,1
946068106,26.55599,26.55599,26.683052,24.660769,25.802353,1,1
947068101,26.497389,26.497389,26.621843,24.666428,25.806374,1,1
948068101,26.140514,26.140514,26.26246,24.547127,25.680868,1,1
949068101,26.039635,26.039635,26.15989,24.502346,25.632328,1,1
950068101,26.311983,26.311983,26.431847,24.684467,25.82155,1,1
951068101,26.865004,26.865004,26.984882,25.039242,26.188173,1,1
952068119,27.023264,27.023264,27.140186,25.07439,26.221212,1,1
957068102,24.679056,24.679056,24.779448,23.16836,24.22353,1,1
958068105,24.642942,24.642942,24.748074,22.491505,23.5168,1,1
959068145,23.43063,23.43063,23.528662,21.584753,22.569405,1,1
960068101,23.154083,23.154083,23.25247,20.917334,21.872261,1,1
961068101,23.22433,23.22433,23.323349,20.518597,21.456295,1,1
962068100,23.44358,23.44358,23.539942,20.075506,20.992212,1,1
963068100,23.560051,23.560051,23.659348,19.519073,20.410322,1,1
964068101,23.447302,23.447302,23.545218,18.745121,19.60163,1,1
965068101,23.617437,23.617437,23.71953,18.029318,18.85386,1,1
966068101,23.085705,23.085705,23.183338,17.210617,17.999018,1,1
967068102,22.318233,22.318233,22.4142,16.443829,17.198347,1,1
968068100,21.23455,21.23455,21.32776,15.994576,16.72947,1,1
969068101,20.666687,20.666687,20.759426,16.167227,16.910423,1,1
970068102,21.84097,21.84097,21.935856,17.081615,17.866934,1,1
971068101,23.180716,23.180716,23.281061,17.926853,18.749445,1,1
972068101,23.857954,23.857954,23.959967,18.684273,19.54026,1,1
973068101,25.144865,25.144865,25.245087,19.759716,20.662464,1,1
974068102,25.804434,25.804434,25.90818,19.960913,20.8705,1,1
975068100,25.439941,25.439941,25.53628,19.745367,20.644375,1,1
976068101,25.064516,25.064516,25.16116,19.525545,20.413721,1,1
977068101,25.137754,25.137754,25.23246,19.493292,20.379751,1,1
978068403,25.836222,25.836222,25.932934,19.8297,20.730316,1,1
979068101,26.210266,26.210266,26.304333,20.237925,21.153975,1,1
980068101,25.821602,25.821602,25.91095,20.100464,21.007385,1,1
981068101,26.117834,26.117834,26.20991,19.902006,20.800255,1,1
982068106,25.166775,25.166775,25.250584,19.60936,20.492617,1,1
983068101,25.190168,25.190168,25.273321,19.23741,20.102022,1,1
984068101,24.782888,24.782888,24.862602,19.052994,19.907858,1,1
985068101,24.473871,24.473871,24.550262,19.15343,20.010622,1,1
986068101,25.055977,25.055977,25.129496,19.485073,20.352726,1,1
987068101,25.435028,25.435028,25.505033,19.255873,20.110983,1,1
988068122,24.839512,24.839512,24.908802,18.48367,19.302696,1,1
989068100,23.86843,23.86843,23.933596,17.426573,18.199516,1,1
990068121,22.006718,22.006718,22.06678,16.583582,17.318878,1,1
991068101,23.426977,23.426977,23.492767,17.552975,18.334415,1,1
992068101,24.385773,24.385773,24.458975,18.717987,19.555956,1,1
993068100,23.922628,23.922628,23.998674,19.310377,20.177881,1,1
994068105,23.818726,23.818726,23.901512,19.856588,20.7547,1,1
995068101,23.561436,23.561436,23.649279,20.11053,21.025536,1,1
996068101,23.577343,23.577343,23.672806,20.378805,21.312414,1,1
997068101,23.260366,23.260366,23.359718,20.672087,21.623617,1,1
998068101,22.87339,22.87339,22.974852,20.91597,21.883284,1,1
999068101,21.739779,21.739779,21.836512,20.600443,21.55367,1,1
1000068100,21.576057,21.576057,21.671804,20.498167,21.446321,1,1
1001068100,21.995817,21.995817,22.090601,20.992975,21.961054,1,1
1002068162,22.593307,22.593307,22.68708,21.465439,22.45159,1,1
1003068105,23.405813,23.405813,23.50004,21.828522,22.828527,1,1
1004068102,23.998796,23.998796,24.092064,22.07453,23.082157,1,1
1005068101,23.805515,23.805515,23.89482,22.211643,23.222458,1,1
1006068125,23.812428,23.812428,23.89611,22.180962,23.187515,1,1
1007068101,23.76591,23.76591,23.85011,22.030827,23.028141,1,1
1008068101,23.51762,23.51762,23.594402,22.047684,23.043474,1,1
1009068101,23.857794,23.857794,23.936628,22.318182,23.322765,1,1
1010068101,24.392078,24.392078,24.465275,22.705055,23.723713,1,1
1011068100,24.058222,24.058222,24.126328,22.808178,23.82744,1,1
1015068101,27.711271,27.711271,27.795254,24.821987,25.934515,1,1
1016068101,27.548008,27.548008,27.634323,24.373365,25.468376,1,1
1017068114,26.976698,26.976698,27.06134,23.478598,24.537464,1,1
1018068105,26.466452,26.466452,26.55385,22.315222,23.326248,1,1
1019068109,25.564444,25.564444,25.65799,20.818983,21.766006,1,1
1020068172,24.79359,24.79359,24.885992,19.450596,20.340359,1,1
1021068101,23.774754,23.774754,23.868023,18.373049,19.216915,1,1
1022068100,22.330257,22.330257,22.41919,17.18795,17.97893,1,1
1023068134,21.097286,21.097286,21.181269,16.50924,17.269026,1,1
1024068101,21.801859,21.801859,21.88979,16.957008,17.735949,1,1
1025068128,22.535831,22.535831,22.621597,17.531258,18.33435,1,1
1026068150,23.243263,23.243263,23.32913,18.384123,19.223602,1,1
1027068101,24.046335,24.046335,24.129345,18.981335,19.843779,1,1
1028068103,24.117838,24.117838,24.197748,19.059237,19.922365,1,1
1029068137,23.815067,23.815067,23.891558,18.962528,19.818974,1,1
1030068116,23.814419,23.814419,23.886621,18.978783,19.833557,1,1
1031068148,24.602434,24.602434,24.675125,19.212408,20.074339,1,1
1032068140,24.336971,24.336971,24.405233,19.08552,19.938734,1,1
1033068101,24.036604,24.036604,24.101347,18.873636,19.71564,1,1
1034068101,23.423067,23.423067,23.479305,18.69339,19.524824,1,1
1035068101,23.721043,23.721043,23.779982,18.9929,19.835257,1,1
1036068101,24.09982,24.09982,24.149084,19.305252,20.158253,1,1
1037068105,24.66156,24.66156,24.709948,19.173664,20.017792,1,1
1038068158,24.755985,24.755985,24.803705,18.876013,19.704752,1,1
1039068101,24.331238,24.331238,24.380022,18.570957,19.3837,1,1
1040068101,23.516045,23.516045,23.558184,18.283943,19.081676,1,1
1041068101,23.432339,23.432339,23.468035,18.071194,18.857758,1,1
1042068101,22.83256,22.83256,22.863995,17.957397,18.736858,1,1
1043068101,23.75449,23.75449,23.789507,18.394152,19.190134,1,1
1044068101,24.603176,24.603176,24.631643,18.948137,19.765247,1,1
1045068101,24.931015,24.931015,24.955746,18.857895,19.667707,1,1
1046068101,25.964054,25.964054,25.995445,19.73404,20.58386,1,1
1047068103,27.429398,27.429398,27.460033,20.769373,21.665394,1,1
1048068101,28.174206,28.174206,28.21641,21.590624,22.528536,1,1
1049068123,27.92919,27.92919,27.97552,21.871212,22.82736,1,1
1050068101,26.53716,26.53716,26.589466,22.175186,23.151499,1,1
1051068102,26.606123,26.606123,26.670076,22.493578,23.49069,1,1
1052068101,26.022638,26.022638,26.090267,22.797604,23.81536,1,1
1053068101,26.956211,26.956211,27.035368,22.763996,23.789284,1,1
1054068100,25.603172,25.603172,25.687634,22.330454,23.344707,1,1
1055068101,24.700298,24.700298,24.791355,22.037964,23.046873,1,1
1056068100,24.117968,24.117968,24.214888,21.858438,22.86687,1,1
1057068101,23.43027,23.43027,23.529612,21.448565,22.443108,1,1
1060068101,21.7812,21.7812,21.871954,20.426628,21.372477,1,1
1061068104,22.318481,22.318481,22.408627,21.04327,22.01465,1,1
1062068101,23.402456,23.402456,23.493517,21.715805,22.71505,1,1
1063068101,24.364498,24.364498,24.454262,22.348661,23.371899,1,1
1064068101,24.43063,24.43063,24.517107,22.52778,23.55575,1,1
1065068100,24.377487,24.377487,24.461346,22.424545,23.445158,1,1
1066068101,24.283854,24.283854,24.3644,22.653194,23.6812,1,1
1067068123,24.896051,24.896051,24.974945,22.907211,23.943222,1,1
1068068101,24.457111,24.457111,24.53292,22.779202,23.806421,1,1
1069068101,24.05383,24.05383,24.124678,22.599237,23.6162,1,1
1070068102,23.746561,23.746561,23.814877,22.512653,23.5235,1,1
1071068102,23.903418,23.903418,23.969236,22.507215,23.515228,1,1
1072068101,23.86349,23.86349,23.92671,22.462488,23.465166,1,1
1073068110,25.278986,25.278986,25.346497,22.849937,23.86994,1,1
1074068102,26.229452,26.229452,26.300201,23.301327,24.341692,1,1
1075068104,26.874067,26.874067,26.947578,23.26773,24.307428,1,1
1076068101,26.763605,26.763605,26.838875,22.877756,23.901814,1,1
1077068101,25.888908,25.888908,25.962511,22.305672,23.305096,1,1
1078068101,26.125463,26.125463,26.20199,21.52947,22.496729,1,1
1079068102,25.384277,25.384277,25.460724,20.473778,21.395994,1,1
1080068101,24.766762,24.766762,24.84761,19.302357,20.175049,1,1
1081068101,23.941685,23.941685,24.02163,18.330256,19.160948,1,1
1082068101,21.900066,21.900066,21.972172,17.11893,17.894068,1,1
1083068100,21.96358,21.96358,22.036905,16.538755,17.28805,1,1
1084068101,20.531567,20.531567,20.597486,15.960941,16.682953,1,1
1085068108,20.84355,20.84355,20.91006,16.32326,17.0602,1,1
1086068102,21.96055,21.96055,22.027351,17.069273,17.837185,1,1
1087068102,23.105156,23.105156,23.172674,17.59019,18.378859,1,1
1088068102,23.699474,23.699474,23.7648,17.844584,18.64187,1,1
1089068102,23.278326,23.278326,23.339293,17.68556,18.473055,1,1
1090068101,23.243698,23.243698,23.300545,17.740114,18.527859,1,1
1091068102,23.843834,23.843834,23.902662,18.191095,18.996403,1,1
1092068101,23.780779,23.780779,23.829723,18.265924,19.07156,1,1
1093068364,23.494616,23.494616,23.544846,17.999496,18.791336,1,1
1094068102,23.162971,23.162971,23.209959,17.807161,18.588516,1,1
1095068102,23.082726,23.082726,23.1244,17.839476,18.620724,1,1
1096068101,24.016619,24.016619,24.056847,18.078415,18.868397,1,1
1097068125,23.508163,23.508163,23.543835,18.111511,18.899754,1,1
1098068101,23.261683,23.261683,23.294357,17.952349,18.7314,1,1
1099068101,22.989649,22.989649,23.020136,17.895952,18.67073,1,1
1100068102,23.511553,23.511553,23.539312,17.942635,18.716717,1,1
1101068102,23.560131,23.560131,23.584959,18.212292,18.995502,1,1
1102068101,23.988546,23.988546,24.005919,18.292719,19.076992,1,1
1103068102,23.819803,23.819803,23.839249,18.195047,18.973906,1,1
1104068101,23.80082,23.80082,23.818579,18.404724,19.189934,1,1
1105068105,22.94805,22.94805,22.96202,18.429193,19.213009,1,1
1106068101,24.253353,24.253353,24.269222,19.174383,19.98982,1,1
1107068102,26.977646,26.977646,26.994478,20.965807,21.859882,1,1
1108068101,28.266619,28.266619,28.290712,21.696558,22.626434,1,1
1109068112,28.242435,28.242435,28.275282,21.77338,22.7119,1,1
1110068101,28.394732,28.394732,28.433231,21.699442,22.640278,1,1
1111068101,27.85083,27.85083,27.897425,21.814114,22.767408,1,1
1112068102,27.439274,27.439274,27.495008,21.91763,22.883001,1,1
1113068101,26.61912,26.61912,26.67941,22.0317,23.007387,1,1
1114068103,26.215054,26.215054,26.283543,21.99771,22.981264,1,1
1115068138,25.494675,25.494675,25.573196,21.730383,22.70933,1,1
1116068101,24.66935,24.66935,24.751673,21.568172,22.547081,1,1
1117068277,24.299597,24.299597,24.38899,21.335999,22.312477,1,1
1118068101,23.645742,23.645742,23.737984,21.332327,22.313868,1,1
1119068102,24.434332,24.434332,24.540121,21.820559,22.832922,1,1
1120068101,23.911592,23.911592,24.01976,22.02137,23.04767,1,1
1121068110,24.11845,24.11845,24.2357,22.543169,23.599186,1,1
1122068101,26.035831,26.035831,26.165434,23.88579,25.009567,1,1
1123068101,27.24285,27.24285,27.380798,25.214338,26.403673,1,1
1124068102,28.664679,28.664679,28.815561,25.79933,27.02039,1,1
1125068101,28.261595,28.261595,28.418821,25.493683,26.70827,1,1
1126068101,27.721579,27.721579,27.8801,24.581661,25.760643,1,1
1127068101,26.841208,26.841208,27.007084,23.850067,25.001022,1,1
1128068101,27.091976,27.091976,27.268555,23.635517,24.784071,1,1
1129068177,27.186258,27.186258,27.370907,23.577475,24.730564,1,1
1130068101,26.975386,26.975386,27.167927,23.509315,24.6673,1,1
1131068102,27.68427,27.68427,27.885456,23.579865,24.748182,1,1
1132068101,27.259481,27.259481,27.468706,23.266802,24.425104,1,1
1133068107,27.277828,27.277828,27.496838,22.795048,23.938166,1,1
1138068110,26.842474,26.842474,27.095606,20.86163,21.938784,1,1
1139068101,27.298664,27.298664,27.562506,21.1759,22.274075,1,1
1140068104,27.953323,27.953323,28.23006,21.73155,22.862745,1,1
1141068134,28.922012,28.922012,29.211056,22.571669,23.749662,1,1
1142068100,30.260036,30.260036,30.567677,23.643133,24.880241,1,1
1143068100,30.607986,30.607986,30.925865,24.153393,25.41994,1,1
1144068149,28.970438,28.970438,29.269625,23.425957,24.653746,1,1
1145068110,26.947369,26.947369,27.227385,22.460796,23.637705,1,1
1146068124,25.425598,25.425598,25.687252,22.195017,23.357107,1,1
1147068150,24.798313,24.798313,25.0564,22.467855,23.643204,1,1
1148068100,24.336554,24.336554,24.587296,22.870716,24.064238,1,1
1149068103,24.548777,24.548777,24.797215,23.401155,24.618313,1,1
1150068174,24.604668,24.604668,24.849943,23.642183,24.867805,1,1
1151068101,24.382788,24.382788,24.622477,23.611565,24.832361,1,1
1152068153,24.506102,24.506102,24.744493,23.6162,24.834644,1,1
1153068138,24.555891,24.555891,24.792038,23.526983,24.73733,1,1
1154068101,24.18499,24.18499,24.414274,23.424454,24.62632,1,1
1155068101,24.996323,24.996323,25.229425,24.038866,25.267773,1,1
1156068101,26.84357,26.84357,27.085823,24.785263,26.04564,1,1
1157068117,27.805937,27.805937,28.04776,25.125542,26.395401,1,1
1158068101,27.28679,27.28679,27.520426,24.689281,25.932817,1,1
1159068154,25.822792,25.822792,26.041666,24.0463,25.255358,1,1
1160068105,25.370996,25.370996,25.585436,23.569014,24.752913,1,1
1161068101,26.06776,26.06776,26.286451,23.847565,25.04338,1,1
1162068101,28.233479,28.233479,28.467075,25.03363,26.282148,1,1
1163068102,28.994444,28.994444,29.228575,25.553885,26.820784,1,1
1164068123,27.84347,27.84347,28.059921,25.00391,26.237928,1,1
1165068156,27.155283,27.155283,27.363834,24.14907,25.338585,1,1
1166068101,26.637405,26.637405,26.840162,23.358086,24.50679,1,1
1167068101,25.380793,25.380793,25.571093,22.80669,23.925674,1,1
1168068101,26.633348,26.633348,26.829468,23.455154,24.602764,1,1
1169068101,28.367256,28.367256,28.567144,24.437286,25.624409,1,1
1170068100,28.440872,28.440872,28.636086,24.371023,25.545908,1,1
1171068102,27.26622,27.26622,27.444046,23.721775,24.860886,1,1
1172068101,26.896591,26.896591,27.074408,22.914352,24.01297,1,1
1173068101,25.722343,25.722343,25.889238,22.508362,23.584871,1,1
1174068101,27.529102,27.529102,27.703106,23.47816,24.596592,1,1
1175068101,29.679224,29.679224,29.854832,24.29252,25.441254,1,1
1176068108,29.88438,29.88438,30.054678,23.699324,24.812918,1,1
1177068101,28.436638,28.436638,28.595554,22.862612,23.93418,1,1
1178068101,28.996809,28.996809,29.162529,22.665337,23.729794,1,1
1179068101,28.809309,28.809309,28.975693,22.932142,24.010164,1,1
1180068101,28.17317,28.17317,28.34139,23.122414,24.213493,1,1
1181068101,27.881796,27.881796,28.055828,23.223896,24.3245,1,1
1182068124,26.499956,26.499956,26.66514,22.77142,23.856428,1,1
1183068101,24.995869,24.995869,25.161407,21.691427,22.730354,1,1
1184068259,23.041037,23.041037,23.198217,20.425428,21.407843,1,1
1185068101,22.041864,22.041864,22.193882,19.500477,20.440775,1,1
1186068102,21.34917,21.34917,21.49641,19.131393,20.053429,1,1
1187068101,21.656326,21.656326,21.80322,19.596714,20.538946,1,1
1188068122,22.175724,22.175724,22.323442,20.264175,21.235565,1,1
1189068101,22.907333,22.907333,23.05661,20.853233,21.849066,1,1
1190068103,23.289442,23.289442,23.43551,22.054419,23.102573,1,1
1191068101,26.429047,26.429047,26.585403,23.96711,25.09714,1,1
1192068101,28.658792,28.658792,28.816479,25.337685,26.52101,1,1
1193068101,27.91592,27.91592,28.064917,24.583748,25.726545,1,1
1194068101,24.759686,24.759686,24.890493,22.547726,23.595615,1,1
1195068101,22.467041,22.467041,22.587734,20.684435,21.647408,1,1
1196068101,21.45009,21.45009,21.570238,20.1435,21.081915,1,1
1197068100,22.119997,22.119997,22.242172,20.496206,21.44939,1,1
1198068101,22.466423,22.466423,22.586466,21.274904,22.26061,1,1
1199068100,24.344183,24.344183,24.46744,23.291994,24.364567,1,1
1200068100,26.209522,26.209522,26.327906,24.869316,26.00424,1,1
1201068101,26.39058,26.39058,26.509665,24.962755,26.097488,1,1
1202068101,24.896442,24.896442,25.007156,23.368988,24.430311,1,1
1203068101,21.867533,21.867533,21.962902,21.423449,22.39757,1,1
1204068102,21.187397,21.187397,21.283976,20.831152,21.778639,1,1
1208068101,26.418257,26.418257,26.511965,24.317137,25.401646,1,1
1209068101,26.10613,26.10613,26.197529,24.56567,25.655508,1,1
1210068102,25.039839,25.039839,25.125696,23.674957,24.724161,1,1
1211068101,23.7636,23.7636,23.843454,22.42929,23.424698,1,1
1212068101,24.568857,24.568857,24.656918,22.57231,23.577242,1,1
1213068101,25.443176,25.443176,25.537811,23.280024,24.320787,1,1
1214068101,26.960455,26.960455,27.067467,23.648205,24.71073,1,1
1215068102,27.355597,27.355597,27.470062,23.525036,24.587578,1,1
1216068101,27.398859,27.398859,27.521002,22.87363,23.913116,1,1
1217068100,27.00971,27.00971,27.138647,22.011066,23.018959,1,1
1218068102,26.224869,26.224869,26.360842,20.74491,21.702312,1,1
1219068101,24.426413,24.426413,24.560375,19.315893,20.21401,1,1
1220068221,23.233416,23.233416,23.369549,17.89688,18.736235,1,1
1221068102,21.402246,21.402246,21.531069,16.854332,17.650093,1,1
1222068101,20.24011,20.24011,20.371054,16.710714,17.50455,1,1
1223068101,18.572742,18.572742,18.694752,15.410534,16.145233,1,1
1224068100,17.1542,17.1542,17.26832,14.486915,15.17891,1,1
1225068101,17.843266,17.843266,17.960268,15.239868,15.966628,1,1
1226068102,19.235329,19.235329,19.358942,16.320433,17.096405,1,1
1227068101,20.861158,20.861158,20.99245,17.274199,18.092798,1,1
1228068100,21.564293,21.564293,21.696718,17.815306,18.656517,1,1
1229068101,22.175741,22.175741,22.311518,18.131672,18.985786,1,1
1230068101,22.456236,22.456236,22.588543,18.133951,18.9867,1,1
1231068101,22.80034,22.80034,22.934303,18.104303,18.954165,1,1
1233068101,26.159508,26.159508,26.3013,21.088457,22.068247,1,1
1234068101,25.816492,25.816492,25.948538,21.049816,22.021141,1,1
1235068100,25.035671,25.035671,25.16398,19.982101,20.90257,1,1
1236068105,22.781979,22.781979,22.894789,18.862473,19.730028,1,1
1237068101,21.899233,21.899233,22.006844,18.49705,19.346779,1,1
1238068101,22.72087,22.72087,22.829325,19.098545,19.973059,1,1
1239068121,24.734037,24.734037,24.846647,19.78727,20.688568,1,1
1241068100,24.341948,24.341948,24.445393,19.332685,20.20737,1,1
1242068121,23.842445,23.842445,23.941807,19.123753,19.987783,1,1
1243068100,22.498602,22.498602,22.59117,18.066145,18.88084,1,1
1244068165,20.438885,20.438885,20.523344,16.625738,17.375797,1,1
1245068102,20.05334,20.05334,20.135412,16.537575,17.283148,1,1
1246068100,21.527061,21.527061,21.61224,17.615788,18.407215,1,1
1247068101,24.204926,24.204926,24.293531,19.060654,19.911575,1,1
1248068106,25.320023,25.320023,25.409529,19.612625,20.483116,1,1
1249068101,25.730513,25.730513,25.81617,19.359964,20.217505,1,1
1250068102,24.700459,24.700459,24.780962,18.30647,19.115871,1,1
1251068101,20.601192,20.601192,20.667332,16.317863,17.038485,1,1
1252068101,19.858852,19.858852,19.923645,15.782673,16.480206,1,1
1253068101,21.218922,21.218922,21.284668,17.220007,17.978731,1,1
1254068119,24.11312,24.11312,24.178679,20.387934,21.279516,1,1
1255068100,26.28862,26.28862,26.352749,21.703611,22.644722,1,1
1256068116,27.050037,27.050037,27.114607,22.301252,23.268505,1,1
1257068102,26.55605,26.55605,26.62819,22.715147,23.70525,1,1
1258068100,25.769794,25.769794,25.848005,22.509758,23.498215,1,1
1259068104,25.481754,25.481754,25.565254,22.583197,23.5812,1,1
1260068111,25.98584,25.98584,26.07736,22.371515,23.370987,1,1
1261068101,24.753511,24.753511,24.85343,21.447603,22.412117,1,1
1262068102,23.313951,23.313951,23.412775,20.76473,21.706343,1,1
1263068102,22.353817,22.353817,22.460625,20.487862,21.424307,1,1
1264068101,22.538921,22.538921,22.649622,20.511908,21.455755,1,1
1265068125,22.706532,22.706532,22.825834,20.316631,21.25829,1,1
1266068122,22.060663,22.060663,22.18623,19.867834,20.79611,1,1
1267068121,20.760798,20.760798,20.882643,18.74886,19.628479,1,1
1268068125,21.048357,21.048357,21.173885,18.18063,19.03523,1,1
1269068101,19.137213,19.137213,19.250597,17.843126,18.680761,1,1
1270068101,19.834139,19.834139,19.950905,17.889387,18.728775,1,1
1271068145,19.908468,19.908468,20.022783,18.726274,19.602589,1,1
1272068112,20.99883,20.99883,21.115139,19.578953,20.491716,1,1
1273068141,21.447544,21.447544,21.561153,20.40884,21.357738,1,1
1274068132,22.777262,22.777262,22.897953,21.346998,22.335098,1,1
1275068194,23.87205,23.87205,23.987738,22.2659,23.29069,1,1
1276068101,24.217636,24.217636,24.335413,22.637896,23.676283,1,1
1277068101,23.583946,23.583946,23.697033,21.781132,22.778404,1,1
1278068145,21.839348,21.839348,21.945305,20.136827,21.058657,1,1
1279068106,20.658802,20.658802,20.757927,19.504095,20.39731,1,1
1280068101,21.049818,21.049818,21.145382,20.190586,21.113087,1,1
1281068101,23.165367,23.165367,23.26919,21.31939,22.288456,1,1
1282068102,24.265694,24.265694,24.369091,22.292072,23.300173,1,1
1283068101,23.967997,23.967997,24.066805,22.367735,23.375582,1,1
1284068102,23.441786,23.441786,23.536732,22.026072,23.015844,1,1
1285068123,22.951082,22.951082,23.042261,21.513338,22.479465,1,1
1286068173,22.876657,22.876657,22.96485,20.916746,21.857046,1,1
1287068101,23.539837,23.539837,23.637787,20.907295,21.848993,1,1
1288068101,24.454672,24.454672,24.560198,21.114481,22.068571,1,1
1289068101,25.322283,25.322283,25.436665,21.034803,21.989693,1,1
1290068100,25.04091,25.04091,25.157999,20.372637,21.30283,1,1
1291068106,24.568653,24.568653,24.693077,19.606337,20.507586,1,1
1292068104,24.443066,24.443066,24.567825,18.958025,19.834372,1,1
1293068102,23.39418,23.39418,23.522884,18.291,19.141504,1,1
1294068101,20.993114,20.993114,21.111301,16.626904,17.402512,1,1
1295068101,18.393133,18.393133,18.498804,14.756295,15.446243,1,1
1296068101,18.18507,18.18507,18.287647,14.674927,15.361087,1,1
1297068121,19.249624,19.249624,19.35771,15.5090275,16.232233,1,1
1298068101,20.576088,20.576088,20.688889,16.251102,17.006462,1,1
1299068101,21.311605,21.311605,21.425043,16.87366,17.655825,1,1
1300068101,21.72126,21.72126,21.834793,17.259478,18.057,1,1
1301068101,21.656002,21.656002,21.765902,17.51807,18.324972,1,1
1302068101,22.423948,22.423948,22.537567,17.673069,18.48552,1,1
1303068106,22.136593,22.136593,22.24494,17.900345,18.721264,1,1
1304068101,23.794378,23.794378,23.9061,19.077425,19.948872,1,1
1305068102,25.155846,25.155846,25.265451,19.737503,20.63479,1,1
1306068101,25.039265,25.039265,25.149397,19.16854,20.03829,1,1
1307068101,22.217495,22.217495,22.314375,17.755909,18.56031,1,1
1312068101,24.335642,24.335642,24.425611,19.461506,20.330572,1,1
1313068102,23.981878,23.981878,24.069637,18.853657,19.694424,1,1
1314068101,21.877073,21.877073,21.950447,17.57068,18.35311,1,1
1315068106,21.867973,21.867973,21.946402,17.066103,17.826696,1,1
1316068101,21.509739,21.509739,21.582966,16.923456,17.676414,1,1
1317068104,21.653698,21.653698,21.728626,17.108793,17.868397,1,1
1318068101,23.488462,23.488462,23.566477,18.166868,18.969845,1,1
1319068101,24.6398,24.6398,24.714756,18.986382,19.82092,1,1
1320068101,24.709202,24.709202,24.780249,18.84501,19.669363,1,1
1321068144,23.390108,23.390108,23.453526,17.45473,18.217548,1,1
1322068101,21.049406,21.049406,21.10795,16.20045,16.908642,1,1
1323068101,20.596525,20.596525,20.649693,16.063183,16.76437,1,1
1324068101,21.410261,21.410261,21.465944,17.050097,17.792294,1,1
1325068101,24.39974,24.39974,24.45778,18.818419,19.633173,1,1
1326068101,25.424866,25.424866,25.477446,19.593782,20.435637,1,1
1327068159,24.897219,24.897219,24.942053,19.45139,20.28519,1,1
1328068101,24.525743,24.525743,24.56865,19.688814,20.531662,1,1
1329068101,24.75337,24.75337,24.799221,19.884398,20.736938,1,1
1330068101,24.966831,24.966831,25.016848,20.633125,21.521395,1,1
1331068102,24.961964,24.961964,25.015848,21.150618,22.064213,1,1
1332068100,24.193188,24.193188,24.249632,21.15775,22.074512,1,1
1333068122,23.17061,23.17061,23.225138,20.969107,21.879675,1,1
1334068101,23.873646,23.873646,23.930977,21.38057,22.31029,1,1
1335068101,23.709293,23.709293,23.765713,21.504566,22.439486,1,1
1336068101,22.706028,22.706028,22.757391,21.107243,22.022627,1,1
1337068101,22.418707,22.418707,22.467138,20.84724,21.749193,1,1
1338068101,22.4864,22.4864,22.532475,20.909977,21.812138,1,1
1339068121,22.390835,22.390835,22.434006,21.135563,22.044601,1,1
1340068101,22.539576,22.539576,22.580381,21.197035,22.106287,1,1
1341068102,22.528564,22.528564,22.56622,21.188566,22.094349,1,1
1342068101,22.113073,22.113073,22.148178,20.994621,21.890375,1,1
1343068101,21.740358,21.740358,21.773224,20.88737,21.776632,1,1
1344068100,21.633955,21.633955,21.664938,20.750357,21.632282,1,1
1345068102,21.300377,21.300377,21.330153,20.675638,21.55294,1,1
1346068100,21.77932,21.77932,21.807943,20.990421,21.879559,1,1
1347068442,22.442804,22.442804,22.470703,21.290089,22.190727,1,1
1348068100,22.283571,22.283571,22.310389,21.142054,22.035221,1,1
1349068101,21.560959,21.560959,21.585253,20.811432,21.689045,1,1
1350068101,21.588972,21.588972,21.613691,20.866762,21.746708,1,1
1351068104,21.989996,21.989996,22.014105,21.156008,22.047287,1,1
1352068101,23.370275,23.370275,23.395647,21.8573,22.777597,1,1
1353068101,25.255354,25.255354,25.284681,22.940403,23.907269,1,1
1354068101,25.940725,25.940725,25.973715,23.673286,24.674501,1,1
1355068101,25.58809,25.58809,25.622694,22.450571,23.402872,1,1
1356068101,23.260244,23.260244,23.295755,19.735748,20.576561,1,1
1357068101,21.00054,21.00054,21.035835,17.005373,17.732697,1,1
1358068101,19.442823,19.442823,19.477085,15.110599,15.757924,1,1
1359068471,18.034193,18.034193,18.061789,14.0590725,14.6608305,1,1
1360068101,18.220684,18.220684,18.25066,13.984095,14.581344,1,1
1361068101,19.143597,19.143597,19.169239,14.770889,15.399635,1,1
1362068101,19.865625,19.865625,19.889227,15.060412,15.699778,1,1
1363068123,20.21258,20.21258,20.235085,15.09749,15.736969,1,1
1364068101,19.510437,19.510437,19.52968,14.524172,15.137483,1,1
1365068101,17.45336,17.45336,17.470776,13.103702,13.65708,1,1
1366068100,16.6687,16.6687,16.685902,11.735828,12.231977,1,1
1367068101,15.076961,15.076961,15.0922575,10.922344,11.383797,1,1
1368068101,13.955462,13.955462,13.969635,10.291175,10.726066,1,1
1369068101,14.771012,14.771012,14.787444,9.572653,9.977472,1,1
1370068101,13.106905,13.106905,13.120646,8.550323,8.912017,1,1
1371068474,12.418369,12.418369,12.431231,7.296278,7.6047664,1,1
1375068123,2.5016,2.5016,2.5034807,4.6824746,4.879284,1,1
1376068101,-9.098641,-9.098641,-9.1037035,5.645464,5.8814287,1,1
1377068101,-7.557842,-7.557842,-7.560527,4.6555805,4.8492427,1,1
1378068101,-3.596436,-3.596436,-3.5965135,4.4096684,4.5915127,1,1
1379068101,-6.434541,-6.434541,-6.433594,4.8732133,5.0733385,1,1
1380068102,-3.3226755,-3.3226755,-3.3218188,4.993557,5.198175,1,1
1381068101,-2.1769123,-2.1769123,-2.1760652,5.5991263,5.827516,1,1
1382068101,-4.005948,-4.005948,-4.0033913,5.907681,6.148545,1,1
1383068140,-13.5231085,-13.5231085,-13.515146,5.1832156,5.3939247,1,1
1384068101,-1.8489517,-1.8489517,-1.8477559,4.7437625,4.936145,1,1
1385068101,2.4278247,2.4278247,2.4260285,4.2798705,4.45299,1,1
1386068122,2.9894407,2.9894407,2.9865062,3.9659657,4.1262727,1,1
1387068106,4.9293475,4.9293475,4.9232464,3.8205547,3.9745297,1,1
1388068116,1.5156645,1.5156645,1.5140347,3.9133365,4.071234,1,1
1389068142,5.766357,5.766357,5.759156,2.7706766,2.8819091,1,1
1390068276,6.114311,6.114311,6.105919,1.9100379,1.986569,1,1
1391068101,6.1078534,6.1078534,6.1003146,1.17382,1.221038,1,1
1392068142,8.10332,8.10332,8.09289,1.5493829,1.6116142,1,1
1393068122,8.933651,8.933651,8.921349,1.6506306,1.7168181,1,1
1394068138,8.83262,8.83262,8.819617,2.0169263,2.0975416,1,1
1395068141,7.292664,7.292664,7.2828045,2.1422758,2.2282126,1,1
1396068101,7.375289,7.375289,7.3648863,2.0965545,2.1805856,1,1
1397068103,7.0630836,7.0630836,7.053031,2.3196747,2.4126134,1,1
1398068100,5.4723215,5.4723215,5.464297,2.4285746,2.525818,1,1
1399068124,1.1130847,1.1130847,1.1113955,1.7028897,1.7710844,1,1
1400068144,4.0633807,4.0633807,4.0573635,1.4717044,1.5306168,1,1
1401068146,-12.792285,-12.792285,-12.771811,1.3360103,1.3893154,1,1
1402068101,-6.5984106,-6.5984106,-6.5888467,0.89166486,0.927231,1,1
1403068101,-5.0581803,-5.0581803,-5.0503483,0.8570735,0.89131075,1,1
1404068102,-6.136589,-6.136589,-6.128021,0.8450752,0.87884164,1,1
1405068100,-6.985099,-6.985099,-6.973298,0.84097075,0.87457746,1,1
