timestamp,timestamp_sample,device_id,x,y,z,temperature,error_count
32092899,32092492,3670050,-0.11488877,0.93397063,0.024873925,29.4847,0
33095134,33094767,3670050,0.41696227,0.22062811,0.07882957,29.487965,0
34095174,34094768,3670050,0.34525222,-0.29672945,0.119629204,29.555693,0
35092675,35092268,3670050,0.19289276,0.5566539,-0.2934005,29.577723,0
36095175,36094768,3670050,-0.35265583,0.6228335,-0.34621096,29.589964,0
37095136,37094768,3670050,0.25424314,0.09386164,-0.37452924,29.621243,0
38095327,38094922,3670050,-0.37609163,-0.15361114,0.035153728,29.658506,0
39095174,39094768,3670050,0.030386668,-0.050014168,0.014301175,29.624235,0
40095174,40094767,3670050,-0.09683254,0.118457414,-0.09267801,29.678091,0
41095175,41094768,3670050,-0.22101575,0.21403827,0.10530139,29.705019,0
42092702,42092294,3670050,-0.1371528,-0.2969691,-0.15430357,29.680538,0
43095174,43094768,3670050,0.23885892,-0.17246632,-0.054115433,29.692778,0
44095346,44094977,3670050,-0.18973544,0.38222283,0.003787607,29.762682,0
45095172,45094767,3670050,-0.23667513,-0.1207211,0.03435478,29.810282,0
46092676,46092268,3670050,-0.6301572,-0.20141487,-0.019041602,29.829866,0
47095177,47094769,3670050,0.31350735,-0.004181163,-0.045140583,29.78825,0
48095174,48094768,3670050,0.3470365,0.01387507,-0.036032572,29.88617,0
49092678,49092268,3670050,-0.20479709,-0.73410034,-0.10391655,29.92289,0
50095329,50094961,3670050,-0.33076462,-0.3435478,-0.058530364,29.88236,0
53092679,53092269,3670050,0.31595746,0.106686234,-0.18578213,29.998775,0
54095140,54094771,3670050,-0.7543552,0.44075316,0.34668443,29.97756,0
55095175,55094769,3670050,1.4720092,-0.7758055,-0.304639,30.008568,0
56092971,56092538,3670050,0.45843658,-0.08013452,-0.018588865,30.033049,0
57095175,57094768,3670050,-0.4605671,0.010626013,-0.037896782,30.07956,0
58095177,58094769,3670050,0.6948454,0.06948187,0.068682924,30.050184,0
59095177,59094769,3670050,0.5227519,-0.0257794,-0.004660532,30.05508,0
60092676,60092269,3670050,-0.39388153,-0.05267733,-0.026365295,30.148104,0
61095175,61094769,3670050,0.56581527,-0.082105264,0.0054062176,30.133415,0
62095448,62095044,3670050,0.023009712,0.114169724,0.3498595,30.121176,0
63092672,63092267,3670050,0.009028116,0.041971423,0.37420076,30.206854,0
64095182,64094768,3670050,0.32743567,-0.0052197957,-0.014487597,30.206854,0
65095176,65094769,3670050,-0.31443945,-0.25049695,0.3355583,30.189718,0
66095176,66094769,3670050,-0.5066398,-0.3110306,0.10301108,30.231335,0
67092668,67092268,3670050,0.8640479,-0.1702056,0.18216023,30.284918,0
68095459,68095028,3670050,1.0296048,-0.10873687,0.35739622,30.250917,0
69095176,69094769,3670050,0.82408863,-0.16122778,0.14029533,30.353733,0
70092636,70092267,3670050,-0.7741514,-0.14369233,0.3092522,30.314838,0
71095182,71094769,3670050,0.46658584,-0.18402444,0.18991002,30.363525,0
72095139,72094769,3670050,-0.262854,-0.40586576,0.37988514,30.355637,0
73095176,73094769,3670050,1.2979449,0.20208067,0.10490192,30.351286,0
74093032,74092601,3670050,0.7245929,0.32181638,0.13145363,30.434517,0
75095137,75094769,3670050,-0.79835653,-0.27480865,-0.10883451,30.412756,0
76095183,76094772,3670050,0.6743124,0.13526195,-0.12532836,30.434517,0
77092677,77092269,3670050,-0.19102855,0.23331955,0.2741458,30.449205,0
78095176,78094769,3670050,-0.73109096,0.001571265,-0.32312137,30.449205,0
79095179,79094769,3670050,-0.43183157,0.110680975,0.08956211,30.473684,0
80095510,80095099,3670050,-0.6349509,0.064395234,0.04580637,30.5153,0
81092653,81092268,3670050,-0.2181129,0.15245119,0.13759667,30.526997,0
82095174,82094768,3670050,0.41113883,0.40613207,0.061226077,30.593636,0
83095141,83094770,3670050,-0.60581,-0.036307763,0.1241329,30.521557,0
84092675,84092268,3670050,-0.029348036,0.2506301,0.13542174,30.569155,0
85092675,85092268,3670050,0.63774717,0.35550538,0.038962048,30.591187,0
86095514,86095086,3670050,0.5691708,-0.133957,-0.16391757,30.583843,0
87095174,87094768,3670050,-0.66693544,-0.21233383,-0.04245079,30.664627,0
88092703,88092294,3670050,-0.66650933,-0.03286341,0.043942157,30.686659,0
89095175,89094769,3670050,0.90680635,0.03635215,-0.15057513,30.662178,0
90095176,90094769,3670050,-0.38131142,0.019307919,-0.0664725,30.747858,0
91092638,91092268,3670050,0.5516294,-0.13596918,-0.27824116,30.657555,0
92095474,92095106,3670050,0.25104734,0.21802413,-0.10415919,30.722834,0
93095173,93094768,3670050,1.1399928,-0.15387745,-0.37526602,30.779682,0
94095175,94094768,3670050,0.51572114,0.13291837,-0.33878073,30.764994,0
95092714,95092307,3670050,-0.6137787,-0.45649245,-0.3337474,30.762547,0
96095176,96094769,3670050,0.66017103,-0.28525117,-0.33473274,30.835985,0
97095176,97094769,3670050,-0.4131362,-0.30687606,-0.5251221,30.811506,0
98092675,98092268,3670050,-0.26061696,0.104316026,-0.18245319,30.884945,0
99095174,99094768,3670050,-0.86994827,-0.24775387,-0.12269184,30.86781,0
100095185,100094779,3670050,0.07672568,-0.30064428,-0.40599892,30.911873,0
101095142,101094772,3670050,-0.42471504,-0.3060268,0.11753418,30.921392,0
102092675,102092268,3670050,-0.88590056,0.17979002,-0.4483432,30.943697,0
103095138,103094769,3670050,0.098566554,0.063738324,-0.011214867,30.945873,0
104095581,104095114,3670050,-0.110714875,-0.08391379,0.009442117,30.953043,0
105092730,105092298,3670050,0.115234986,0.027830034,0.026205506,30.931458,0
106095205,106094798,3670050,0.037577204,-0.021065604,-0.031052459,31.017136,0
107095217,107094810,3670050,0.08322378,-0.0777643,0.023409186,31.002447,0
108095175,108094768,3670050,-0.053982276,0.06471482,0.0010386328,31.019585,0
109092672,109092267,3670050,-0.1406948,0.13986923,-0.0032756883,31.031824,0
110095138,110094769,3670050,0.23462449,-0.024944942,0.03790566,31.049232,0
111095137,111094769,3670050,-0.35855028,0.122357465,0.022755232,31.09547,0
112092674,112092268,3670050,0.23465113,-0.07337009,-0.016058862,31.075888,0
113095233,113094825,3670050,0.23859261,-0.35388085,-0.04332963,31.119951,0
118095174,118094768,3670050,-0.0056725335,-0.04295679,0.0650344,31.190943,0
119092673,119092267,3670050,0.106100336,-0.07547399,-0.020559605,31.210526,0
120095175,120094768,3670050,0.10069413,0.018908445,0.00247674,31.186047,0
121095175,121094768,3670050,0.25193503,-0.40551957,0.11432951,31.220318,0
122095174,122094768,3670050,0.07201187,0.026391927,-0.039254997,31.298653,0
123092759,123092355,3670050,0.10817761,-0.22290659,-0.06940198,31.288862,0
124095176,124094769,3670050,0.34064493,-0.38687745,-0.021278657,31.293758,0
125095174,125094767,3670050,-0.39193743,0.1485245,0.09882991,31.247246,0
126092638,126092269,3670050,-0.02441231,0.36384702,-0.041929994,31.28587,0
127095176,127094768,3670050,0.14783208,0.18791266,-0.108150974,31.335373,0
128095176,128094769,3670050,0.17275926,-0.11496867,-0.030280143,31.3623,0
129095258,129094851,3670050,-0.8493087,-0.40591905,0.11667309,31.352509,0
130092672,130092267,3670050,1.1199924,0.082771055,-0.07677894,31.352509,0
131095175,131094767,3670050,0.8478706,-0.29169604,0.120694466,31.42595,0
132095137,132094768,3670050,1.2863069,-0.45767903,0.0011244458,31.46539,0
133092677,133092268,3670050,-0.953172,-0.44924867,0.06849651,31.514076,0
134095137,134094768,3670050,-0.7235217,-0.40823302,0.32617807,31.462667,0
135095211,135094844,3670050,0.57861614,-0.8254616,0.22142705,31.459948,0
136095173,136094768,3670050,0.41087252,-0.7880294,0.2034389,31.455324,0
137092677,137092268,3670050,-1.0298711,0.040772997,0.43529367,31.4847,0
138095175,138094768,3670050,-0.5833921,-0.51801145,0.2558765,31.506731,0
139095174,139094768,3670050,0.7618505,0.34445328,0.57079536,31.543451,0
140092676,140092268,3670050,1.8530809,0.34080476,0.46480152,31.52142,0
141095227,141094858,3670050,0.77678496,0.11265171,-0.010031241,31.557867,0
142095174,142094768,3670050,-0.18815233,0.20197415,0.09704559,31.634027,0
143095176,143094767,3670050,0.2567021,0.12389026,-0.043409526,31.597307,0
144092681,144092272,3670050,-0.14500913,-0.02524677,-0.015153388,31.636475,0
145095175,145094768,3670050,0.15590146,-0.025859294,-0.018855182,31.585068,0
146095175,146094768,3670050,-0.687575,-0.1363006,-0.11480888,31.638924,0
147092875,147092468,3670050,0.21992384,-0.02745719,-0.0490288,31.685434,0
148095172,148094767,3670050,-0.0048735854,-0.038722366,-0.09403622,31.65361,0
149095177,149094768,3670050,0.092225276,-0.11867046,-0.014860439,31.680538,0
150095178,150094770,3670050,0.0747283,-0.061226077,-0.030999197,31.675644,0
151092676,151092269,3670050,0.2850914,-0.31614384,-0.020399814,31.71481,0
152095176,152094769,3670050,-0.062025025,-0.11656657,0.06910903,31.712362,0
153095331,153094901,3670050,0.016058862,0.098004326,-0.027563717,31.705019,0
154092675,154092267,3670050,0.010652645,0.2704973,-0.072464615,31.778458,0
155095174,155094767,3670050,-0.06258429,0.11576762,0.021891186,31.724602,0
156095176,156094768,3670050,-0.038242996,0.06572682,-0.047404267,31.749083,0
157095176,157094769,3670050,-0.14942998,0.16881779,0.007217167,31.793146,0
158092676,158092269,3670050,0.056086175,0.059708074,0.18383801,31.773561,0
159095358,159094940,3670050,0.63774717,-0.15203987,0.548771,31.810282,0
160095135,160094767,3670050,0.043350346,0.36834478,-0.062110838,31.848906,0
163095174,163094768,3670050,-1.03573,0.11813783,0.18160096,31.817625,0
164095137,164094768,3670050,-0.94465286,0.38180852,0.1415618,31.859785,0
165092928,165092498,3670050,0.008815064,-0.4420315,-0.02229066,31.888617,0
166095175,166094768,3670050,-0.19811256,0.5551093,0.14290524,31.910648,0
167095174,167094767,3670050,-1.0250773,0.20578246,-0.15627429,31.903305,0
168092721,168092315,3670050,-1.1163704,0.14436997,-0.19542277,31.905752,0
169095175,169094769,3670050,-0.66610986,-0.35912728,-0.16538231,31.959608,0
170095174,170094768,3670050,-0.56126124,0.44219127,-0.059228707,31.95716,0
171095329,171094961,3670050,0.85295135,-0.31629476,-0.7361865,31.954985,0
172092673,172092268,3670050,0.06921556,0.35262915,-0.26647592,31.991432,0
173095173,173094767,3670050,-0.111932665,0.47731838,-0.13672669,31.993881,0
174095175,174094768,3670050,1.17749,-0.33071136,-0.37731668,32.011017,0
175092675,175092269,3670050,-0.14857776,-0.8561797,-0.3899667,32.01836,0
176092675,176092268,3670050,0.5894108,-0.19206719,-0.16801885,32.013466,0
177095346,177094979,3670050,-0.14582287,-0.25285235,-0.23190215,32.047462,0
178095173,178094768,3670050,-0.54959655,-0.30394658,-0.09329054,32.07956,0
179092636,179092267,3670050,-0.5717511,-0.014114754,-0.1276542,32.033863,0
180095176,180094769,3670050,-0.25009748,0.0979777,0.056778595,32.013466,0
181095175,181094767,3670050,0.22426482,0.07824368,0.0006924219,32.04284,0
182092676,182092269,3670050,0.006338324,0.10418287,0.160562,32.0306,0
183095433,183095002,3670050,0.047484163,0.016085494,0.030120352,32.07711,0
184095172,184094767,3670050,0.24642229,-0.05352954,-0.011851067,32.135864,0
185095174,185094767,3670050,-0.05962818,0.040027313,-0.06689861,32.153,0
186092675,186092268,3670050,-0.14261228,-0.26895264,-0.0015446335,32.172585,0
187095177,187094768,3670050,-0.38141796,-0.111639716,0.0045806374,32.172585,0
188095138,188094769,3670050,-0.068058565,0.032135475,-0.0898669,32.16714,0
189093019,189092610,3670050,0.024900557,0.2684733,-0.0014647386,32.165237,0
190095173,190094768,3670050,-0.045034055,0.06130597,0.026977824,32.155445,0
191095177,191094769,3670050,-0.13110743,-0.07344999,-0.00039947417,32.2093,0
192095175,192094768,3670050,-0.6053898,0.026205506,-0.561927,32.17748,0
193092676,193092268,3670050,0.56411076,-0.009321064,-0.12210594,32.280293,0
194095174,194094768,3670050,-0.22032332,-0.0922519,0.052597433,32.22644,0
195095480,195095075,3670050,0.15776567,-0.07957526,0.006471482,32.24602,0
196092673,196092267,3670050,0.26557043,-0.03440804,-0.11134677,32.241127,0
197095173,197094767,3670050,0.16889769,-0.0798682,-0.1613343,32.228886,0
198095181,198094773,3670050,-0.06479471,-0.09113338,-0.025326662,32.26071,0
199095175,199094768,3670050,-0.094595484,-0.050014168,0.04524711,32.353733,0
200092677,200092268,3670050,0.05320996,0.19065571,0.056325857,32.32191,0
201095490,201095061,3670050,0.044661213,0.6897587,0.02263687,32.34394,0
202095136,202094768,3670050,0.18529683,0.11223745,-0.041574907,32.34122,0
203092678,203092271,3670050,-0.05813681,-0.057364494,0.010812435,32.30967,0
204095177,204094768,3670050,-0.4759868,-0.18642128,-0.12349079,32.329254,0
205095175,205094768,3670050,0.533085,-0.074888095,-0.3067429,32.351284,0
206095173,206094768,3670050,0.0758202,-0.111852765,0.17979002,32.34149,0
207093069,207092603,3670050,-0.5957734,0.14582019,0.047646377,32.370647,0
208095172,208094767,3670050,-0.9837984,0.3584615,0.1134773,32.4541,0
209095140,209094768,3670050,-0.9326982,-0.17372687,-0.069863595,32.45818,0
210092694,210092286,3670050,1.0973822,0.03981426,-0.014114754,32.422276,0
211095175,211094768,3670050,0.36525255,-0.4283961,-0.38754323,32.451653,0
212095176,212094769,3670050,0.4181696,0.2630138,-0.034594465,32.375763,0
213095539,213095131,3670050,-0.3006709,0.41950116,-0.43633232,32.449203,0
214092691,214092284,3670050,-1.0413493,-0.030812776,-0.40458745,32.463894,0
215095174,215094767,3670050,-0.7013701,-0.1955293,-0.4400075,32.43941,0
216095184,216094777,3670050,0.24373251,0.41721082,-0.112704985,32.507957,0
217092675,217092268,3670050,-0.4294081,-0.17893781,-0.15765914,32.51285,0
218092676,218092269,3670050,-0.4909804,-0.50626695,-0.36591834,32.47613,0
219095501,219095057,3670050,0.14591703,-0.17216128,-0.3712931,32.535328,0
220095173,220094767,3670050,-0.77266294,-0.28493163,-0.43300337,32.510403,0
221095184,221094774,3670050,-0.37928742,0.065061025,0.6372679,32.53978,0
222095177,222094769,3670050,0.062531024,-0.14966966,-0.20178773,32.53733,0
223095175,223094768,3670050,-0.1507083,0.01206412,0.19126824,32.605877,0
227095201,227094794,3670050,0.096246645,0.03992079,0.022823293,32.60098,0
228092731,228092323,3670050,-0.11171961,0.108630344,0.048442904,32.566708,0
229095176,229094769,3670050,0.07800399,-0.102185495,-0.16245283,32.67197,0
230095180,230094769,3670050,0.14998923,-0.09046759,0.10516823,32.64749,0
231092675,231092268,3670050,-0.15646072,0.043595947,-0.019014971,32.6377,0
232095135,232094767,3670050,-0.12229828,0.20222269,0.05894463,32.64858,0
233095222,233094815,3670050,-0.10799118,-0.02775014,-0.012330436,32.694004,0
234095197,234094790,3670050,-0.057257965,-0.088736534,0.015233282,32.67442,0
235092676,235092269,3670050,0.15025556,-0.044554688,-0.011797803,32.73562,0
236095177,236094769,3670050,-0.15065503,0.017283916,0.054754596,32.738068,0
237095174,237094768,3670050,-0.08953548,0.09930928,-0.032943305,32.718483,0
238092764,238092332,3670050,-0.1455684,-0.027563717,0.13480923,32.70624,0
239095174,239094767,3670050,0.05672533,-0.20194751,0.031931303,32.74296,0
240095235,240094828,3670050,-0.1892975,-0.16740632,-0.020080235,32.750305,0
241095175,241094768,3670050,-0.13784523,0.03406183,-0.02759035,32.740513,0
242092638,242092269,3670050,-0.14354439,0.15976009,-0.07010032,32.754658,0
243095175,243094768,3670050,0.038029943,-0.046472162,0.08207863,32.787025,0
244095162,244094795,3670050,0.054002993,-0.12339313,-0.049475618,32.73562,0
245092638,245092268,3670050,-0.10519487,-0.0650699,0.122268684,32.74106,0
246095229,246094767,3670050,-0.7603325,-0.26037726,0.13827133,32.821297,0
247095175,247094768,3670050,0.752343,-0.33515882,0.06998788,32.811504,0
248095137,248094768,3670050,0.13738953,0.43930322,0.48839417,32.866177,0
249092678,249092268,3670050,1.1523498,-0.49755841,0.12048141,32.82864,0
250095186,250094818,3670050,-0.7425781,0.12025653,0.41131043,32.841698,0
251095177,251094769,3670050,-0.22623554,0.16093482,0.3382481,32.84088,0
252092676,252092268,3670050,-0.79197085,-0.17425063,0.22844596,32.90208,0
253095179,253094771,3670050,-0.2616822,-0.80464756,0.20692763,32.835987,0
254095174,254094767,3670050,0.41827607,0.15478294,0.45385593,32.88005,0
255095175,255094768,3670050,1.0573815,-0.35968652,0.22114891,32.82864,0
256092824,256092394,3670050,0.6597449,-0.2084989,0.3532417,32.92656,0
257095173,257094768,3670050,1.2813268,0.12330436,0.5192898,32.90698,0
258095175,258094767,3670050,0.70784163,0.08141284,0.418862,32.916767,0
259092679,259092271,3670050,0.24671525,0.22714102,-0.02362224,32.894737,0
260095175,260094769,3670050,-0.045886267,-0.026551718,0.041838262,32.96573,0
261095175,261094768,3670050,-0.22357237,0.11323761,0.054994278,32.88984,0
262095298,262094893,3670050,-0.07265104,0.1030377,-0.076965354,32.960835,0
263092673,263092268,3670050,-0.005885586,0.19819246,-0.043409526,32.948593,0
264095177,264094767,3670050,0.050972905,-0.1357147,0.06178534,32.990208,0
265095138,265094768,3670050,0.13599876,-0.1783726,0.021660378,32.964096,0
266092679,266092271,3670050,-0.0076699043,-0.04399542,-0.087191895,33.007343,0
267095174,267094767,3670050,-0.043303,0.15683356,0.0058589545,33.053856,0
268095312,268094906,3670050,0.33222935,0.47492152,-0.10956245,32.97552,0
269095173,269094767,3670050,0.19995013,-0.039521314,-0.029507827,32.973072,0
270092674,270092268,3670050,0.13238575,-0.0075367466,-0.07592673,32.97552,0
271095176,271094770,3670050,-0.22322617,0.067484505,-0.10338392,33.03427,0
272095174,272094768,3670050,-0.013156016,0.023009712,-0.10436928,33.0612,0
273092673,273092267,3670050,0.041545313,-0.14029533,0.014168018,33.066097,0
274095265,274094898,3670050,0.16982092,-0.054624394,-0.052967314,33.037537,0
275095172,275094767,3670050,0.02444782,-0.17329189,-0.103943184,33.08568,0
276095174,276094768,3670050,-0.024181504,-0.115527935,0.087085366,33.093025,0
277092675,277092268,3670050,0.2241849,0.015952336,-0.16977653,33.078335,0
278095178,278094768,3670050,-0.1370729,0.41987398,0.02958772,33.066097,0
279095174,279094768,3670050,-0.028975194,0.04857606,-0.057124805,33.05875,0
280092912,280092505,3670050,0.0681503,-0.10135991,-0.018295918,33.10037,0
281095173,281094768,3670050,0.13166669,-0.09158611,0.020612868,33.13464,0
282095175,282094767,3670050,-0.03733752,-0.32623723,-0.096033596,33.12974,0
283095175,283094768,3670050,0.19907129,0.0753142,-0.14074807,33.115055,0
284092674,284092268,3670050,-0.17142768,-0.24256071,-0.13763216,33.151775,0
285095174,285094768,3670050,-0.105780765,-0.28714207,-0.2627475,33.11016,0
286095337,286094970,3670050,-0.5616607,-0.38562572,-0.21577524,33.146336,0
287092673,287092268,3670050,0.28748825,-0.5395032,-0.49710566,33.173805,0
288095173,288094767,3670050,-0.1912416,0.38293594,-0.40594566,33.149326,0
290095174,290094768,3670050,-0.7819041,0.36551887,0.18239991,33.154224,0
291092675,291092268,3670050,-0.72027856,-0.57974356,-0.33009884,33.141983,0
292095353,292094986,3670050,-0.7034,-0.6957361,-0.6382414,33.233376,0
293095173,293094768,3670050,-0.4569452,0.23624903,-0.26162896,33.237453,0
294092673,294092267,3670050,-0.34770232,-0.81039995,-0.5021124,33.261932,0
295095139,295094769,3670050,-1.4075103,-0.64395237,-0.2908764,33.203453,0
297095177,297094768,3670050,0.15675367,-0.098776646,-0.41057956,33.215424,0
298092899,298092531,3670050,0.29575884,0.19565357,0.19124457,33.219772,0
299095172,299094767,3670050,-0.24415861,0.5582518,-0.5194496,33.283966,0
300095173,300094767,3670050,-0.33955306,0.12434299,0.22383869,33.23011,0
301092637,301092268,3670050,-0.08664151,0.066874936,0.00787112,33.344894,0
302095174,302094768,3670050,0.12314457,-0.04508732,0.0137685435,33.33048,0
303095175,303094768,3670050,-0.08948222,-0.048176587,0.10894992,33.28886,0
304095400,304094995,3670050,-0.3305516,-0.25078988,0.26221487,33.32558,0
305092672,305092267,3670050,-0.2932673,-0.12412994,0.36011267,33.305996,0
306095179,306094768,3670050,-0.6790528,-0.105780765,-0.004394216,33.320686,0
307095174,307094768,3670050,1.0555706,-0.00034621096,0.036964677,33.394123,0
308092679,308092272,3670050,-0.9145029,-0.17518273,0.008974853,33.372093,0
309092675,309092268,3670050,1.0454506,0.16263926,-0.025060346,33.38923,0
310095449,310095020,3670050,-0.5583584,-0.19768645,-0.065620296,33.38923,0
311095175,311094767,3670050,0.19068234,0.08524779,0.027031086,33.374542,0
312092675,312092267,3670050,0.036911417,-0.082984105,-0.031265512,33.450428,0
313095189,313094777,3670050,-0.38272288,-0.12668657,-0.14580807,33.384335,0
314095174,314094768,3670050,-0.64488447,-0.19228023,-0.1257811,33.406364,0
315092680,315092268,3670050,-0.64339316,0.056831863,-0.07621968,33.42595,0
316095468,316095037,3670050,-0.94273245,-0.100241385,-0.21875206,33.44798,0
317095174,317094768,3670050,0.4250405,-0.15028217,-0.27092338,33.43819,0
318095181,318094767,3670050,-0.9506953,-0.24048345,-0.28293425,33.45777,0
319092677,319092269,3670050,0.5098622,0.010785802,-0.306157,33.47246,0
320095175,320094768,3670050,0.13704628,-0.16205336,-0.33324137,33.477356,0
321095176,321094768,3670050,-0.45790392,-0.05637912,-0.17121464,33.477356,0
322092988,322092546,3670050,-0.03607373,-0.12279594,-0.27694458,33.512295,0
323095173,323094767,3670050,0.2595517,0.11422298,-0.057550915,33.52142,0
324095173,324094767,3670050,-0.002396845,-0.09571401,0.32381377,33.53611,0
325095140,325094769,3670050,-0.35417086,-0.16567822,-0.13386823,33.546173,0
326092676,326092269,3670050,0.1480185,0.09158611,0.20857878,33.541004,0
327095176,327094769,3670050,-0.42892873,0.08753811,-0.12926984,33.526314,0
328095442,328095075,3670050,0.11312517,-0.016393237,-0.120582014,33.543453,0
329092674,329092267,3670050,-0.032943305,0.027377298,-0.02346245,33.52387,0
330095174,330094767,3670050,-0.14133397,-0.08119978,-0.024980452,33.626682,0
331095176,331094769,3670050,0.04993427,-0.10404971,0.051665325,33.5459,0
332095137,332094768,3670050,0.009676152,0.03707712,-0.07181658,33.58153,0
337095180,337094773,3670050,-0.003914847,0.10229202,-0.056512278,33.543453,0
338095176,338094769,3670050,-0.021758027,-0.08831043,0.050600063,33.611996,0
339095177,339094769,3670050,0.041785,-0.22341259,-0.59487027,33.589962,0
340092677,340092268,3670050,0.39422774,-0.16703346,0.17662086,33.682987,0
341095174,341094768,3670050,0.29507825,-0.09765812,-0.0004527374,33.660954,0
342095176,342094770,3670050,0.066046394,-0.19060245,-0.06918893,33.6683,0
343092714,343092306,3670050,-0.0561927,-0.20237362,-0.044501424,33.685436,0
344095175,344094768,3670050,-0.011185277,0.0989897,-0.031931303,33.69033,0
345095175,345094768,3670050,-0.09371664,0.391751,0.06114618,33.670746,0
346095514,346095072,3670050,-0.053795855,0.048033744,-0.015276861,33.69033,0
347092725,347092290,3670050,0.30911314,0.09467538,-0.3359844,33.705017,0
348095197,348094790,3670050,0.6189985,-0.2672482,-0.24511735,33.673195,0
349095183,349094773,3670050,-0.13928333,-0.25595644,-0.052464273,33.75153,0
350092639,350092269,3670050,-0.27670243,-0.12712157,-0.0057701822,33.69849,0
351095176,351094768,3670050,0.6430469,-0.06303702,-0.14391723,33.7246,0
352095586,352095121,3670050,0.52018803,-0.11737278,-0.2800435,33.78825,0
353095192,353094784,3670050,0.19419771,0.18429075,-0.28056404,33.736843,0
354092637,354092268,3670050,0.8396651,0.0917607,-0.08406711,33.70937,0
355095211,355094805,3670050,-0.23252061,0.29129657,0.4121242,33.771114,0
356095174,356094768,3670050,0.84347636,0.36328182,0.37856835,33.77601,0
357092681,357092269,3670050,-0.126367,0.27071032,0.30368027,33.72705,0
358095179,358094772,3670050,0.27334687,0.33467948,0.43324307,33.773563,0
359095201,359094773,3670050,-0.6677877,-0.29640985,0.5961486,33.798042,0
360095176,360094769,3670050,-0.60512346,-0.42541337,0.36527917,33.817627,0
361092679,361092268,3670050,0.9677129,-0.10309097,0.51572114,33.81028,0
362095137,362094768,3670050,0.6881313,-0.53606474,0.4691602,33.831768,0
363095175,363094768,3670050,0.727043,0.1402687,0.3919907,33.854347,0
364092678,364092269,3670050,0.107165605,-0.69338065,0.6732205,33.834763,0
365095192,365094824,3670050,0.36843356,-0.39287546,0.37293133,33.87529,0
366095135,366094767,3670050,0.06089762,-0.526359,0.3103175,33.82361,0
367095263,367094857,3670050,0.6784137,-0.16836505,0.32178977,33.915546,0
368092677,368092268,3670050,0.0777643,-0.14130734,0.16796558,33.856792,0
369095175,369094768,3670050,0.5699697,0.07560714,0.3447462,33.829865,0
370095141,370094769,3670050,-0.06865037,-0.036988348,-0.020713476,33.90793,0
371092739,371092370,3670050,-0.07962852,0.14597084,-0.07072173,33.89705,0
372095174,372094768,3670050,-0.15925704,-0.010466223,0.052464273,33.871483,0
373095173,373094767,3670050,0.11342403,-0.089428954,-0.029481195,33.92044,0
374095137,374094768,3670050,-0.06583926,-0.07835612,-0.06717084,33.90793,0
375092674,375092268,3670050,0.054754596,0.07965515,0.008042747,33.9694,0
376095177,376094768,3670050,0.110068455,-0.2440521,0.06692524,33.837208,0
377095202,377094834,3670050,0.12499103,-0.08249881,-0.034739457,33.94601,0
378092635,378092268,3670050,0.10714785,0.06965646,0.019085988,33.90793,0
379095173,379094767,3670050,0.12924321,0.29763487,-0.032570463,33.92289,0
380095175,380094768,3670050,0.0005326322,0.110467926,-0.03536678,33.932682,0
381095173,381094767,3670050,-0.0127831735,-0.14570156,-0.08807074,33.94737,0
382092637,382092268,3670050,0.22630951,-0.13585082,-0.1847938,34.00041,0
383095282,383094851,3670050,-0.14964303,0.08135957,0.056885123,33.954712,0
384095174,384094767,3670050,-0.20013656,-0.15933692,-0.106473185,33.94492,0
385092674,385092268,3670050,-0.009534117,-0.07765778,-0.0056192703,33.932682,0
386095175,386094768,3670050,0.0041012685,0.011611383,-0.0022903187,33.97919,0
387095137,387094768,3670050,0.0822325,0.36076954,-0.0806346,33.91609,0
388095175,388094768,3670050,-0.005752428,0.05339638,-0.051292486,33.964504,0
389092831,389092427,3670050,-0.56198025,-0.4486894,-0.16013588,33.988983,0
390095173,390094767,3670050,0.48802426,-0.8028366,-0.32261536,33.98409,0
391095136,391094767,3670050,0.6892557,0.19375977,0.20710517,34.005848,0
395095330,395094908,3670050,-0.55148745,-0.5964149,0.054142065,34.062424,0
396092674,396092268,3670050,0.47604007,0.122851625,0.42378885,34.07956,0
397095176,397094769,3670050,-0.77117157,-0.25808695,0.34567833,34.106487,0
398095178,398094768,3670050,0.8205732,-0.31750208,0.19534287,34.001225,0
399092636,399092268,3670050,-1.0774854,-0.3777842,0.29741594,34.049366,0
400095141,400094772,3670050,-0.46054935,-0.7286113,0.23045221,34.111927,0
401095316,401094947,3670050,-0.5573109,-0.428621,0.32783514,34.06297,0
402095175,402094768,3670050,1.0157031,-0.09297096,-0.08950885,34.05508,0
403092675,403092267,3670050,-0.053156696,0.22775355,-0.15097462,34.064873,0
404095140,404094770,3670050,0.11484143,0.016659552,0.0036692442,34.120087,0
405095176,405094769,3670050,0.10428939,0.065540396,-0.18759307,34.165237,0
406092675,406092268,3670050,0.04660532,-0.16919063,-0.026205506,34.10404,0
407095373,407094965,3670050,-0.340352,0.0021837922,-0.019867182,34.096695,0
408095175,408094769,3670050,-0.2565423,-0.11305119,0.14820492,34.111385,0
409095139,409094768,3670050,0.047818538,-0.09152397,-0.116409734,34.090168,0
410092677,410092269,3670050,0.09616675,-0.09712549,0.06644587,34.221542,0
411095176,411094769,3670050,0.19262645,0.5765478,-0.07989483,34.17503,0
412095175,412094769,3670050,-0.106659606,-0.036565203,-0.067484505,34.2093,0
413092875,413092507,3670050,0.14922579,-0.08850572,0.031336527,34.177208,0
414095174,414094768,3670050,0.24330641,-0.038216364,-0.0757403,34.19951,0
415095176,415094769,3670050,0.14514229,-0.068656296,-0.08578042,34.165237,0
416095178,416094769,3670050,0.2581402,-0.11251856,-0.095181376,34.194614,0
417092638,417092268,3670050,0.33203703,-0.41299713,0.0004142695,34.193527,0
418095138,418094769,3670050,0.14597084,-0.16058862,0.00073976704,34.185368,0
419095340,419094972,3670050,0.04935725,-0.053884625,-0.09433509,34.174488,0
420092672,420092267,3670050,0.12618057,0.21054953,0.13179985,34.172585,0
421095177,421094769,3670050,0.057098176,0.20599551,-0.07435546,34.182373,0
422095176,422094769,3670050,-0.05800365,-0.061971758,-0.01504686,34.219093,0
423095176,423094769,3670050,-0.23707461,-0.11166635,-0.15848473,34.206856,0
424092676,424092268,3670050,0.1614142,0.13390374,-0.026738139,34.28274,0
425095425,425094995,3670050,0.23534356,-0.083969474,0.0088949585,34.170135,0
426095175,426094769,3670050,-0.10655308,0.20583573,0.08000136,34.238678,0
427092640,427092269,3670050,0.2844848,-0.41278997,-0.09551871,34.256084,0
428095177,428094769,3670050,0.28309402,-0.2681537,-0.013076122,34.238678,0
429095175,429094768,3670050,0.058030285,0.1628523,-0.08476842,34.172585,0
430095173,430094767,3670050,0.27981836,0.36703688,0.032091092,34.24847,0
431092937,431092569,3670050,-0.09785638,0.00047345087,-0.13667935,34.239765,0
432095138,432094768,3670050,0.2403059,0.045540057,0.25335538,34.234325,0
433095185,433094769,3670050,-1.2874521,-0.12511532,0.24383904,34.263157,0
434092679,434092269,3670050,-1.1838816,0.08721853,0.5058142,34.31946,0
435095174,435094768,3670050,0.44280383,-0.19331887,-0.053769227,34.28519,0
436095175,436094769,3670050,0.7465373,-0.72022533,0.16165388,34.258263,0
437095404,437095036,3670050,0.65901405,0.28557965,0.33147478,34.277847,0
438092673,438092268,3670050,-0.047590688,-0.7342335,0.059228707,34.28519,0
439095175,439094768,3670050,-0.51297814,-0.8462461,0.58379155,34.314564,0
440095178,440094769,3670050,-0.5229383,-0.6125803,0.19188076,34.30722,0
441092676,441092269,3670050,-0.76845515,-0.21779332,0.3754791,34.34884,0
442092675,442092268,3670050,-0.43018043,0.384667,0.38741007,34.304775,0
443095480,443095052,3670050,0.79958755,-0.21286647,-0.22871228,34.280293,0
446095178,446094770,3670050,0.13113405,-0.06620619,0.1406948,34.336597,0
447095138,447094769,3670050,0.36523777,0.09306269,0.073473655,34.345844,0
448092676,448092268,3670050,0.087591365,-0.033502568,-0.0006657903,34.397797,0
449095507,449095075,3670050,0.11414309,0.056112804,-0.005352954,34.38311,0
450095174,450094768,3670050,-0.202853,0.10221213,-0.013369069,34.38311,0
451095177,451094768,3670050,0.06820356,-0.07890947,-0.064847976,34.373318,0
452092682,452092275,3670050,0.011851067,0.08048073,-0.015499598,34.34394,0
453095179,453094769,3670050,-0.37148434,-0.23236081,0.07930894,34.38066,0
454095175,454094768,3670050,0.13182648,-0.21872543,-0.056086175,34.392902,0
455093087,455092621,3670050,-0.40780264,0.20697604,-0.0025905296,34.4225,0
456095173,456094768,3670050,0.11867046,0.60882527,-0.03235741,34.395348,0
457095136,457094767,3670050,0.07107681,0.088653676,-0.032904837,34.356724,0
458095174,458094768,3670050,0.18101506,-0.14737934,-0.13962953,34.44676,0
459092675,459092268,3670050,-0.40930125,0.40759683,0.16157399,34.434517,0
460095174,460094768,3670050,0.9505355,-0.03342267,-0.11004182,34.4541,0
461095491,461095049,3670050,-0.8552621,0.19579077,0.005520007,34.424725,0
462092638,462092269,3670050,0.30786142,0.46620116,-0.14756873,34.402966,0
463095170,463094767,3670050,-1.0162032,-0.13221116,0.2432058,34.405685,0
464095176,464094769,3670050,-0.020240024,0.4185424,0.51556134,34.434517,0
465095175,465094768,3670050,0.6737265,-0.7176154,0.14857776,34.385555,0
466092674,466092268,3670050,0.38285604,-0.80510026,-0.007989483,34.451653,0
467095505,467095064,3670050,0.69501245,0.17366232,0.44043845,34.4314,0
468095159,468094767,3670050,-0.5837649,-0.47318456,0.017340139,34.397526,0
469092673,469092268,3670050,0.81985414,0.00593885,0.24663536,34.485924,0
470095207,470094801,3670050,-0.51433635,-0.7029148,0.07962852,34.44676,0
471095175,471094768,3670050,-0.57881147,-0.01257012,0.19449066,34.48103,0
472095174,472094768,3670050,-0.36754286,-0.0577107,0.33012545,34.498165,0
473092639,473092268,3670050,0.30718085,-0.06995236,0.70319295,34.470963,0
474095134,474094767,3670050,1.5142143,-0.2695119,0.3771332,34.511765,0
475095213,475094806,3670050,1.5855397,0.18905781,-0.16306536,34.47613,0
476092745,476092267,3670050,0.2810168,-0.08452873,-0.10586066,34.50306,0
477095176,477094768,3670050,-0.08628642,-0.14399713,-0.06958841,34.520195,0
478095175,478094768,3670050,-0.021278657,0.12751216,-0.1955293,34.49082,0
479095137,479094768,3670050,-0.011865863,0.027134653,-0.12768379,34.525364,0
480092755,480092324,3670050,-0.13739249,0.086765796,0.0034621095,34.522644,0
481095175,481094768,3670050,-0.23768713,-0.16383767,0.08953548,34.522644,0
482095238,482094831,3670050,-0.014301175,-0.045353636,-0.057231337,34.53978,0
483092675,483092268,3670050,0.11480888,-0.050147325,0.026391927,34.554466,0
484095173,484094767,3670050,0.35944688,0.12543489,0.046978164,34.53978,0
485095137,485094768,3670050,0.10821312,-0.012072997,0.029501908,34.568882,0
486095191,486094787,3670050,0.047857005,0.06996125,-0.047137953,34.517746,0
487095174,487094768,3670050,0.15443672,-0.027057717,-0.06628608,34.549572,0
488095233,488094826,3670050,0.20112193,-0.1381648,-0.06785735,34.544674,0
489095174,489094768,3670050,-0.04079963,0.026391927,-0.005885586,34.593636,0
490092638,490092268,3670050,-0.12670729,0.026394887,-0.05838241,34.555283,0
491095137,491094768,3670050,-0.15854685,-0.29561087,0.12037488,34.587925,0
492095241,492094811,3670050,0.04807006,-0.065620296,-0.05643239,34.583843,0
493097721,493097314,3670050,-0.10373013,0.19795276,-0.07020093,34.583843,0
494092677,494092268,3670050,-0.047670584,0.5103948,-0.06431534,34.603428,0
495095178,495094771,3670050,0.16138756,-0.043968793,-0.04063984,34.596085,0
498095280,498094875,3670050,-0.17496969,0.046871636,0.004474111,34.618114,0
499095173,499094768,3670050,-0.25209484,0.01816276,0.015020229,34.605877,0
500095175,500094768,3670050,0.009986854,-0.33997914,0.05747102,34.618114,0
501092680,501092271,3670050,-0.021758027,-0.23800671,0.032037828,34.605877,0
502095176,502094769,3670050,0.165116,-0.06287724,-0.10186591,34.59853,0
503095138,503094769,3670050,0.22681256,0.32623723,0.099069595,34.631443,0
504092860,504092455,3670050,0.006578008,0.12034825,-0.14897723,34.627907,0
505095172,505094767,3670050,0.38948733,0.0500408,0.11201256,34.652386,0
506095173,506094767,3670050,0.72709626,-0.5674664,0.37057889,34.620564,0
507095175,507094768,3670050,-0.97410446,-0.19608855,0.21915154,34.66952,0
508092638,508092269,3670050,0.555565,0.058116097,0.33617973,34.593365,0
509095136,509094767,3670050,0.47072852,0.4459907,0.3131286,34.653202,0
510095271,510094867,3670050,-0.27188212,0.32959282,0.8032893,34.676865,0
511092674,511092268,3670050,0.63796026,0.005912218,0.21358553,34.689106,0
512095175,512094768,3670050,0.9461946,0.049641326,0.30509174,34.676865,0
513095175,513094768,3670050,0.3369698,0.45374942,0.37553236,34.73562,0
514095176,514094769,3670050,0.7865114,0.19973709,0.28277445,34.659733,0
515092675,515092269,3670050,0.5475459,0.40589237,0.47649282,34.667076,0
516095320,516094890,3670050,-0.100268014,-0.3979562,-0.020532971,34.68666,0
517095171,517094767,3670050,0.99985725,-0.18993665,0.34432012,34.70624,0
518092675,518092267,3670050,0.81351584,0.31417313,-0.069828086,34.689106,0
519095176,519094768,3670050,0.42525357,0.22634207,0.057604175,34.73562,0
520095174,520094768,3670050,0.069535136,-0.030839406,-0.0020772656,34.6989,0
521095174,521094768,3670050,-0.00058589544,0.0010918961,0.3060505,34.755203,0
522092834,522092466,3670050,0.21095197,0.050688833,-0.2050634,34.723923,0
523095177,523094768,3670050,-0.49590722,-0.06665892,0.024687504,34.725826,0
524095175,524094768,3670050,-0.2781938,0.036032572,-0.023728766,34.703793,0
525092678,525092270,3670050,0.026738139,-0.069721565,-0.00660464,34.723377,0
526095175,526094768,3670050,0.13062805,-0.12775184,-0.053982276,34.68421,0
527095175,527094768,3670050,-0.28983185,-0.003222425,0.023728766,34.73072,0
528095359,528094930,3670050,-0.23518378,-0.13502227,-0.087085366,34.74541,0
529092674,529092268,3670050,-0.024367925,-0.13347764,0.108603716,34.728275,0
530095174,530094767,3670050,0.14511566,0.005193164,0.08892295,34.70624,0
531095175,531094768,3670050,0.2561162,0.028256139,0.029188246,34.752754,0
532092678,532092270,3670050,-0.19201392,0.07134608,-0.039760996,34.76744,0
533095175,533094768,3670050,0.17981665,0.08322378,0.17560886,34.76989,0
534095351,534094946,3670050,0.12540826,0.133451,0.43207127,34.80906,0
535095136,535094768,3670050,1.046356,-0.3222425,0.09608094,34.797363,0
536092674,536092267,3670050,0.07685883,0.47601342,0.44197822,34.821297,0
537095175,537094768,3670050,-0.2042911,-0.5018727,-0.06189187,34.76989,0
538095175,538094768,3670050,-0.24977788,-0.51100737,-0.09158611,34.755203,0
539092676,539092269,3670050,0.8019577,0.48216534,0.024980452,34.796818,0
540095409,540095001,3670050,0.1201352,0.40243027,-0.07475494,34.777233,0
541095172,541094767,3670050,-0.14522217,0.16567527,-0.571328,34.789474,0
542095136,542094767,3670050,-0.10048995,0.43803084,-0.048558302,34.84632,0
543092675,543092268,3670050,-0.7621435,0.11888351,-0.16588831,34.855568,0
544095172,544094767,3670050,-0.03435478,-0.6303969,-0.5464274,34.787025,0
545095174,545094768,3670050,0.28107002,0.42237735,-0.1679123,34.801712,0
546092920,546092546,3670050,0.79332614,-0.25613692,-0.48108527,34.791924,0
550092676,550092269,3670050,-0.5902098,0.2168612,-0.2775014,34.855568,0
551095174,551094768,3670050,-0.80872214,-0.17920412,-0.30898,34.88005,0
552095441,552095009,3670050,-0.085141264,0.045833007,0.16660737,34.84088,0
553092673,553092268,3670050,-0.16516925,0.12290489,-0.16160062,34.84088,0
554095174,554094768,3670050,0.05800365,0.040559944,-0.006657903,34.884945,0
555095176,555094769,3670050,0.7101053,-0.007616641,0.09592707,34.8776,0
556095176,556094769,3670050,0.072943985,0.027537087,0.025300032,34.911873,0
557092675,557092268,3670050,0.1107875,0.01057275,-0.15715314,34.86536,0
558095461,558095029,3670050,-0.10277139,0.007962852,-0.055739965,34.90453,0
559095176,559094768,3670050,-0.31505197,0.033981934,0.01781655,34.89963,0
560092673,560092267,3670050,-0.17371799,0.01635181,-0.019201392,34.933903,0
561095175,561094768,3670050,0.21022995,-0.27489153,-0.10958908,34.850674,0
562095175,562094768,3670050,0.097018965,-0.15387745,0.03190467,34.882496,0
563095174,563094768,3670050,0.25321335,0.22634207,-0.14913702,34.91432,0
564093042,564092635,3670050,-0.10945592,0.4118845,-0.09803096,34.951042,0
565095172,565094767,3670050,-0.024927188,0.09699233,-0.064954504,34.911873,0
566095173,566094767,3670050,0.33190978,-0.17781927,0.10066749,34.92656,0
567092713,567092306,3670050,0.323654,-0.106899284,-0.26772758,34.92656,0
568095178,568094769,3670050,0.020932445,-0.13275859,-0.019307919,34.90698,0
569095175,569094769,3670050,0.32639703,0.10711234,0.15893745,34.948593,0
570095498,570095069,3670050,0.22450449,-0.000106526444,-0.10077401,34.96328,0
571092660,571092267,3670050,0.13821806,-0.11282926,-0.023583772,34.96872,0
572095136,572094767,3670050,0.08894958,-0.18079905,-0.057968143,34.98504,0
573095177,573094768,3670050,-0.25864622,-0.24791367,-0.051771857,34.973072,0
574092675,574092268,3670050,0.03542004,-0.19718045,-0.009560749,34.992657,0
575092675,575092268,3670050,0.08586031,0.1500425,-0.05254417,35.01224,0
576095524,576095094,3670050,-0.022237396,0.8885637,-0.04082626,34.955936,0
577095172,577094767,3670050,-0.027723508,0.10016149,-0.040506683,34.992657,0
578092706,578092299,3670050,0.04463458,-0.05107943,-0.010599381,34.968178,0
579095140,579094769,3670050,-0.19263531,-0.14043736,0.05497948,35.034,0
580095141,580094769,3670050,0.2295941,-0.119280025,-0.027371379,35.04488,0
581092679,581092268,3670050,0.027989823,-0.12191952,-0.04410195,34.968178,0
582095483,582095040,3670050,-0.12173068,-0.2665098,-0.06183376,34.98331,0
583095173,583094768,3670050,-0.45225805,-0.0707602,0.071186304,34.980415,0
584095177,584094767,3670050,0.19478361,0.013369069,-0.0007190535,35.03427,0
585092707,585092297,3670050,0.045486793,0.2700978,0.017789917,35.00245,0
586095179,586094770,3670050,0.09278453,0.26389265,-0.05273059,34.985313,0
587095177,587094768,3670050,-0.02593919,0.05733786,-0.014301175,35.046513,0
588092640,588092269,3670050,-0.028140735,-0.14321889,-0.56240046,35.0068,0
589095158,589094767,3670050,0.53280973,-0.00032549747,-0.08536912,35.06936,0
590095188,590094782,3670050,1.4532071,-0.09504822,-0.06303702,35.022034,0
591095176,591094768,3670050,0.57052904,-0.0010918961,0.031851407,35.03917,0
592092678,592092269,3670050,-0.68768144,-0.6236857,-0.37372142,35.02448,0
593095179,593094768,3670050,0.5335377,0.5126319,-0.09901634,35.05875,0
594095524,594095082,3670050,-0.116791725,-0.7177462,-0.4710648,35.063427,0
595092670,595092299,3670050,0.6631863,0.31981608,-0.07625518,35.06936,0
596095264,596094812,3670050,0.7700797,-0.5605954,-0.35467982,35.07344,0
597095232,597094826,3670050,-0.7894675,-0.63609606,-0.43063316,35.105263,0
598095138,598094768,3670050,-1.7196032,-0.6145688,-0.38802257,35.06664,0
599092681,599092269,3670050,0.5597432,-0.11880362,0.108204246,35.07099,0
600095175,600094768,3670050,-0.31286818,0.19126824,-0.15446335,35.056305,0
601095194,601094765,3670050,0.08540758,0.056032915,-0.035153728,35.051407,0
602092677,602092267,3670050,-0.018588865,0.013981596,0.015899071,35.127296,0
603095206,603094798,3670050,0.087564744,-0.10191918,-0.051159326,35.07589,0
604095175,604094768,3670050,-0.0118777,-0.08735169,-0.027616981,35.154224,0
605095188,605094782,3670050,-0.012650016,0.014434334,0.0020772656,35.112606,0
606092639,606092268,3670050,-0.31093886,-0.13747829,-0.06802897,35.12104,0
607095214,607094785,3670050,-0.515082,-0.039388157,0.031478565,35.10771,0
608095174,608094768,3670050,-0.04034689,-0.013262542,-0.054754596,35.124847,0
609092676,609092267,3670050,-0.3885552,0.31481227,0.009747171,35.112606,0
610095174,610094768,3670050,-0.01781655,0.06396913,0.03717773,35.151775,0
611095174,611094768,3670050,0.14772555,-0.028655613,0.024474451,35.139534,0
612095175,612094768,3670050,0.10327739,-0.09717875,0.053156696,35.10771,0
613092791,613092362,3670050,0.25086978,-0.13214606,0.012303805,35.16891,0
614095175,614094768,3670050,0.32336104,-0.14325145,0.007323693,35.154224,0
615095231,615094767,3670050,-0.09110674,-0.16767263,-0.097897805,35.23011,0
616092679,616092270,3670050,-0.01984055,-0.049907643,0.0006125271,35.117504,0
617095139,617094768,3670050,-0.04749304,0.15295422,-0.16582617,35.13464,0
618095174,618094768,3670050,0.004500742,0.7639544,0.018242653,35.176254,0
619095256,619094826,3670050,0.13028185,0.052118063,-0.025885928,35.16891,0
620092675,620092268,3670050,0.08442221,0.049614694,0.089322425,35.13219,0
621095173,621094767,3670050,0.8700814,-0.06724482,0.165622,35.178703,0
622095175,622094768,3670050,0.17491642,-0.48687914,-0.006657903,35.188496,0
627092676,627092267,3670050,-0.5651228,0.16389094,0.418862,35.183598,0
628095175,628094768,3670050,0.4956143,0.2877013,0.2963566,35.26928,0
629095175,629094768,3670050,0.960762,0.02231729,0.32503882,35.19584,0
630092675,630092268,3670050,0.7364972,-0.14290524,0.25521073,35.151775,0
631095234,631094866,3670050,0.23128076,0.31768554,0.5523396,35.199917,0
632095174,632094768,3670050,0.8158861,-0.77367496,0.24746093,35.183598,0
633095173,633094767,3670050,1.6131567,-0.07526094,0.53135395,35.19094,0
634092675,634092268,3670050,1.2460932,-0.09600696,0.17659423,35.212975,0
635095176,635094769,3670050,-0.26881948,0.16498283,-0.08530106,35.188496,0
636095176,636094768,3670050,0.23449133,0.17502296,0.01933455,35.20808,0
637092810,637092442,3670050,-0.21340798,0.09832983,0.04784813,35.262478,0
638095174,638094768,3670050,0.31872714,0.07094661,0.090014845,35.239902,0
639095173,639094767,3670050,0.3690076,-0.08114652,0.064102285,35.26438,0
640095177,640094771,3670050,0.08234495,-0.048496164,-0.26306707,35.26928,0
641092676,641092268,3670050,0.15193334,-0.056352492,-0.03286341,35.244797,0
642095175,642094768,3670050,0.0051399013,0.01057275,-0.09981529,35.296207,0
643095336,643094906,3670050,0.2799515,0.099548966,-0.08119978,35.215424,0
644092677,644092268,3670050,0.075766936,-0.029294772,-0.03355583,35.259487,0
645095175,645094768,3670050,-0.2103631,0.052464273,0.040879525,35.237453,0
646095175,646094769,3670050,0.14215954,-0.04609932,-0.078509994,35.283966,0
647095175,647094768,3670050,-0.06013418,0.120987415,-0.026232136,35.29131,0
648092675,648092268,3670050,0.027563717,-0.104608975,0.014700649,35.25214,0
649095362,649094955,3670050,0.0727842,-0.08218516,-0.044448163,35.29131,0
650095174,650094768,3670050,0.07241135,-0.31920648,-0.0035153728,35.274174,0
651092674,651092267,3670050,0.023009712,-0.21933796,-0.014567492,35.335373,0
652095174,652094768,3670050,0.03619236,0.0769121,-0.083064,35.308445,0
653095176,653094768,3670050,0.072970614,0.42789012,-0.032197617,35.30355,0
654095175,654094768,3670050,0.09520801,0.031931303,0.0062584286,35.283966,0
655092942,655092532,3670050,-0.007936221,-0.04580637,-0.089695275,35.271725,0
656095173,656094767,3670050,0.0989897,0.090014845,-0.015206651,35.337822,0
657095176,657094769,3670050,0.066312715,-0.052118063,-0.061732076,35.271725,0
658092639,658092268,3670050,0.24838416,-0.23761316,-0.069360554,35.33048,0
659095138,659094769,3670050,-0.48170668,-0.3489037,0.21817207,35.33048,0
660095139,660094769,3670050,-0.28596434,-0.11490061,-0.07033704,35.31144,0
661095331,661094964,3670050,-0.019914526,0.21175091,0.08643438,35.33864,0
662092672,662092267,3670050,0.09510148,0.80363554,-0.05832323,35.32803,0
663095177,663094768,3670050,-0.919989,-0.25270736,-0.20381172,35.30355,0
664095176,664094769,3670050,-0.10069413,-0.8828646,0.22642197,35.347614,0
665092677,665092268,3670050,-0.84395576,-0.39095205,-0.06442187,35.310894,0
666092677,666092268,3670050,0.08703211,0.35081822,0.25696844,35.318237,0
667095416,667094985,3670050,0.2922553,0.13036174,0.22170816,35.35251,0
668097674,668097267,3670050,0.14879082,-0.86297077,0.17350495,35.345165,0
669092675,669092267,3670050,0.10527477,-0.73718965,0.09270464,35.323135,0
670095177,670094769,3670050,0.6306366,0.1315069,0.23805998,35.332924,0
671095176,671094768,3670050,-0.7375891,0.016245283,0.32016525,35.403915,0
672092675,672092268,3670050,0.83255744,-0.17638116,0.16825852,35.406364,0
673095373,673095004,3670050,0.1526879,-0.71230686,0.05974358,35.371277,0
674095219,674094813,3670050,0.39824912,-0.6925817,0.09901634,35.374542,0
675095176,675094768,3670050,-0.04245079,-0.20018983,0.09669938,35.430843,0
676092678,676092269,3670050,-0.22397186,-0.023888556,-0.5294098,35.391678,0
677095175,677094769,3670050,0.22623554,-0.095820546,-0.023489082,35.35985,0
678095173,678094767,3670050,-0.02876214,-0.053050168,-0.048815746,35.38923,0
679092983,679092577,3670050,-0.014780545,0.09227853,0.05968144,35.403915,0
680095176,680094769,3670050,-0.033156358,0.08945558,-0.03025351,35.39902,0
681095175,681094768,3670050,-0.02609898,-0.084582,-0.15241271,35.374542,0
682095178,682094770,3670050,0.1469266,-0.33973947,-0.0732902,35.45777,0
683092643,683092269,3670050,-0.108005986,-0.17520642,0.15718569,35.360397,0
684095175,684094768,3670050,0.1614142,-0.10562097,-0.048496164,35.381886,0
685095481,685095074,3670050,-0.1504686,0.34442663,-0.09893644,35.38923,0
686092673,686092267,3670050,-0.057044912,0.8531969,-0.080560625,35.406364,0
687095177,687094767,3670050,-0.03536678,0.17307885,0.1138235,35.47246,0
688095175,688094768,3670050,-0.061066285,-0.019600866,-0.0102531705,35.38678,0
689095176,689094770,3670050,-0.37824878,-0.059042282,-0.077258304,35.438187,0
690092676,690092268,3670050,0.030146986,-0.020772656,0.004527374,35.396572,0
691095498,691095068,3670050,-0.36093825,-0.22240059,0.064475134,35.40147,0
692095173,692094767,3670050,0.69058436,-0.25835326,-0.1041296,35.384335,0
693092681,693092274,3670050,0.23784693,-0.028815405,-0.119948775,35.430843,0
694095175,694094769,3670050,0.0055926386,0.40099218,-0.08519452,35.465115,0
698095175,698094768,3670050,-0.21544974,0.49316418,0.23734093,35.418606,0
699095136,699094767,3670050,-1.1432062,-0.20586236,0.13212238,35.548077,0
700092683,700092273,3670050,0.83751094,-0.19411783,0.43846285,35.440636,0
701095176,701094769,3670050,1.0306966,0.15571503,0.61569625,35.44798,0
702095175,702094768,3670050,0.8781774,0.28639635,0.43350938,35.450428,0
703095534,703095105,3670050,-0.011025487,-0.7720238,0.05249091,35.504284,0
704092696,704092268,3670050,-0.683527,-0.26202843,0.32402682,35.52387,0
705095174,705094767,3670050,0.5556686,-0.7203851,0.08575379,35.48715,0
706095176,706094769,3670050,-0.5890113,-0.25385252,0.43726444,35.46022,0
707092676,707092269,3670050,1.1494737,-0.55644095,0.3348659,35.553246,0
708092675,708092268,3670050,0.41987398,0.19457056,0.54200655,35.52142,0
709095554,709095089,3670050,1.1261055,0.11846226,0.16666546,35.504063,0
710095174,710094768,3670050,0.5806224,-0.07307714,-0.34850127,35.516525,0
711092674,711092268,3670050,0.12721922,0.39119175,0.4899151,35.470013,0
712095170,712094801,3670050,-0.7257114,-0.42228857,-0.57991815,35.531757,0
713095175,713094768,3670050,-0.37513286,-0.13579458,0.2381665,35.514076,0
714092639,714092268,3670050,0.43885937,-0.007131354,-0.108005986,35.51272,0
715095589,715095113,3670050,0.44666055,0.0007263167,-0.2203887,35.561924,0
716095141,716094773,3670050,0.25202382,0.2104489,-0.043912567,35.501835,0
717095206,717094799,3670050,0.23539682,-0.026951192,-0.08231831,35.52142,0
718092744,718092268,3670050,0.11227888,0.09249159,-0.018002968,35.541004,0
719095174,719094768,3670050,0.096033596,-0.21052289,-0.08996159,35.585068,0
720095176,720094767,3670050,-0.12381036,-0.09094695,0.172706,35.57038,0
721092674,721092268,3670050,0.13574132,-0.099975064,-0.07805725,35.514076,0
722095205,722094796,3670050,0.14839134,0.3027748,0.046525422,35.506733,0
723095207,723094786,3670050,0.1000017,0.46019423,-0.089721896,35.57038,0
724095246,724094768,3670050,0.10849718,0.024421189,-0.06572682,35.59486,0
725092677,725092268,3670050,0.25853968,-0.06990798,-0.053369753,35.50918,0
726095174,726094768,3670050,-0.1721201,0.0076432726,-0.01850897,35.548347,0
727095179,727094768,3670050,0.0752343,-0.06732471,-0.03273025,35.55814,0
728092769,728092338,3670050,-0.021038974,-0.5714878,0.062531024,35.602203,0
729095173,729094767,3670050,0.10354371,0.25768748,-0.17156084,35.541004,0
730095175,730094769,3670050,-0.24341293,0.067298084,-0.08586031,35.604652,0
731095175,731094768,3670050,0.046019424,-0.37262952,-0.06314355,35.63158,0
732092638,732092268,3670050,-0.090961754,0.052908137,-0.066371895,35.594315,0
733095138,733094769,3670050,0.06992278,-0.19091907,0.05802732,35.594315,0
734095239,734094833,3670050,-0.54461646,-0.2202168,0.083277054,35.59731,0
735092673,735092268,3670050,0.08700548,-0.11930962,-0.05864281,35.61689,0
736095248,736094768,3670050,-0.16074842,0.2154231,-0.020213393,35.636475,0
737095176,737094769,3670050,0.09984191,0.698707,-0.016698021,35.609547,0
738095174,738094768,3670050,-0.011132013,0.019041602,-0.08058726,35.611996,0
739092679,739092268,3670050,0.22740734,-0.27608994,0.008175905,35.609547,0
740095260,740094851,3670050,0.3403786,-0.74651074,0.22559638,35.63158,0
741095175,741094769,3670050,-0.6684801,0.2756638,0.10378339,35.638924,0
742092675,742092268,3670050,-0.91327786,0.26325348,0.3585414,35.607098,0
743095175,743094768,3670050,1.3440176,-0.32288167,0.3069027,35.624237,0
744095176,744094769,3670050,-0.24628913,-0.76584524,0.24455808,35.609547,0
745095175,745094768,3670050,-0.4319115,-0.54573494,0.12895027,35.697674,0
746092800,746092395,3670050,-0.29920617,-0.70560455,0.09616675,35.626682,0
747095173,747094768,3670050,0.7433682,-0.30977893,0.21579595,35.604652,0
748095173,748094767,3670050,-0.20061593,-0.011664646,0.45601308,35.626682,0
749092678,749092271,3670050,1.0558635,0.47849017,0.44197822,35.626682,0
750095177,750094770,3670050,-0.11121361,-0.37188384,-0.22711438,35.626682,0
751095175,751094768,3670050,-0.34487936,0.09944244,-0.5181446,35.68788,0
752095293,752094861,3670050,-0.14524882,0.045673214,0.16623452,35.68054,0
753095137,753094768,3670050,0.20009217,0.077113315,0.15709692,35.643276,0
754095138,754094767,3670050,-0.69606155,-0.03565677,0.025092896,35.656876,0
755095141,755094772,3670050,1.2277764,0.050659243,0.37532818,35.670475,0
756092675,756092268,3670050,-0.4271178,-0.015899071,0.047697216,35.651165,0
757095173,757094768,3670050,-0.16996294,0.009241169,-0.10181265,35.697674,0
758095313,758094883,3670050,-0.33193642,-0.22980419,-0.039414786,35.736843,0
759097637,759097268,3670050,0.6076446,0.103685744,0.07137272,35.635117,0
760092674,760092267,3670050,0.11158645,-0.054461647,-0.12700616,35.65361,0
761095175,761094768,3670050,0.08548747,0.006045376,0.24932516,35.685436,0
762095175,762094768,3670050,0.025193503,-0.0069508506,0.015073493,35.648716,0
763092678,763092269,3670050,0.1439705,-0.11054782,0.14719293,35.773563,0
764095302,764094898,3670050,0.11939839,0.04648696,-0.001213218,35.673195,0
769095175,769094768,3670050,0.21632858,-0.17547569,-0.1599761,35.731945,0
770092843,770092475,3670050,-0.19736984,0.09898082,0.20675007,35.722153,0
771095172,771094767,3670050,-0.41513357,0.123064674,0.02479403,35.75153,0
772095176,772094768,3670050,-0.67761475,-0.41939464,-0.3053847,35.7295,0
773095178,773094770,3670050,1.1719774,0.2434662,-0.2066613,35.773563,0
774092639,774092269,3670050,1.0931388,-0.018790081,-0.37444046,35.784714,0
775095176,775094770,3670050,0.4319381,-0.3200321,-0.3921771,35.75398,0
776095369,776094940,3670050,0.9089369,-0.21228059,-0.41454765,35.758873,0
777092637,777092267,3670050,0.98708594,0.18497133,-0.45531178,35.722153,0
778095138,778094769,3670050,0.6604048,-0.036929168,-0.5599149,35.752075,0
779095137,779094768,3670050,-0.61178726,-0.3514781,-0.25424314,35.738476,0
780095138,780094769,3670050,-0.23426941,-0.10173275,-0.2691568,35.733036,0
781092676,781092269,3670050,-0.56946373,-0.34165695,-0.4226703,35.815178,0
782095362,782094994,3670050,0.33804393,-0.12812765,-0.1834918,35.760235,0
783095172,783094767,3670050,0.006631271,0.1455684,0.36171058,35.7907,0
784092674,784092267,3670050,0.099548966,0.26000443,-0.29901975,35.761322,0
785095176,785094769,3670050,0.092438325,0.07946873,0.14053501,35.810284,0
786095175,786094768,3670050,-0.19960393,0.06687198,-0.0882039,35.795593,0
787095173,787094767,3670050,-0.2202168,-0.13273194,-0.015073493,35.7907,0
788092966,788092536,3670050,-0.02178466,0.12221246,0.06716492,35.78825,0
789095174,789094768,3670050,-0.12053467,-0.19118835,-0.013848438,35.744186,0
790095179,790094768,3670050,0.22791332,0.1459146,0.00085221155,35.805386,0
791092678,791092270,3670050,-0.52727926,-0.11206583,0.023808662,35.75398,0
792095177,792094769,3670050,-0.018056232,0.09558085,-0.08540758,35.844555,0
793095175,793094768,3670050,-0.004394216,-0.07097325,-0.37846184,35.778458,0
794095432,794095002,3670050,-0.13552827,0.029055087,-0.049667954,35.76377,0
795092674,795092268,3670050,0.087618,-0.011797803,-0.0064981133,35.798042,0
796095174,796094767,3670050,0.13267869,0.07398262,-0.04261058,35.81273,0
797095176,797094768,3670050,-0.0137685435,0.03483415,0.06570018,35.773563,0
798092675,798092269,3670050,0.31393346,0.045167215,-0.06990798,35.80049,0
799092674,799092268,3670050,-0.16644756,0.20921795,-0.1820537,35.873928,0
800095460,800095053,3670050,0.12037488,0.12239889,0.13739249,35.84945,0
801095174,801094768,3670050,0.083676524,-0.041731734,-0.021544974,35.856792,0
802092675,802092267,3670050,-0.06327671,0.09779128,0.024740767,35.810284,0
803095175,803094768,3670050,-0.27526432,0.015393071,-0.015606125,35.8519,0
804095175,804094768,3670050,0.14652713,0.0027164244,-0.078882836,35.92289,0
805092676,805092269,3670050,0.521953,0.12104067,0.17377126,35.88862,0
806095412,806095043,3670050,0.84886783,0.15407866,0.20751944,35.874474,0
807095173,807094767,3670050,0.8698151,-0.27433223,0.33547843,35.873928,0
808095173,808094767,3670050,0.47034088,0.18668759,0.3619769,35.88372,0
809092638,809092268,3670050,-0.13369069,-0.031129396,0.4743386,35.869034,0
810095178,810094772,3670050,0.21720743,-0.3446397,0.249698,35.88862,0
811095176,811094769,3670050,-0.18530275,-0.7171627,0.431512,35.866585,0
815095137,815094768,3670050,0.26945272,-0.037787296,-0.19988504,35.93159,0
816092680,816092268,3670050,0.29971215,0.11997541,-0.23020366,35.89841,0
817095137,817094768,3670050,-0.21879348,-0.13224076,-0.07832653,35.901672,0
818095510,818095080,3670050,-0.46533415,-0.0044208476,-0.014993597,35.891064,0
819092676,819092268,3670050,0.2577141,0.07411578,0.13693975,35.927784,0
820095213,820094779,3670050,0.17046896,-0.05648565,-0.078509994,35.91065,0
821095180,821094769,3670050,-0.05291701,0.08380968,0.065061025,35.937576,0
822095175,822094768,3670050,-0.304133,-0.120028675,0.20543626,35.869034,0
823092677,823092268,3670050,0.19787288,0.01834918,0.11105382,35.913097,0
824095503,824095098,3670050,-0.5631521,-0.214997,0.030866038,35.935127,0
825095174,825094768,3670050,-0.03488741,-0.023888556,0.20996363,35.905754,0
826092719,826092311,3670050,-0.465707,-0.25499767,0.047697216,35.940025,0
827095175,827094769,3670050,-0.17092168,0.20208067,0.1853294,35.89596,0
828095175,828094768,3670050,0.6418751,-0.2513758,0.030519826,35.932682,0
829095175,829094768,3670050,-0.2958772,-0.123836994,0.06471482,35.949818,0
830092675,830092268,3670050,0.22253375,0.09901634,0.19728698,35.91799,0
831095173,831094768,3670050,1.0472349,0.14562164,-0.13347764,35.940025,0
832095183,832094774,3670050,-0.48975533,-0.50019497,-0.261842,35.935127,0
833092727,833092320,3670050,0.31688955,-0.21558289,-0.24562335,35.98164,0
834095175,834094768,3670050,-0.025406558,0.015393071,-0.24658209,35.942474,0
835095173,835094767,3670050,0.71537834,-0.19536951,-0.12783173,35.913097,0
836095517,836095074,3670050,0.57006174,-0.31318775,-0.20724235,35.926895,0
837092724,837092290,3670050,-0.5974536,-0.53457636,-0.23949808,35.966953,0
838095201,838094794,3670050,0.5359079,0.15531556,-0.20333235,35.954712,0
839095227,839094820,3670050,0.52765214,-0.26716834,-0.35329494,35.98409,0
840092676,840092268,3670050,0.37446707,0.028202876,-0.35697013,35.930233,0
841095177,841094768,3670050,-0.16809873,-0.1572064,-0.14008227,35.974297,0
842095600,842095133,3670050,-0.28604773,-0.4350395,-0.32720566,35.9447,0
843095195,843094788,3670050,0.88835067,-0.07448862,-0.1280448,35.942474,0
844095251,844094816,3670050,-1.1462245,-0.115527935,0.20823258,35.988983,0
845095232,845094824,3670050,-0.08663264,-0.06527408,-0.1729457,35.991432,0
846095174,846094768,3670050,-0.59851885,-0.08889633,0.065061025,35.949818,0
847092676,847092268,3670050,-0.7173757,-0.15153387,-0.030812776,35.98409,0
848095175,848094768,3670050,0.60594904,-0.16519588,-0.105221495,35.988983,0
849095217,849094812,3670050,-0.19853866,-0.26170886,-0.021837922,35.99388,0
850095173,850094768,3670050,-1.6440759,0.1346228,-0.23600934,36.035496,0
851092677,851092267,3670050,1.9680761,-0.32293493,-0.32155007,35.99633,0
852095175,852094768,3670050,-0.41974083,0.21174796,-0.08322378,35.971848,0
853095175,853094769,3670050,0.51569456,-0.22674155,-0.17848507,35.998775,0
854092678,854092269,3670050,0.7049654,-0.17723337,-0.14354439,35.98164,0
855095227,855094796,3670050,0.4342018,0.062025025,-0.014647386,35.991432,0
856095175,856094769,3670050,1.6295085,-0.20796625,0.13888386,35.988983,0
857095233,857094768,3670050,0.40903494,-0.1690841,0.27494475,36.013462,0
858092679,858092270,3670050,0.16932379,0.11395666,0.554843,36.011017,0
859095176,859094769,3670050,-0.5732454,0.078882836,0.0798682,36.023254,0
860095173,860094768,3670050,-0.06042713,0.20282637,0.12863068,36.033047,0
861092812,861092374,3670050,0.37803572,0.12205268,0.05747102,36.035496,0
862095174,862094768,3670050,-1.6907345,-0.13401027,-0.32290828,36.064873,0
863095174,863094767,3670050,-0.8343151,-0.24807346,-0.24746093,36.013462,0
864095178,864094770,3670050,0.23185481,-0.0628506,-0.5676262,36.028152,0
865092675,865092269,3670050,0.79535306,-0.12990901,-0.18498318,36.050182,0
866095176,866094769,3670050,-0.2549444,-0.13129385,-0.094515584,36.028152,0
867095203,867094836,3670050,-0.5726388,-0.009350655,-0.034088463,36.064873,0
868092675,868092267,3670050,0.20945762,-0.08303737,-0.23313314,36.011017,0
869095177,869094767,3670050,-0.7767109,0.13347764,-0.8309595,36.023254,0
870095175,870094768,3670050,0.5835519,0.09669938,-0.21425131,36.074665,0
871095177,871094771,3670050,-0.56885123,0.081812315,0.12942964,36.067318,0
872092675,872092268,3670050,0.4042945,-0.36005938,0.011132013,36.05508,0
873095287,873094894,3670050,-0.645935,0.19216187,0.4860269,36.08935,0
874095174,874094768,3670050,0.58522964,-0.11638014,0.3225621,36.074665,0
875092674,875092267,3670050,0.62344605,-0.7992413,0.20221382,36.033047,0
880095174,880094768,3670050,0.51822454,0.17172062,0.057870492,36.086903,0
881095175,881094768,3670050,-0.09006811,0.35758266,-0.07872304,36.069767,0
882092679,882092270,3670050,0.7333281,0.09973539,-0.12559468,36.086903,0
883095176,883094769,3670050,0.51894355,0.17161411,-0.03888215,36.067318,0
884095174,884094768,3670050,-0.51739895,-0.13094763,-0.09267801,36.05263,0
885095336,885094930,3670050,-1.3918214,-0.29523805,-0.301603,36.069767,0
886092675,886092268,3670050,3.00085,0.23321302,0.323654,36.13831,0
887095177,887094768,3670050,-0.0053263223,0.19395803,0.14149375,36.08201,0
888095175,888094769,3670050,0.28352013,0.1582983,0.030626353,36.108936,0
889092676,889092269,3670050,0.37127128,0.166128,0.04181163,36.126072,0
890095174,890094768,3670050,0.5852829,-0.04950817,0.14639397,36.099144,0
891095283,891094915,3670050,-2.174619,-0.3902123,-0.10102258,36.11655,0
892095174,892094768,3670050,0.13219932,0.12261194,0.05273059,36.11138,0
893092673,893092267,3670050,-0.17744642,0.17502296,0.038775627,36.11873,0
894095175,894094768,3670050,-0.3540939,-0.04362258,-0.17877801,36.08935,0
895095175,895094768,3670050,-0.42394862,0.15355788,-0.04210458,36.07956,0
896092675,896092268,3670050,0.4400075,0.14570156,0.010918961,36.101593,0
897095379,897094962,3670050,-0.26767433,-0.21174796,-0.07571368,36.11873,0
898095181,898094770,3670050,-0.44125918,-0.50594735,0.35036546,36.1481,0
899095176,899094769,3670050,0.043888897,-0.43321645,0.2579538,36.096695,0
900092676,900092269,3670050,-0.27526432,-0.36248285,0.24636905,36.108936,0
901095175,901094768,3670050,0.24799357,-0.57340527,0.19313245,36.10404,0
902095175,902094768,3670050,0.32437304,0.11169298,0.4765727,36.12852,0
903092944,903092514,3670050,0.77886814,-0.13856427,0.3606453,36.094246,0
904095174,904094768,3670050,-0.11334414,-0.3789146,0.24698158,36.069767,0
905095175,905094768,3670050,-0.220057,-0.14719293,0.28959215,36.101593,0
906095175,906094768,3670050,0.70898676,0.30964577,-0.4635232,36.130966,0
907092675,907092269,3670050,-0.5396896,0.09185243,0.10950919,36.11138,0
908095177,908094769,3670050,-0.5793441,-0.12269184,-0.081253044,36.17748,0
909095416,909095011,3670050,0.62632227,-0.2423743,-0.103357285,36.15545,0
910092673,910092268,3670050,0.5181446,-0.15984294,-0.057257965,36.08201,0
911095174,911094768,3670050,-0.7287741,-0.51319116,0.12271847,36.133415,0
912095176,912094768,3670050,1.2614063,0.51697284,0.6234727,36.13831,0
913095175,913094768,3670050,-0.64357954,-0.26437202,0.10868361,36.15055,0
914092673,914092267,3670050,-0.16642095,-0.2414422,-0.12218584,36.157894,0
915095429,915094998,3670050,-0.3009372,0.1952896,0.046312373,36.084454,0
916095174,916094768,3670050,1.2428174,-0.082504734,-0.17158747,36.123623,0
917092673,917092267,3670050,1.0276873,-0.0018375812,-0.47212523,36.126072,0
918095176,918094768,3670050,-0.36903426,-0.087964214,0.49103367,36.157894,0
919095175,919094768,3670050,-0.44032708,-0.216009,-0.024474451,36.123623,0
920095174,920094768,3670050,0.39052597,0.289459,0.127379,36.123623,0
921093003,921092571,3670050,-0.27198863,-0.11249193,-0.06231797,36.15545,0
922095174,922094767,3670050,-0.5086638,-0.06636597,-0.046339005,36.162792,0
923095174,923094768,3670050,-0.37742323,-0.13646038,-0.06673882,36.074665,0
924092677,924092268,3670050,2.6696858,0.09068064,0.36471993,36.123623,0
925095175,925094769,3670050,-0.5562811,0.017896444,0.13259879,36.165237,0
926095177,926094769,3670050,-0.50762516,-0.06277071,-0.042530682,36.1481,0
927095465,927095036,3670050,0.008149273,0.16543557,0.0160056,36.13831,0
928092672,928092267,3670050,-0.87173253,-0.019094866,-0.81695133,36.18727,0
929095137,929094768,3670050,-0.04867667,-0.14076285,0.19846469,36.20359,0
930095137,930094768,3670050,-0.8198394,-0.064507686,0.116350554,36.10567,0
931092674,931092268,3670050,-0.20149478,0.15022893,0.19409119,36.182373,0
932092675,932092268,3670050,0.7470434,-0.14287859,0.00660464,36.162792,0
933095498,933095090,3670050,-0.24051009,-0.20479709,0.34551853,36.184822,0
934095137,934094767,3670050,-0.5523692,-0.5115933,0.48880842,36.21175,0
935095139,935094768,3670050,0.73769563,-0.23403268,0.4184714,36.165512,0
936095139,936094769,3670050,-0.9428478,-0.40622085,0.10448469,36.11111,0
937095138,937094769,3670050,0.22264028,-0.48309743,0.20521136,36.13831,0
938092674,938092268,3670050,0.63646895,-0.2563559,0.27947214,36.184822,0
939095508,939095077,3670050,-0.753861,-0.2543319,0.13829796,36.182373,0
940095174,940094768,3670050,0.34964642,0.059441756,0.17030916,36.167686,0
941095138,941094768,3670050,-0.1765084,0.19831674,0.061933294,36.18455,0
942092639,942092268,3670050,-0.3152591,0.030507991,-0.25288194,36.19271,0
943095176,943094769,3670050,-0.6049903,-0.20945762,-0.35995287,36.170135,0
944095176,944094769,3670050,1.0016681,-0.07669904,-0.33827475,36.219093,0
945093049,945092605,3670050,-0.5439628,-0.10519487,-0.111901194,36.160564,0
946095174,946094768,3670050,-0.721184,-0.09712549,-0.083277054,36.199512,0
947095154,947094767,3670050,0.5965777,0.11356903,-0.096761525,36.10839,0
948095177,948094769,3670050,0.7809454,-0.05763081,-0.112145714,36.1481,0
949092678,949092269,3670050,1.5611184,0.24250746,0.15060176,36.197063,0
950095175,950094768,3670050,1.4087591,0.11598067,0.1598962,36.165237,0
951095492,951095050,3670050,-0.8756716,-0.11286962,0.5512017,36.178368,0
952092636,952092269,3670050,0.2238239,0.08229168,0.111349724,36.160072,0
957095516,957095072,3670050,-0.35608888,-0.3244941,0.09887591,36.17169,0
958095174,958094768,3670050,0.7875234,-0.2886334,0.08175905,36.170135,0
959092673,959092267,3670050,0.75306207,0.031611726,0.09036106,36.172585,0
960095165,960094795,3670050,0.5777581,-0.035242498,0.17855017,36.24167,0
961095204,961094797,3670050,-0.6060822,-0.26751453,0.11880362,36.15055,0
962095175,962094769,3670050,-0.5154282,-0.31321436,0.18485002,36.15545,0
963092675,963092268,3670050,-0.54243267,-0.25305358,0.25537053,36.15055,0
964095191,964094768,3670050,0.31587753,-0.44575992,0.19425099,36.167686,0
965095218,965094811,3670050,-0.48733187,-0.21009679,0.33593115,36.170135,0
966092733,966092268,3670050,-0.12045478,-0.29036447,0.24517062,36.192165,0
967095175,967094769,3670050,-0.2690858,-0.11318435,0.25672874,36.201958,0
968095175,968094768,3670050,1.0670488,0.16943032,0.12157331,36.204407,0
969095175,969094769,3670050,0.070600405,0.11571435,-0.045007423,36.192165,0
970092697,970092329,3670050,-0.04873585,0.15150428,0.004438602,36.154633,0
971095176,971094769,3670050,0.7886419,0.05984123,-0.01603223,36.182373,0
972095215,972094807,3670050,0.45052698,0.034780886,0.7925035,36.206856,0
973092679,973092271,3670050,-0.18812571,-0.4352138,-0.30384007,36.160343,0
974095175,974094769,3670050,-0.4504737,-0.021971079,0.011744541,36.157894,0
975095180,975094773,3670050,-0.6184659,-0.108523816,-0.030013828,36.231335,0
976095227,976094796,3670050,0.64978474,0.113397405,-0.12263857,36.18727,0
977092674,977092268,3670050,0.6482401,0.029348036,0.11664646,36.233784,0
978095252,978094769,3670050,-1.131737,-0.15488946,0.17275926,36.182373,0
979095177,979094769,3670050,-0.40575922,-0.18064222,0.15094797,36.201958,0
980092676,980092269,3670050,0.7161773,0.009294433,0.02263687,36.2093,0
981095176,981094769,3670050,0.36440036,0.119336255,0.026658243,36.21665,0
982095244,982094812,3670050,-0.15145397,0.33883402,0.07435546,36.206856,0
983095175,983094769,3670050,0.44336307,0.12157331,0.052277856,36.194614,0
984092675,984092268,3670050,-1.7363544,-0.10921624,-0.29963225,36.172585,0
985095178,985094771,3670050,-0.07624631,-0.26200178,-0.32605082,36.243572,0
986095176,986094769,3670050,0.5281848,0.032463934,-0.39811596,36.197063,0
987092676,987092269,3670050,-0.6972955,-0.019068234,-0.24807346,36.167686,0
988095266,988094836,3670050,0.06649914,-0.07526094,0.073050514,36.17503,0
989095175,989094768,3670050,0.18612833,0.011851067,0.083649896,36.199512,0
990095175,990094768,3670050,0.6090117,-0.22945797,0.32487902,36.182373,0
991092678,991092271,3670050,-0.56714684,-0.6194779,0.11353056,36.2142,0
992095137,992094768,3670050,-0.30951852,-0.018612538,0.2892785,36.17095,0
993095138,993094769,3670050,-0.89038354,-0.49377966,0.25261563,36.21447,0
994092785,994092417,3670050,-0.5629923,-0.33076462,0.2583858,36.19271,0
995095135,995094768,3670050,0.033023197,0.34553036,0.43024847,36.19543,0
996095142,996094771,3670050,-0.57260925,-0.45066607,0.2142957,36.17911,0
997095142,997094768,3670050,-0.2130529,0.005296732,0.3508271,36.23351,0
998092637,998092268,3670050,-0.41580823,-0.2869704,0.25415432,36.17639,0
999095174,999094768,3670050,0.7659784,0.20660804,0.090973586,36.206856,0
1000095276,1000094871,3670050,0.26682213,-0.0088949585,0.14727281,36.201958,0
1001092636,1001092268,3670050,0.16745365,0.0838008,-0.34271926,36.165512,0
1002095176,1002094767,3670050,0.038722366,-0.16202673,-0.06926882,36.2093,0
1003095181,1003094773,3670050,0.8698417,-0.20455742,-0.10807108,36.22399,0
1004095175,1004094768,3670050,-1.7256485,-0.03520699,-0.47196543,36.197063,0
1005092638,1005092268,3670050,0.10844984,0.01870131,-0.15023188,36.18455,0
1006095295,1006094890,3670050,-0.16229305,-0.011797803,-0.028256139,36.192165,0
1007095173,1007094768,3670050,0.113583826,0.115954034,0.03914847,36.192165,0
1008092673,1008092268,3670050,-1.2382901,-0.016431704,-0.02524677,36.182373,0
1009095178,1009094768,3670050,2.7020967,0.256782,0.3773433,36.18727,0
1010095175,1010094768,3670050,-0.38727692,-0.040986054,0.10354371,36.206856,0
1011095174,1011094768,3670050,0.15595473,0.052091435,-0.06498113,36.170135,0
1015092675,1015092268,3670050,0.15638083,0.18892466,0.26559705,36.192165,0
1016095175,1016094768,3670050,-0.4138286,-0.59202075,0.020905815,36.23623,0
1017095175,1017094768,3670050,-0.40474725,-0.5003547,0.25196168,36.238678,0
1018095363,1018094932,3670050,0.09046759,-0.4732171,0.16463663,36.17503,0
1019092674,1019092268,3670050,0.13377059,0.011078751,0.36943373,36.18972,0
1020095174,1020094767,3670050,0.8005995,0.10333065,0.33739588,36.165237,0
1021095175,1021094768,3670050,-0.69170284,-0.42381546,0.4576376,36.219093,0
1022092674,1022092268,3670050,0.89418304,0.2905509,0.24522388,36.199512,0
1023095174,1023094768,3670050,0.26061696,0.07893609,-0.06985472,36.206856,0
1024095384,1024094952,3670050,-0.20812604,0.004660532,-0.058696073,36.221542,0
1025095175,1025094768,3670050,1.015996,0.12415657,0.14429007,36.231335,0
1026092681,1026092268,3670050,-0.13880396,-0.08207863,0.2212288,36.157894,0
1027095175,1027094768,3670050,-0.54419035,-0.10586066,0.29920617,36.221542,0
1028095175,1028094768,3670050,0.046525422,-0.09286443,0.040426787,36.2142,0
1029092675,1029092268,3670050,-1.1717111,-0.18445055,-0.22722091,36.179928,0
1030095406,1030094972,3670050,-0.56072855,-0.1917476,-0.1843174,36.18972,0
1031095173,1031094767,3670050,0.2988866,0.1149154,-0.42530683,36.17503,0
1032095174,1032094767,3670050,0.120800994,0.020799289,-0.07515441,36.182373,0
1033092679,1033092270,3670050,0.2097772,0.0055926386,-0.057870492,36.17748,0
1034095176,1034094769,3670050,1.2863868,0.16575515,0.05701828,36.24847,0
1035095174,1035094768,3670050,1.6141154,0.0149403345,-0.11190604,36.184822,0
1036092952,1036092547,3670050,-0.060453758,0.119043306,0.48847702,36.2142,0
1037095176,1037094768,3670050,-0.70342076,0.027190875,-0.10175939,36.172585,0
1038095174,1038094767,3670050,-0.21454427,-0.214997,0.12466258,36.179928,0
1039095176,1039094769,3670050,-0.44184506,-0.30535805,-0.074808195,36.22399,0
1040092675,1040092268,3670050,-0.060453758,-0.38173753,0.11829762,36.182373,0
1041095175,1041094769,3670050,-0.27292076,-0.24916537,-0.15536883,36.192165,0
1042095379,1042095011,3670050,-0.921868,0.20136458,0.11605464,36.157352,0
1043092673,1043092267,3670050,-1.4270549,-0.20692763,0.54767907,36.18727,0
1044095175,1044094767,3670050,0.08322378,-0.049295112,-0.60363215,36.192165,0
1045095138,1045094768,3670050,-0.98809195,-0.36079916,-0.25261563,36.21175,0
1046095137,1046094768,3670050,-0.28918973,-0.70020425,-0.29732716,36.20087,0
1047092676,1047092269,3670050,0.9902699,-0.5185175,0.045593318,36.184822,0
1048095401,1048095033,3670050,0.56243,-0.85321766,0.20263697,36.162792,0
1049095135,1049094767,3670050,0.73233974,0.39568657,0.27537087,36.149193,0
1050092674,1050092267,3670050,-0.45721152,-0.026498454,0.33446643,36.199512,0
1051095141,1051094770,3670050,0.7000563,0.27247098,0.26963028,36.20631,0
1052095141,1052094771,3670050,0.6584814,0.17795835,0.28984073,36.21447,0
1053095175,1053094768,3670050,0.78121173,0.041785,0.18458371,36.17748,0
1054093045,1054092578,3670050,-0.12538648,0.32304144,0.3626257,36.185043,0
1055095173,1055094768,3670050,0.20754014,-0.57433736,0.01571265,36.157894,0
1056095181,1056094767,3670050,-0.2164351,-0.27893952,0.19102855,36.15545,0
1057092640,1057092269,3670050,-0.7997473,0.03148448,-0.37263545,36.165512,0
1060095441,1060095074,3670050,0.06006908,0.014085163,0.04438602,36.17367,0
1061092662,1061092267,3670050,0.935243,0.030596763,0.13836601,36.20087,0
1062095174,1062094767,3670050,-1.196798,-0.21726069,0.14713965,36.206856,0
1063095177,1063094770,3670050,-0.05302354,-0.05049354,0.19720708,36.17503,0
1064092677,1064092269,3670050,0.1320129,0.05400891,0.057604175,36.15055,0
1065092675,1065092268,3670050,-1.1525894,-0.16277242,-0.2361425,36.204407,0
1066095458,1066095090,3670050,1.0033312,-0.11883617,-0.30490237,36.154633,0
1067095174,1067094768,3670050,0.43761066,-0.012863068,-0.09978865,36.184822,0
1068092710,1068092302,3670050,-0.21379857,-0.11257183,-0.04950817,36.184822,0
1069095180,1069094773,3670050,-0.83109266,0.009187906,-0.15166703,36.184822,0
1070095175,1070094768,3670050,-0.02231729,-0.06599313,0.19848539,36.17748,0
1071092684,1071092269,3670050,0.15579493,-0.10868361,0.24636905,36.172585,0
1072095493,1072095050,3670050,0.11979384,-0.1727423,0.20252131,36.165016,0
1073095172,1073094767,3670050,-0.38304248,-0.16591494,0.3337474,36.0918,0
1074095174,1074094768,3670050,0.6326339,-0.1227451,0.10554108,36.182373,0
1075092722,1075092315,3670050,-0.70810795,-0.4998221,0.2533998,36.162792,0
1076095175,1076094768,3670050,0.6113553,0.061013024,0.24812673,36.172585,0
1077095174,1077094768,3670050,0.87727195,-0.10088055,0.18812571,36.096695,0
1078092681,1078092268,3670050,-0.36341497,-0.2605903,0.12711269,36.172585,0
1079095173,1079094768,3670050,0.25110948,-0.055340488,0.3110572,36.192165,0
1080095193,1080094786,3670050,-0.11997541,-0.03584615,0.24519725,36.162792,0
1081095186,1081094779,3670050,0.4842426,-0.26336002,0.1860218,36.201958,0
1082092677,1082092268,3670050,-0.58720046,-0.06958841,-0.081519365,36.12852,0
1083095174,1083094768,3670050,0.38421428,-0.066312715,0.37595847,36.145657,0
1084095532,1084095089,3670050,0.2224708,0.08861064,0.04830006,36.13831,0
1085092745,1085092338,3670050,0.5727128,-0.12705941,0.043489423,36.184822,0
1086095238,1086094806,3670050,1.20287,-0.13161343,-0.5980661,36.143208,0
1087095221,1087094814,3670050,0.12444952,0.020373182,0.4191017,36.184822,0
1088095174,1088094768,3670050,-0.27723506,-0.14066817,-0.060826603,36.165237,0
1089092676,1089092268,3670050,0.091266535,-0.0127831735,0.01089233,36.15545,0
1090095174,1090094768,3670050,-0.98992366,-0.27515784,0.6541523,36.170135,0
1091095202,1091094772,3670050,-0.12610067,-0.0681503,-0.54368436,36.15545,0
1092092675,1092092268,3670050,0.1689243,-0.06111955,-0.019014971,36.143208,0
1093095223,1093094816,3670050,0.18852518,0.041891526,-0.055473648,36.143208,0
1094095175,1094094768,3670050,-0.27603665,-0.10381003,-0.054088805,36.160343,0
1095095175,1095094768,3670050,0.021571605,0.07390272,-0.8469119,36.1481,0
1096092677,1096092268,3670050,-0.07137272,0.06279734,0.31499872,36.167686,0
1097095192,1097094787,3670050,-0.10484866,-0.001438107,-0.082984105,36.17503,0
1098095173,1098094768,3670050,0.21001689,0.062078286,-0.0019441077,36.17748,0
1099092676,1099092267,3670050,-0.973199,-0.08673916,-0.10799118,36.162792,0
1100095175,1100094768,3670050,2.5741582,0.042051315,-0.024687504,36.14076,0
1101095175,1101094769,3670050,0.14114754,0.055100806,0.08860338,36.153,0
1102095176,1102094768,3670050,0.102478445,0.04295679,-0.04282363,36.126072,0
1103092732,1103092363,3670050,-1.322881,-0.011717909,-0.94417936,36.13015,0
1104095174,1104094767,3670050,0.5320463,-0.103863284,0.112438664,36.15055,0
1105095245,1105094767,3670050,-0.027989823,-0.12349079,-0.11672636,36.121174,0
1106092676,1106092268,3670050,0.14042848,-0.08343685,0.04708469,36.165237,0
1107095175,1107094768,3670050,-1.0398047,0.1932656,0.20274645,36.153,0
1108095175,1108094768,3670050,0.48285773,-0.57002306,-0.1687379,36.11873,0
1109095232,1109094827,3670050,0.36860812,0.36019254,0.3942544,36.123623,0
1110095174,1110094767,3670050,-0.5392635,0.18522286,0.325678,36.121174,0
1111095174,1111094767,3670050,0.42432147,-0.009001484,0.30021816,36.12852,0
1112095178,1112094768,3670050,-0.72027856,-0.22852586,0.25835326,36.096695,0
1113092681,1113092268,3670050,0.62405854,-0.27454528,0.25949842,36.170135,0
1114095178,1114094768,3670050,0.5974802,-0.5527125,0.18788601,36.11138,0
1115095278,1115094848,3670050,0.6765761,0.086020105,0.30770165,36.143208,0
1116095135,1116094768,3670050,0.60844356,-0.61989516,0.07409506,36.12743,0
1117092675,1117092267,3670050,0.83980125,0.15150724,0.23595607,36.231335,0
1118095140,1118094770,3670050,-0.6280918,-0.51440436,0.3668948,36.10567,0
1119095137,1119094768,3670050,0.180296,-0.7286409,0.058737498,36.13559,0
1120092676,1120092268,3670050,-0.023329291,0.35838163,0.32927325,36.126072,0
1121095270,1121094866,3670050,0.35529232,-0.23635556,-0.17180054,36.123623,0
1122095136,1122094768,3670050,1.2602967,0.4353085,0.1835214,36.15191,0
1123095136,1123094767,3670050,-0.09998691,-0.46969286,-0.22521466,36.149193,0
1124092680,1124092270,3670050,-0.6167082,-0.0314253,-0.012836437,36.143208,0
1125095137,1125094768,3670050,0.4581229,-0.51538086,-0.21645582,36.12199,0
1126095136,1126094768,3670050,-0.2521126,-0.4131155,-0.02488576,36.12743,0
1127092809,1127092441,3670050,0.44394895,-0.1435148,-0.01088937,36.11927,0
1128095135,1128094767,3670050,-0.23864883,-0.4489202,-0.14792381,36.11927,0
1129095178,1129094768,3670050,0.22213428,0.3197924,0.15419704,36.1481,0
1130095175,1130094768,3670050,-0.55537564,-0.03571299,0.0892958,36.126072,0
1131092643,1131092269,3670050,-0.79169863,-0.41867852,0.08667111,36.14103,0
1132095176,1132094768,3670050,-0.4020308,0.41960767,0.0782703,36.11873,0
1133095311,1133094906,3670050,-0.11619373,-0.5401956,-0.28778118,36.08935,0
1138092638,1138092269,3670050,0.5887362,0.58249253,0.10951511,36.17095,0
1139095361,1139094931,3670050,-0.34501252,-0.42946136,-0.23654197,36.145657,0
1140095172,1140094767,3670050,0.45702508,-0.26075011,-0.34349453,36.126072,0
1141092707,1141092298,3670050,0.19331887,0.26887277,-0.13246563,36.133415,0
1142095175,1142094768,3670050,-0.24844632,-0.733408,-0.43673182,36.14076,0
1143095174,1143094768,3670050,-0.7426225,-0.4302603,-0.28589034,36.059975,0
1144095193,1144094786,3670050,0.01832255,0.125861,-0.15097462,36.130966,0
1145092904,1145092536,3670050,-0.25672874,-0.08649355,-0.3882001,36.12471,0
1146095173,1146094768,3670050,0.19947077,-0.16500947,-0.2897253,36.11383,0
1147095178,1147094768,3670050,0.12681973,-0.17451695,-0.23284018,36.121174,0
1148092681,1148092271,3670050,-0.00079894834,-0.36037898,-0.32170987,36.145657,0
1149095174,1149094768,3670050,0.16969663,-0.20061593,-0.23640881,36.130966,0
1150095175,1150094768,3670050,-0.60791975,-0.093903065,-0.09017464,36.067318,0
1151095400,1151094970,3670050,0.24045682,0.048655953,-0.002822951,36.121174,0
1152092673,1152092268,3670050,-0.07001451,0.055926383,-0.0137685435,36.106487,0
1153095173,1153094767,3670050,0.1514806,0.1405084,-0.0021837922,36.172585,0
1154095178,1154094770,3670050,-1.1538413,-0.39031288,0.28402615,36.074665,0
1155092675,1155092269,3670050,-1.0829479,-0.22261365,-0.28823394,36.074665,0
1156092676,1156092268,3670050,-0.59556276,-0.2154231,-0.7091998,36.1481,0
1157095393,1157094988,3670050,-0.038988683,-0.28487837,-0.21291973,36.094246,0
1158095175,1158094769,3670050,-0.41023335,-0.012357068,-0.15869778,36.062424,0
1159092673,1159092267,3670050,0.1968875,0.029960563,-0.08948222,36.121174,0
1160095176,1160094768,3670050,1.620427,0.072278194,0.05291701,36.074665,0
1161095176,1161094769,3670050,-1.4359233,-0.41087252,-0.5175854,36.0918,0
1162092676,1162092269,3670050,-2.2616897,0.07350325,-0.8723717,36.07956,0
1163095444,1163095013,3670050,-0.0985636,-0.3380883,-0.19433087,36.12852,0
1164095172,1164094767,3670050,-0.053423014,0.17923075,-0.004926848,36.11383,0
1165095174,1165094767,3670050,0.17984326,0.18745992,0.04356932,36.12852,0
1166092678,1166092268,3670050,0.35896748,0.13419668,0.120800994,36.11873,0
1167095176,1167094768,3670050,-1.5474831,-0.16889769,0.44019392,36.08935,0
1168095175,1168094768,3670050,-1.8071945,-0.24943168,-0.31396008,36.05753,0
1169093025,1169092620,3670050,0.026232136,-0.34812844,-0.7490673,36.108936,0
1170095173,1170094768,3670050,0.054408383,0.05403554,-0.26093653,36.130966,0
1171095175,1171094767,3670050,-0.17156084,0.04263721,-0.07355651,36.094246,0
1172095174,1172094768,3670050,0.39947417,0.09206548,0.0049801115,36.07711,0
1173092677,1173092268,3670050,0.8819325,-0.1798699,-0.4536695,36.101593,0
1174095179,1174094770,3670050,0.8988968,-0.32008535,0.27374634,36.08935,0
1175095481,1175095050,3670050,-0.84781736,-0.22272016,0.82174504,36.11628,0
1176092673,1176092268,3670050,-0.20200077,0.15132082,0.12934974,36.11873,0
1177095173,1177094767,3670050,-0.8527442,-0.4645352,0.33281526,36.07711,0
1178095177,1178094769,3670050,-0.30250847,-0.30258837,0.36935383,36.094246,0
1179095177,1179094768,3670050,-0.71889377,-0.48594704,0.21624869,36.099144,0
1180092673,1180092267,3670050,-0.54618776,-0.70813453,0.38013962,36.099144,0
1181095471,1181095066,3670050,0.46482816,0.06165218,0.18908444,36.0918,0
1182095174,1182094768,3670050,1.0081396,-0.19779298,0.14671355,36.101593,0
1183092687,1183092279,3670050,0.08072042,-0.12514193,0.31814122,36.08201,0
1184095176,1184094768,3670050,0.48839712,-0.19648802,0.35420042,36.086903,0
1185095176,1185094768,3670050,0.8987903,0.40213734,0.22082932,36.10404,0
1186095175,1186094768,3670050,0.51478904,0.14868428,-0.14863104,36.07956,0
1187093032,1187092589,3670050,-0.3405699,-0.105533816,-0.10333065,36.064873,0
1188095172,1188094767,3670050,-0.24266724,-0.06314355,-0.059921127,36.047737,0
1189095173,1189094767,3670050,-1.326281,-0.07440872,-0.1973935,36.07711,0
1190092729,1190092322,3670050,1.2993296,0.008282431,0.61340594,36.064873,0
1191095178,1191094769,3670050,3.2438633,0.64041036,1.443167,36.099144,0
1192095176,1192094769,3670050,0.029774142,-0.3786749,0.29350698,36.05263,0
1193095539,1193095076,3670050,0.16644756,-0.1408328,-0.06950851,36.107155,0
1194092700,1194092278,3670050,-0.3435478,-0.08575379,-0.11017498,36.05753,0
1195095173,1195094767,3670050,0.010705908,0.2140649,-0.14538197,36.096695,0
1196095176,1196094769,3670050,-0.043409526,-0.100268014,-0.08149273,36.035496,0
1197092678,1197092268,3670050,0.48687914,0.048389636,-0.07858989,36.067318,0
1198092675,1198092269,3670050,1.0593256,-0.22525017,-0.4531635,36.05508,0
1199095506,1199095064,3670050,0.85080737,-0.14310859,0.169256,36.08045,0
1200095172,1200094767,3670050,-0.7412643,-0.25784728,0.756684,36.094246,0
1201095192,1201094782,3670050,-0.112119086,-0.07182546,0.09736517,36.05508,0
1202095178,1202094771,3670050,-0.105035074,-0.045673214,0.030013828,36.037945,0
1203095174,1203094768,3670050,0.27718183,0.017630128,0.059308596,36.08935,0
1204092676,1204092268,3670050,0.0049002166,0.14325145,0.20703416,36.05753,0
1208092734,1208092268,3670050,0.5406217,-0.18253307,-0.5445898,36.08935,0
1209095176,1209094769,3670050,-0.3121491,-0.028495824,-0.14405039,36.064873,0
1210095177,1210094768,3670050,-0.4789163,-0.2932673,-0.043010052,36.07956,0
1211092677,1211092268,3670050,0.17038904,-0.20519656,-0.06237123,36.069767,0
1212095195,1212094766,3670050,0.9266203,-0.3166765,0.010066749,36.028152,0
1213095229,1213094793,3670050,0.35747615,0.32634377,0.2819489,36.064873,0
1214095206,1214094799,3670050,-0.59143484,0.2963832,0.27465183,36.04284,0
1215092685,1215092272,3670050,0.47904944,0.3773433,0.38671762,36.023254,0
1216095176,1216094769,3670050,-0.62959796,-0.38818237,0.22019015,36.04039,0
1217095174,1217094768,3670050,0.42759714,0.28967205,0.34077808,36.045288,0
1218092793,1218092387,3670050,0.5515939,0.30107036,0.4866927,36.047737,0
1219095173,1219094767,3670050,0.44014066,0.26796728,0.44232443,36.059975,0
1220095244,1220094838,3670050,0.3656254,0.25028387,0.45377603,36.07956,0
1221095177,1221094769,3670050,0.14120081,-0.5927664,0.07416904,36.0306,0
1222092676,1222092268,3670050,-0.10918961,-0.009294433,0.41577274,36.045288,0
1223095176,1223094769,3670050,0.5161206,0.34866107,0.18815233,36.033047,0
1224095235,1224094804,3670050,-0.032570463,0.07057377,-0.213985,36.05508,0
1225092672,1225092267,3670050,-0.571541,-0.101706125,0.022903185,36.045288,0
1226095230,1226094767,3670050,-0.05419533,0.004394216,-0.2514823,36.059975,0
1227095175,1227094768,3670050,-0.06269082,-0.17326528,-0.031132353,36.0918,0
1228095173,1228094767,3670050,0.13041501,0.09467538,0.10982876,36.037945,0
1229092677,1229092268,3670050,0.2830674,-0.038029943,-0.04580637,36.04284,0
1230095194,1230094826,3670050,-0.12028611,-0.03355583,0.048528716,35.994152,0
1231095174,1231094768,3670050,1.2462263,-0.29878005,-0.44882256,36.013462,0
1233095175,1233094768,3670050,0.030306775,-0.23976439,0.6887734,36.01591,0
1234095176,1234094768,3670050,0.017363813,-0.16783242,0.025859294,35.99388,0
1235095176,1235094769,3670050,-0.28479847,-0.13680659,-0.016618125,36.05508,0
1236092833,1236092402,3670050,0.106100336,0.1567004,0.010519487,36.04039,0
1237095174,1237094768,3670050,-0.7785752,0.0561927,0.0054062176,36.04284,0
1238095176,1238094767,3670050,0.67151606,-0.20548952,0.49990198,36.028152,0
1239092678,1239092270,3670050,0.10338392,-0.3677293,0.5475459,35.98409,0
1241095175,1241094768,3670050,-0.7076019,-0.42421496,0.09121327,36.025703,0
1242095305,1242094900,3670050,0.5118063,-0.17694043,0.14269216,36.023254,0
1243092673,1243092268,3670050,0.40448093,-0.19832562,-0.15462315,36.05263,0
1244095174,1244094767,3670050,0.08002799,0.16887106,-0.07374293,36.067318,0
1245095181,1245094772,3670050,1.2687566,0.101226754,0.10620687,36.04039,0
1246092676,1246092269,3670050,-1.0733606,-0.41891524,-0.7647534,35.969402,0
1247095175,1247094768,3670050,-1.5809058,-0.10828413,-1.2948823,35.988983,0
1248095251,1248094883,3670050,-1.4260932,-0.109929375,-0.4803159,36.02135,0
1249095174,1249094768,3670050,-0.08511463,-0.52901036,-0.021385185,36.01836,0
1250092674,1250092267,3670050,0.44243097,-0.26993802,-0.08234495,35.986534,0
1251095175,1251094769,3670050,-0.16085494,0.19624835,-0.18399781,36.01591,0
1252095174,1252094768,3670050,-0.9878996,0.14628744,-0.10737866,35.962055,0
1253092676,1253092269,3670050,0.8375908,-0.1103614,0.753648,36.062424,0
1254095313,1254094907,3670050,2.873897,0.34623757,1.3678529,35.99388,0
1255095173,1255094768,3670050,0.11941615,-0.38655785,0.1954494,35.99633,0
1256095174,1256094767,3670050,0.32511872,0.47042078,0.45521414,36.023254,0
1257092675,1257092268,3670050,0.12610067,0.41705105,0.27696875,35.98409,0
1258095175,1258094768,3670050,-0.9294699,-0.3070891,0.18524949,36.01591,0
1259095174,1259094768,3670050,0.23073629,0.07597999,-0.0685764,36.00612,0
1260092851,1260092483,3670050,0.9851033,-0.32472813,-0.015357563,36.02135,0
1261095176,1261094768,3670050,0.5072789,0.40695766,0.21648838,36.008568,0
1262095175,1262094768,3670050,-0.7122092,-0.124902256,0.13864417,36.011017,0
1263095176,1263094769,3670050,-0.15978967,0.31526503,0.19614182,36.011017,0
1264092674,1264092268,3670050,-0.6387592,-0.2394182,-0.046152584,36.011017,0
1265095175,1265094768,3670050,-0.16085494,0.42525357,0.22876555,36.008568,0
1266095385,1266094979,3670050,-0.52144694,-0.19976373,0.009427591,36.01836,0
1267092714,1267092309,3670050,0.34519896,0.33340114,-0.03254383,36.062424,0
1268095176,1268094769,3670050,0.13241237,-0.023702133,0.08109326,36.033047,0
1269095178,1269094770,3670050,-0.0226635,-0.069934614,0.16823189,36.003674,0
1270095176,1270094769,3670050,0.11017498,0.02958772,0.088150635,36.001225,0
1271092673,1271092267,3670050,-0.10319749,-0.0026897928,0.0041012685,36.003674,0
1272095395,1272094964,3670050,-0.21728732,-0.16077504,0.014860439,35.976746,0
1273095182,1273094776,3670050,0.8174573,0.02612561,0.19497004,35.962055,0
1274092674,1274092267,3670050,-1.1232415,-0.27015108,-0.7313307,35.986534,0
1275095176,1275094769,3670050,-1.6226641,0.083277054,-1.3422599,35.99388,0
1276095176,1276094769,3670050,0.37167075,-0.107245505,-0.15691346,36.01591,0
1277095176,1277094769,3670050,0.16253272,-0.069748186,-0.04841627,36.045288,0
1278092977,1278092570,3670050,-0.19694076,0.4135623,0.03864247,35.986534,0
1279095176,1279094769,3670050,-1.2565061,-0.021518342,-0.16290557,36.001225,0
1280095176,1280094768,3670050,1.294616,0.0994957,0.8121842,36.01591,0
1281092675,1281092268,3670050,2.575197,0.72672343,1.2499547,35.98164,0
1282095178,1282094768,3670050,-0.1690841,-0.3078082,-0.077258304,35.962055,0
1283095176,1283094769,3670050,0.0556867,0.0037550572,-0.099469066,35.99388,0
1284095372,1284095005,3670050,-0.22045057,-0.032431386,-0.081285596,35.972393,0
1285092636,1285092267,3670050,-0.2521422,-0.17976338,0.23953655,35.975113,0
1286095177,1286094768,3670050,0.010865698,-0.028868668,0.31989893,36.0306,0
1287095178,1287094769,3670050,0.9469136,0.12924321,0.29369342,35.976746,0
1288092643,1288092270,3670050,0.7142894,-0.2340031,0.121233016,36.01047,0
1289092637,1289092268,3670050,0.69697887,-0.05231632,0.47978327,36.00231,0
1290095404,1290095036,3670050,0.8230352,-0.22556975,0.2339735,35.969673,0
1291095174,1291094768,3670050,-0.6452307,-0.39204395,0.27095002,35.95961,0
1292092638,1292092268,3670050,-0.47848126,-0.06187411,0.2885683,36.01047,0
1293095178,1293094769,3670050,0.48243165,-0.81151843,0.14604776,36.0306,0
1294095176,1294094768,3670050,0.2823217,-0.041731734,0.29838058,36.033047,0
1295092636,1295092267,3670050,0.10776925,0.08149273,-0.043261573,36.056713,0
1296095483,1296095077,3670050,-0.1000816,0.02641856,0.0112385405,35.99633,0
1297095175,1297094769,3670050,-0.3585148,0.002130529,-0.07115967,36.01591,0
1298095176,1298094768,3670050,0.10181265,0.26991138,-0.020186761,36.001225,0
1299092639,1299092268,3670050,-0.1714484,0.043853387,-0.013818847,36.00231,0
1300095176,1300094769,3670050,0.14695323,0.026711507,-0.049641326,35.991432,0
1301095138,1301094769,3670050,0.13949046,0.053825445,-0.023879677,35.991432,0
1302092996,1302092554,3670050,0.5896481,-0.17380759,0.013194753,35.995884,0
1303095137,1303094768,3670050,-0.008522116,-0.34440595,-0.61051494,35.996872,0
1304095137,1304094768,3670050,-0.62306136,-0.2835083,0.12431044,36.02135,0
1305095141,1305094769,3670050,-0.67869186,-0.293362,0.5692063,35.994152,0
1306092679,1306092271,3670050,0.13864417,-0.03390204,0.30977893,36.003674,0
1307095138,1307094769,3670050,-0.22707888,-0.002870296,-0.27489743,36.01591,0
1312095139,1312094769,3670050,-0.90875936,0.014676977,-0.31451932,36.01319,0
1313092675,1313092267,3670050,0.30882016,-0.047297742,0.051931642,35.988983,0
1314095539,1314095107,3670050,-0.008255799,-0.009667275,-0.05454154,35.97919,0
1315095175,1315094768,3670050,-0.105780765,-0.042397525,-0.06588661,35.949818,0
1316092721,1316092315,3670050,0.176248,0.16865799,0.08655274,35.95961,0
1317095178,1317094769,3670050,0.9066732,-0.20266657,-0.34029874,35.99388,0
1318095175,1318094768,3670050,0.96094847,-0.07789747,0.5000351,35.97919,0
1319095176,1319094769,3670050,-0.6487727,0.035047203,0.890641,35.969402,0
1320092674,1320092268,3670050,-0.38575888,-0.43888897,0.08008126,35.99633,0
1321095176,1321094770,3670050,0.21092236,-0.00077231677,-0.050520167,35.964504,0
1322095187,1322094780,3670050,-0.03645868,0.24415861,-0.09952234,35.991432,0
1323092719,1323092312,3670050,-1.1495004,-0.14191987,-0.24056335,35.99633,0
1324095176,1324094769,3670050,1.1034276,-0.007856325,0.8323444,36.001225,0
1325095175,1325094768,3670050,2.9369075,0.6720754,1.4524349,35.99633,0
1326095577,1326095113,3670050,-0.088489585,0.015761072,-0.07393904,35.991432,0
1327092727,1327092297,3670050,-0.25952506,-0.4048804,0.20596889,36.001225,0
1328095206,1328094800,3670050,-0.5242699,-0.28698224,0.31470576,35.98409,0
1329095193,1329094785,3670050,-0.33097768,-0.119043306,0.49694586,35.98409,0
1330092676,1330092269,3670050,0.45739794,0.2804575,-0.017363813,35.98164,0
1331095177,1331094768,3670050,0.47835702,-0.04756406,0.21310616,35.97919,0
1332095176,1332094770,3670050,0.26485136,-0.054408383,0.116699725,35.935127,0
1333095197,1333094766,3670050,-0.2570217,-0.2919091,0.26261434,35.97919,0
1334092675,1334092268,3670050,-0.15166703,-0.03054646,0.28884646,36.011017,0
1335095249,1335094768,3670050,0.90187955,0.1104413,0.3623497,35.954712,0
1336095178,1336094770,3670050,0.15068166,-0.08791095,0.29193574,35.998775,0
1337092675,1337092268,3670050,0.9693374,0.16231968,0.3170227,36.001225,0
1338095176,1338094769,3670050,0.024820663,0.05422196,0.13116069,35.99633,0
1339095218,1339094789,3670050,0.61026335,-0.056565545,-0.0004527374,35.940025,0
1340095176,1340094769,3670050,0.08186557,0.02295645,-0.042051315,35.988983,0
1341092676,1341092269,3670050,0.42615905,-0.014274544,0.014594123,35.97919,0
1342095177,1342094769,3670050,0.2763296,0.023648871,0.12871058,35.962055,0
1343095175,1343094768,3670050,-0.20357205,-0.08596685,-0.20735374,35.976746,0
1344092675,1344092269,3670050,0.4823784,0.10855045,0.18780613,35.969402,0
1345095233,1345094802,3670050,-0.4551076,-0.16088158,-0.10546118,35.976746,0
1346095172,1346094767,3670050,0.85623294,-0.12658006,0.13853765,35.964504,0
1347095175,1347094768,3670050,-0.1687379,0.21872543,0.056565545,35.964504,0
1348092674,1348092268,3670050,0.1961152,0.20948426,-0.10221213,35.986534,0
1349095174,1349094768,3670050,-0.123623945,0.22540997,0.056751966,35.932682,0
1350095175,1350094768,3670050,0.49566758,0.165116,0.2345446,35.988983,0
1351092746,1351092378,3670050,1.1971205,-0.10584586,0.4896074,35.991432,0
1352095174,1352094768,3670050,-1.8912172,-0.11171961,-0.6539659,35.964504,0
1353095177,1353094768,3670050,0.9726131,-0.6980412,0.05270396,35.98164,0
1354095174,1354094768,3670050,0.7547133,-0.18895128,0.36575857,35.966953,0
1355092674,1355092268,3670050,0.099469066,-0.3461577,0.10942929,35.952263,0
1356095176,1356094769,3670050,-0.10801782,-0.22426482,0.45769086,35.969402,0
1357095209,1357094841,3670050,-0.5045211,0.09835942,0.44693765,35.961514,0
1358092674,1358092268,3670050,-0.12466258,0.06820356,0.38219026,36.01836,0
1359095174,1359094768,3670050,-0.3226686,-0.2192048,0.15094797,35.98164,0
1360095179,1360094771,3670050,-0.0036751623,-0.17856495,0.46376288,35.94737,0
1361095176,1361094768,3670050,-0.22423817,-0.101999074,-0.32698295,35.98409,0
1362092675,1362092268,3670050,-0.47742492,-0.023089608,0.14327806,35.966953,0
1363095225,1363094858,3670050,0.2479403,0.039533146,-0.099247135,35.947914,0
1364095173,1364094768,3670050,-0.4025368,0.5077583,0.19491677,35.98164,0
1365092674,1365092267,3670050,-0.041705105,0.42810315,0.10141318,36.001225,0
1366095174,1366094768,3670050,-0.33297506,0.10479539,0.07201187,36.001225,0
1367095176,1367094769,3670050,0.47196543,-0.47257793,-0.1042095,35.976746,0
1368095174,1368094767,3670050,0.07044061,-0.08578042,-0.098883174,35.986534,0
1369092838,1369092433,3670050,0.4014183,0.09004148,0.07621968,35.998775,0
1370095172,1370094767,3670050,0.24706146,0.9060074,0.1577124,35.9082,0
1371095174,1371094768,3670050,0.14777882,-0.62171495,-0.16969663,35.988983,0
1375095339,1375094931,3670050,0.50829095,-0.3186206,0.111533195,35.971848,0
1376092674,1376092267,3670050,0.07629956,-0.34977958,-0.12626047,35.932682,0
1377095176,1377094767,3670050,0.33454633,0.38959384,0.131933,35.966953,0
1378095179,1378094772,3670050,0.19784625,0.15430357,-0.07065367,35.971848,0
1379092636,1379092268,3670050,-0.23743561,-0.13602835,-0.08178864,35.953354,0
1380095178,1380094768,3670050,-0.30844733,0.44211137,0.23246734,35.971848,0
1381095354,1381094923,3670050,0.27092338,0.06932209,0.059734706,35.95961,0
1382095172,1382094767,3670050,-1.18516,0.014993597,0.10117349,35.98164,0
1383092637,1383092267,3670050,0.77172494,-0.13490391,0.0059181363,35.994152,0
1384095182,1384094774,3670050,-0.10426276,0.12924321,-0.009800433,35.98164,0
1385095174,1385094768,3670050,-0.11984225,0.6916762,0.1909753,35.971848,0
1386092638,1386092269,3670050,-0.28338993,-0.008818022,-0.12996227,35.988712,0
1387095370,1387094939,3670050,-0.54397726,0.13893712,-0.3596599,35.954712,0
1388095173,1388094768,3670050,0.79261,0.35529232,0.103570335,35.988983,0
1389095176,1389094769,3670050,0.029454561,-0.13219932,-0.011451593,35.98409,0
1390092641,1390092270,3670050,-0.31153068,0.09528199,0.007752758,35.988712,0
1391095176,1391094769,3670050,-0.38445392,0.05025385,0.04724448,35.99633,0
1392095138,1392094768,3670050,0.2555451,-0.06290979,0.027045881,35.977833,0
1393092886,1393092516,3670050,0.35665646,0.71855044,0.0927076,35.942474,0
1394095137,1394094768,3670050,0.23699176,-0.27827075,-0.018938035,35.996872,0
1395095137,1395094768,3670050,0.29061007,0.49774483,0.1279797,36.03767,0
1396095139,1396094769,3670050,-0.40015474,-0.37896782,-0.06548417,35.966953,0
1397092676,1397092268,3670050,0.24684842,-0.1505485,0.002130529,35.940025,0
1398095135,1398094767,3670050,-0.52476114,-0.42811793,-0.067555524,36.00503,0
1399095347,1399094979,3670050,0.013552532,0.15097165,0.12425127,35.953354,0
1400092672,1400092267,3670050,-0.27973846,-0.43129894,-0.005832323,35.942474,0
1401095138,1401094767,3670050,0.041929994,0.3996517,-0.010179194,35.980553,0
1402095137,1402094768,3670050,0.090517886,0.03497618,-0.035952676,35.99959,0
1403095141,1403094769,3670050,-0.062022064,-0.12037488,-0.011569956,36.02135,0
1404092676,1404092268,3670050,0.14327806,-0.086978845,-0.0112385405,35.99388,0
1405095371,1405095003,3670050,0.11845149,0.015002474,-0.0045569646,35.99959,0
