0.0907740274144679,0.265670861166929,-0.00661495524634536
0.100146746705462,0.25928396289842,-0.0018342790806951
0.106237752024756,0.236848614681649,-0.0023381036520141
0.0976865830390484,0.216057253942651,-0.00717898767884244
0.0856550644310668,0.21990532002931,-0.0140463383306488
0.0642556037147791,0.249299797330149,-0.0218351099738955
0.0721387133810494,0.260949727561445,-0.0245148687748174
0.103538066366753,0.252596055466201,-0.0171891721297355
0.121688584544834,0.240847666070524,-0.00697565838542986
0.116800043123197,0.249931502198453,-0.00796038775208271
0.114079646753367,0.27348343855529,-0.007338241571111
0.130367674140943,0.271900952041844,-0.00718131590037897
0.129357147633755,0.253113042715932,-0.00851465688575488
0.116652672175139,0.233696994421147,-0.0204711299805072
0.0867442878254393,0.235846019164628,-0.0364071446571505
0.0563199801969151,0.252038421032695,-0.0380133653108514
0.0702403483438989,0.245953785274691,-0.0348217349726491
0.0799842503619585,0.214730466009177,-0.0421942428979795
0.0750266340993031,0.174288386420046,-0.0602978044690432
0.0546804525837113,0.152630058680769,-0.0698395123225514
0.0353295830261483,0.162972380993808,-0.0700793871400177
0.0200951270334975,0.182637503010594,-0.0693941627169785
0.0174723054485439,0.196390602266393,-0.0681917442584525
0.0305457356236366,0.204261941946043,-0.067249052122719
0.0573687727774988,0.193012228309251,-0.0567438527459972
0.0534301392729319,0.18762767527188,-0.0576378586919833
0.0468250286166948,0.188445665525765,-0.0755038200653887
0.0404621754104266,0.177467471406999,-0.0862594231175611
0.0512888041614988,0.148215278561112,-0.0762061687559298
0.0695687063487158,0.114092116214948,-0.0759715489044008
0.0704757941704834,0.118431138338191,-0.0881911959780248
0.055754251802968,0.149220366622447,-0.0815057991656568
0.0418797143723362,0.168351307918927,-0.073641386402304
0.052985176975288,0.179289892980027,-0.0717917689208075
0.0694921847052337,0.178418019834266,-0.0564764628672527
0.0794378099090792,0.171702835575273,-0.0304316966279801
0.0644986606076758,0.163574082321367,-0.0153299246776742
0.0494732221779296,0.159817070586951,-0.0220924907801813
0.0250551581107427,0.160919876996151,-0.0333756740751504
-0.00703465129225541,0.162923906066804,-0.0292722626070421
-0.0330899536759732,0.154737276049022,-0.017814296423435
-0.0627178338338889,0.140340336203867,-0.0158069919243808
-0.0869626357767453,0.132744122668718,-0.00838358882767444
-0.0972328233348633,0.125879620003109,0.00219356194671919
-0.111364020562941,0.1153528239217,0.00270099188173976
-0.110385973283371,0.120360573336656,0.00508033916099625
-0.105156697027383,0.137476933300388,0.0151339812527652
-0.0978068433557448,0.152948688730699,0.0249866991961952
-0.0905384513811175,0.162614308826084,0.0358016889327993
-0.0928765024043662,0.173957999482747,0.0341338864896065
-0.112520647795025,0.181643567277784,0.031659241902062
-0.119930193144313,0.184765804251285,0.0431124344450935
-0.138971414268914,0.193975014424158,0.0492290943432534
-0.136822881343491,0.204365458510089,0.0551358362669156
-0.126109789743292,0.22136331820932,0.0704382920988203
-0.117848305976671,0.242375807238187,0.0806985772690609
-0.103212862457979,0.246854523457428,0.0728685474063579
-0.0787525640932858,0.226556792856802,0.0616179367123323
-0.0533677439232731,0.209411109808683,0.0703371564268725
-0.0275086174505443,0.197657929424225,0.0838301240516218
-0.00225995782398896,0.185030672080911,0.0928953214428763
0.0265655377562649,0.172169879016839,0.0974217001087687
0.0294919096044939,0.17553380202734,0.0923839395314403
0.0409254057110825,0.196753406002968,0.0839484192215008
0.0445833248657328,0.213228993927296,0.0810990592335234
0.0369185544251766,0.217915593063838,0.072091214390493
0.0559315985767257,0.201903471457356,0.0765533829390142
0.0854608294289624,0.183811730741689,0.0776808199592937
0.116724066311558,0.16144742468802,0.0622946877840222
0.112497611994202,0.137045646706818,0.0403763195779161
0.0912669339481789,0.127046732821795,0.0241448178597135
0.149693062402784,0.471041222754083,0.213176249934553
0.170061740887431,0.432081435102389,0.20154113006143
0.203482077630502,0.408970569454554,0.204572136965757
0.227340315092679,0.390498059828206,0.211827583358468
0.212471190792674,0.371782085607354,0.203081931786885
0.207930794251609,0.39052454592492,0.2077315167156
0.234731209788591,0.405315472387552,0.222071339335297
0.25047814329977,0.39923740384314,0.219545296495489
0.257761355470214,0.400987156100214,0.212209120236173
0.296031973858481,0.404597615903462,0.212222622347675
0.309662402290593,0.367954805643565,0.222609228121838
0.285803107138602,0.340015970082312,0.230486073097141
0.279362911096006,0.335977693209926,0.232347158460614
0.269675428415336,0.314766355640004,0.230109819563228
0.233456615394019,0.292993287220146,0.218215601729869
0.206767074285877,0.307851078514242,0.21081801157876
0.221139765990865,0.316704684071103,0.210315459478802
0.248667483654112,0.295282636936111,0.213734572755635
0.251650103396392,0.279210879913051,0.210224950022567
0.269619011609889,0.28265996376588,0.208797394920811
0.301861046105222,0.272919845217766,0.205648897844849
0.322165748743565,0.253858825418372,0.196678950350248
0.318482112454784,0.262828012987514,0.192109129744209
0.326120842581933,0.274038822916828,0.185835214759578
0.326156315740444,0.257798428682965,0.179437816292119
0.319074073279785,0.225460237819804,0.172504809103121
0.316148198726535,0.189410609607337,0.152876925531429
0.336257193246804,0.168265742274736,0.139181635637261
0.354826623545179,0.15308698241244,0.137804416857705
0.358934243697264,0.14582501774715,0.128573565215718
0.34468755916939,0.156151473214354,0.118289190200626
0.318844847202937,0.179212436026394,0.112901383074762
0.311613240354635,0.177792013188481,0.109328987487566
0.301411230116436,0.150998592415862,0.0998403359168259
0.272418797565242,0.128876363442168,0.0780998668311449
0.224607694855361,0.126466394564025,0.0510313453038063
0.217409802320311,0.113719458471984,0.0255425848672203
0.203151023973658,0.0886341196628099,0.00910800560203883
0.179691594127252,0.0764174266104128,0.000783033299283085
0.140114645945282,0.0954963184381796,-0.0181985332977307
0.111330680060037,0.129353885009461,-0.031661343192722
0.103627891210822,0.148363278240169,-0.0275744667879897
0.0879031553760394,0.152155895525072,-0.030702732739056
0.0487935985890094,0.152258440262372,-0.0561953093772968
-0.00618552577064985,0.14706333445222,-0.0685596305236515
-0.0453137104742689,0.138800667208,-0.0530392783121623
-0.0349376764157347,0.134308157780147,-0.0425257142531931
-0.040056868424622,0.12753235971967,-0.0440733296396739
-0.0818826823378427,0.133918393277645,-0.0443327214012466
-0.136460573050809,0.154569307098522,-0.0331827028987819
-0.167200315618167,0.177249510375153,-0.0323327235701286
-0.194633516141308,0.2021022453444,-0.0446075030441541
-0.208751436199366,0.209100745744189,-0.0535597924609295
-0.166209145437697,0.19367826751815,-0.0531257899527606
-0.116584012394227,0.19071843280426,-0.0706173583079928
-0.0947168958561409,0.220142706341405,-0.0953234756224764
-0.120588888094807,0.274266146543104,-0.114865337806722
-0.137134630538769,0.319460857280358,-0.128651452125656
-0.12129764729433,0.333692357214749,-0.145000412711221
-0.093173687908901,0.325886355708312,-0.169180180652984
-0.0734659586476412,0.299153237599791,-0.191451077041527
-0.0901572419965409,0.246706440905727,-0.216978985866062
-0.108417542122741,0.198946996597594,-0.254214225034999
-0.140464189799107,0.185475044253444,-0.28984085771034
-0.185019769329667,0.193559196984253,-0.33484865344043
-0.220465431559298,0.21964691773933,-0.371115824496009
-0.238257672865046,0.227164436559689,-0.389726006856849
-0.261243711088053,0.223029631053899,-0.408666462988383
-0.299767023200085,0.217252289126499,-0.42878258322217
-0.319366016887688,0.199601223016372,-0.445403240690859
-0.313238218002065,0.179299364544307,-0.451018768619963
0.247587723268239,0.147594987247259,0.223894451652143
0.235929515885823,0.117176776700046,0.233499920576091
0.251163021924962,0.105088614660386,0.232865408077798
0.22894399486615,0.0957620579853298,0.217063391522664
0.213440587661514,0.109982293019244,0.217962775972217
0.192703892782833,0.123044903073066,0.228523005074686
0.181524184419473,0.141916720478433,0.246276686804141
0.209830896430788,0.154265970170818,0.240114950321346
0.193452681045385,0.15396950460042,0.225856666356433
0.206853512624313,0.143919596061831,0.218871848255201
0.225120130373335,0.118977744115128,0.206048087935493
0.258967544732329,0.116570153936877,0.202343718392546
0.261219336968403,0.114467327189281,0.192585443716967
0.245804319755141,0.124030743771348,0.188989472413661
0.236256184427067,0.116906656834178,0.180983606165256
0.202529368800719,0.108750910450698,0.156301683736059
0.221631186061367,0.118087977431229,0.138906991440599
0.209325199819474,0.114963464047692,0.129223509338598
0.222385274054752,0.111324617319828,0.119046345693409
0.266252753572907,0.0998867183874196,0.0973894500896547
0.247969404287155,0.0864027237883215,0.0812416549518323
0.237429567581748,0.0932555120239295,0.0755523288068916
0.210716696621086,0.0893977021702631,0.0498141885252916
0.164432718865271,0.0966674548930097,0.0238724249411884
0.140898899433303,0.117226619748808,0.0164803718695052
0.104032992168118,0.122748981112734,0.010180710647546
0.0861944286405286,0.135282804653035,-0.00810396004156356
0.0841422765639146,0.145704311586297,-0.0497646574118027
0.0174472592836438,0.139685744530633,-0.0892452153529646
-0.0298408524369383,0.155514349460717,-0.116250265462724
-0.038567091974001,0.168484284616188,-0.152489387396372
-0.0714656723331021,0.190089812799721,-0.205064534815263
-0.119817823439212,0.227820754549771,-0.24968844690243
-0.162706909914195,0.227321828158607,-0.273591751362297
-0.202290053637376,0.200966196104013,-0.30924660145549
-0.252332357404876,0.174200407142848,-0.375317478214582
-0.298248099288834,0.146688404439156,-0.440283094412335
-0.369629931699372,0.132663199290352,-0.499518232100994
-0.421705253150085,0.150017366772283,-0.550044764651303
-0.439173185487824,0.161739006763963,-0.602664387330698
-0.480304350168947,0.158714679862177,-0.664695480823818
-0.522810910682086,0.180837150115438,-0.697697616387895
-0.533254104441849,0.199875907442542,-0.731112262431672
-0.54728794461715,0.183380710922982,-0.782210807293106
-0.593058055431212,0.166332242223183,-0.822151191180709
-0.628712429758577,0.168914946940077,-0.859867336692611
-0.604937337676742,0.155796483807738,-0.900572638787885
-0.605658720261321,0.149653738154728,-0.944736544239341
-0.639366839657153,0.171229032056672,-0.960321992241041
-0.671666793260089,0.192659035665133,-0.977621552105708
-0.668630061135806,0.168459719991955,-0.992982178534225
-0.663674173479436,0.1318904193515,-1.0018945260099
-0.686560423734032,0.104659836106082,-0.992559000346216
-0.728287543618783,0.0867917142365152,-0.978373682545205
-0.727274820735226,0.0513760382760593,-0.98272851671348
-0.705943383469116,0.0210162683224835,-0.977186490673249
-0.71700898015827,0.0110487300045256,-0.960169021259772
-0.722366174295358,0.0275229700115854,-0.927548036445837
-0.682427279806188,0.0423292704643447,-0.893987113391711
-0.636779528696478,0.0265377775011711,-0.879364579532564
-0.643763875707517,0.0113365343419115,-0.86598866809491
-0.692374399282657,0.0183793410596911,-0.842765071457363
-0.722258625607063,0.0396001304685677,-0.807838465306502
-0.695831217664819,0.0405277672280478,-0.770474719210412
-0.670724125130778,0.0312318607148813,-0.744373181855644
-0.664544889184087,0.0306105319849602,-0.712029153282728
-0.678429715037753,0.0582517815463318,-0.660809751638019
-0.677326191438319,0.0989897033381431,-0.597193449853772
-0.643713361126772,0.120278079623218,-0.518998950749199
-0.604666438181387,0.101309744868,-0.458831658512593
-0.545187614340125,0.054641970106217,-0.397883539952097
-0.468136311539686,0.0209727826842221,-0.324599780169389
-0.41224782125106,0.0260844605798094,-0.265842035034811
-0.365339667063858,0.0500533263805396,-0.207666134427675
-0.296350472318903,0.0634979889887291,-0.149054551134522
-0.198386952289588,0.0703769834587168,-0.0749565859752207
-0.109628230394576,0.0705030421147447,-0.00890507990211847
-0.0776264371855324,0.0798187206105666,0.0439929594312873
-0.0563797566372655,0.0869994304654961,0.103843502800631
-0.0349532027875362,0.0863801559592898,0.152995892753666
0.0133981543705612,0.0870287774264333,0.203541495542178
0.352606322471443,0.0838491304634222,0.184138744776794
0.349316318440229,0.0719902294513677,0.169334557762385
0.319782011181977,0.0988119471355835,0.163574783267893
0.305095840821012,0.12775466567709,0.159168848772777
0.295154872348818,0.134982300062802,0.146479263746825
0.289515984571769,0.128029197848922,0.13748123113674
0.303950496308096,0.122064389763926,0.136713734283675
0.319667790585372,0.0996072032948435,0.118098832651421
0.3114329375376,0.0652684446640799,0.0849503111570687
0.271878459232265,0.0550188315316092,0.0632024537237274
0.242864424587437,0.0796963778207428,0.0532276125469817
0.220857791701668,0.100874291119965,0.0461633207871581
0.19597626960449,0.113709409335469,0.0341095899494254
0.176313534701272,0.107610286097663,0.02500801508826
0.179748005061593,0.0982031847288427,0.0108465155330811
0.174620417587817,0.0830262305819416,-0.000901445280595904
0.17779691721771,0.059445241153858,-0.0112650782760584
0.159557883816744,0.0332869415462056,-0.0146198128591004
0.127802736320987,0.0336674745727697,-0.00899317405246468
0.116501465117187,0.054798710918873,-0.0105494594379812
0.137447482381302,0.0828309317667952,-0.0248495101055985
0.129926817350301,0.0894481354063291,-0.0382495354042923
0.10574096203775,0.0796312256197491,-0.043298203798746
0.0934636039449201,0.0677230446212516,-0.0480364273887217
0.0900805352161709,0.0522460336828821,-0.0551944957594256
0.092061657699748,0.0287222310936866,-0.0523752919217643
0.10064403833783,0.0171599482311776,-0.0522405849039034
0.105795053200462,0.01738741656301,-0.05878873256937
0.110116013122843,0.0328149597899167,-0.0649807529678771
0.105079861104604,0.0595794053621319,-0.0636182660630287
0.0992888625151276,0.0810489059457438,-0.0712897084966873
0.105742728059679,0.0706352082096776,-0.0873251243713118
0.120438268008114,0.0335905676904249,-0.108304472281195
0.125477974283306,0.0200573994909422,-0.114252531188065
0.10639764620812,0.0167691882438257,-0.104495533720004
0.0685447233032982,0.0264295710903754,-0.104645899660985
0.0483883080032173,0.0301559726538298,-0.108595759260544
0.0309914941372864,0.0213394846689488,-0.112228692916192
0.0334567278147915,0.0142724733640968,-0.1191802667262
0.049329040788469,0.0141059645106232,-0.126436255190052
0.0427291843381058,0.0131125865537247,-0.133826409758849
0.013257423515648,0.00544746546703061,-0.137372905878625
-0.0210767192489361,-0.00594662015779309,-0.133450311794544
-0.0434339062105749,-0.0155756523939956,-0.139662691445629
-0.0491289409500364,-0.0251484226228728,-0.144403620303082
-0.0294552752810241,-0.0377826267363577,-0.138295033673558
-0.0151484670365354,-0.0471882294752013,-0.12969754317522
-0.00574918689964148,-0.0535450352960177,-0.141859405806815
-0.00896038541312533,-0.057019499864863,-0.154308507702274
-0.0265188752251916,-0.0415225900944409,-0.149343227877698
-0.0325608487137052,-0.03011979605362,-0.133680952016314
-0.0291955245009662,-0.0253838689452942,-0.126437470329093
-0.0324437583654487,-0.0286612640481743,-0.126156545183595
-0.0290511631568151,-0.0223740398275077,-0.123584807275148
-0.0287886529538784,2.11675605880176e-05,-0.114679788633427
-0.0250848256707264,0.0360093770331932,-0.115249803455676
-0.0174677864560253,0.0747100588382944,-0.114925822381346
-0.0237703740148915,0.0924167674832105,-0.0969142420674683
-0.0151786025691694,0.0937199248308811,-0.0712078271416745
-0.0116403265674668,0.080388431891775,-0.0552958354567421
-0.0140915385037324,0.0606433314038466,-0.0341174544728741
-0.0237749342854304,0.0461515587860262,-0.0150986564489822
-0.0445280468902575,0.0600527164680808,-0.0158637944536452
-0.0836944520366541,0.0825936488169076,-0.0173672266071341
-0.124330612200692,0.100932672864808,-0.0113280420513535
-0.141132751087222,0.111012377509682,0.00213605995730967
-0.149051450120216,0.100958023946971,0.0191980063486145
-0.155426686921855,0.0829611901874803,0.032413971201899
-0.188147342213784,0.0611457435822511,0.0373175522948663
-0.223420033784968,0.0546396193672168,0.0433188637619638
-0.235107991628113,0.0757389909016349,0.0513811587490877
-0.22658491087958,0.118076677080444,0.0596302329283284
-0.199882694408067,0.145106909660306,0.0725057477297318
-0.152229651717082,0.15658102508879,0.0904484267678569
-0.113532814900038,0.148959722366828,0.100790856379029
-0.0774907832512679,0.130856527157665,0.111727685424818
-0.055301868121009,0.106115750365705,0.122904978850606
-0.0271157896924657,0.0785159396663637,0.12748440033323
-0.0146634810793761,0.0708489246915041,0.12768158238428
-0.0110566900758011,0.0789266541235391,0.128854832990395
0.0180801421814586,0.0952095671482613,0.133079686871701
0.0524377698816321,0.121430964454797,0.132607850149341
0.0488399048081486,0.15132009457132,0.127542689300312
0.0231867897620834,0.169788942147803,0.12126074958981
-0.00602946391443036,0.173289706507863,0.10723465563933
-0.0292281264185037,0.155453462240651,0.0956810230150716
-0.0462762643887278,0.12296850704715,0.0856236657429711
-0.0540700550701633,0.10106805442871,0.0784547270116272
-0.063797607960546,0.0967147218554562,0.0665307838760981
-0.0758002716110596,0.117481603824865,0.0457869314396527
-0.0661099528559303,0.136196598762335,0.0243407564992475
-0.0667495731124976,0.146618957118816,0.00709747412392991
-0.0852398709501576,0.139866565753678,-0.0289280813879116
-0.0809127240243283,0.127857150227508,-0.0609100413257083
-0.080917253741059,0.11367072683528,-0.0801751233843824
-0.0935303528720108,0.0966261372223619,-0.10094485546717
-0.109307688315606,0.0821896387795515,-0.138552651640772
-0.128934989496255,0.0771619531016513,-0.178174759345412
-0.134808512383223,0.0867585784441284,-0.199084618961412
-0.132607430604584,0.0905646012880871,-0.220046614352764
-0.144691207847883,0.0807681740991556,-0.243749080320621
-0.327070503635317,0.188795258910391,-0.223083842555525
-0.285096502441407,0.155786088774029,-0.227314031046356
-0.270261220881841,0.156653463234712,-0.222038270307157
-0.272565788404201,0.15460267150165,-0.214548772117082
-0.230000209187523,0.142517560801229,-0.212254266569789
-0.226134198789412,0.1422865513839,-0.20743622506131
-0.211038677361311,0.119700616129875,-0.186652745154625
-0.193536506277327,0.0896114953691563,-0.163846776954679
-0.203690886595391,0.0668477475935213,-0.171318971192572
-0.17627751076085,0.0391167026672679,-0.174590659273909
-0.203743249997275,0.0405371410106007,-0.17590948179873
-0.246106212237027,0.0557125596461641,-0.186828338074099
-0.281896488204249,0.0840422005696099,-0.195755453579193
-0.3429562621605,0.0850831404762293,-0.197097356279011
-0.369178508085343,0.0529294368982502,-0.184808274890949
-0.41498085682673,0.0489859235596944,-0.186473624901983
-0.449960169676754,0.0308779842485563,-0.204171143367982
-0.441712522629936,0.00990936430375991,-0.196633245920231
-0.470417111384921,0.0292331357966979,-0.18533323534215
-0.456508090075974,0.0492697287427322,-0.18597102985066
-0.433683228069472,0.0664509332599928,-0.188878993287619
-0.414820486676679,0.0598696696430487,-0.164152210919583
-0.363766350236256,0.0312004612172519,-0.129883278466946
-0.34257550006425,0.00712071127457544,-0.123887159732705
-0.293447621932386,-0.033677988108792,-0.115297648028693
-0.275986559243472,-0.0559630543298165,-0.102427219213681
-0.254592645426075,-0.0695461037502264,-0.0916869768554387
-0.201190782710625,-0.0563935511149368,-0.0711089234438303
-0.167383302442713,-0.0254574903164089,-0.0631871291381335
-0.0955128624984821,0.0342514375717567,-0.038427769300635
-0.0717356911119052,0.090808449851036,-0.0106651745336524
-0.0326119770630209,0.0903183566862098,0.00721167268172697
-0.0106820021472722,0.086191226529009,0.029913356868733
-0.00830251339521657,0.0707674723003187,0.0447811670883944
0.0171998475338939,0.0490271977981225,0.050950706578005
-0.00317130811367058,0.0318028535670844,0.0598738323686404
0.0228923303741885,0.0260864996684866,0.0842330123095784
0.0393070000280243,0.0571773281435575,0.100478216798162
0.0436079339741855,0.0907708206198884,0.103484424147414
0.0385876294265403,0.12410726334442,0.106168543592093
0.0254087707361096,0.130799924188316,0.106542005255755
0.0414313287504891,0.112773585513379,0.109652354753197
0.0316911041099813,0.0772044620401582,0.110190522520612
0.0440084775701844,0.0454927069732024,0.110681156974114
0.0205244679544637,0.0428417441242535,0.105791734303337
0.0210205133899649,0.0406362373491492,0.106842446255609
0.0290697791973658,0.0700220002857588,0.109626184473764
0.0210075842931919,0.103074621143993,0.108593982009683
0.00863304731886636,0.138136456463526,0.113224998703501
5.66092414500178e-05,0.140110794933969,0.113990511665909
0.00571452405727365,0.115976161610623,0.121132426298099
-0.0424425176687393,0.091813973116843,0.119761203785701
-0.0457862161332114,0.0801565205094511,0.115363987428144
-0.0457126220627466,0.0936179644777458,0.110605516560227
-0.0139046552592213,0.102449120384356,0.105858441453199
-0.0253762880171769,0.140909214936395,0.0944169247450087
-0.0214509233565607,0.146138758039312,0.0853849931235199
-0.0554383002659835,0.133672683276854,0.0750682714557725
-0.0810793717695413,0.0965377688622986,0.0524400127830197
-0.101566659973394,0.0598699806270213,0.0360167194038295
-0.0813444664640157,0.0221344732887889,0.0244849644783064
-0.0388236524024114,0.0202929642681075,0.0154314625090078
0.0165358763438953,0.0342179466005997,0.00479786091287575
0.0751466469965568,0.074933078051206,-0.0120304268531426
0.131522914703661,0.115017321400908,-0.0148830726549627
0.180040509161052,0.142069020106515,-0.0155204269737714
0.222286755634968,0.131650710055523,-0.0341712982204745
0.23832522768633,0.102967210239787,-0.0441564014317412
0.23595554980104,0.0757234208019397,-0.0549084503230913
0.249305224981646,0.0703138254051612,-0.0690800083353538
0.295483147974782,0.0598261051480654,-0.0873196670042087
0.347053368915074,0.0644390783345746,-0.112712553871794
0.348897209467129,0.0740619004175148,-0.132797081259431
0.30846133729272,0.114870417704904,-0.165600926197258
0.291510127411454,0.129040698596854,-0.188252212997366
0.282577290158001,0.121776746615331,-0.185654031071096
0.274150274277962,0.0831982481681054,-0.172625125921115
0.224091573891691,0.0626381286467822,-0.176580809677872
0.164786666271285,0.0607833171266601,-0.185177872575704
0.0523899705573789,0.082411994590437,-0.19513071466923
-0.031025513178803,0.097063613512885,-0.213573689478964
-0.112656575222821,0.109492158847905,-0.234595358232718
-0.164962940350174,0.101761401237536,-0.231981405830491
-0.202807834705973,0.0926639138161825,-0.218971122576235
-0.179719398152917,0.0612580126526272,-0.202253985246178
-0.160203088779632,0.0246072290642885,-0.190674509991763
-0.132497437288501,0.00360916567795368,-0.162027751100912
-0.137446677381549,0.00196170844549624,-0.129400044486268
-0.137919795445985,0.0194941127901638,-0.0916485040646996
-0.12287282042799,0.0621703549467485,-0.0539803421791882
-0.117384893909763,0.114374967241634,-0.0344154795314388
-0.105631556145777,0.139936777469242,-0.0221925290594464
-0.0970861014600886,0.142488285162549,0.000117900712375695
-0.0774995730168906,0.0952278724325345,0.024970787963273
-0.0890384429141388,0.0361434532952299,0.0471732013979795
-0.0673021851788065,-0.0123382812982789,0.0735156751065343
-0.0419523555635559,-0.0288384864576759,0.114706419900174
0.0089224150348403,-0.0195052859145929,0.153425054597035
0.0180378187909817,0.020138656137437,0.152824215476872
0.0227600201132098,0.0463690824566149,0.147973905764848
0.044615539420812,0.0386676801072574,0.157612390384811
0.0724979581230575,0.0189203262308166,0.169182350586261
0.109080319707661,-0.0169355266461308,0.176028557241979
0.100172812539525,-0.04011590417773,0.181446519642936
0.102047882057483,-0.0541388669214853,0.190188271360699
0.113360653997846,-0.05266773484406,0.199201635166309
0.120519291757792,-0.0270507503105342,0.204580157352653
0.115787711618273,0.00711910091858667,0.207440577356294
0.108894435909124,0.0240793514858716,0.20371583445937
0.119533869605554,0.017660280437919,0.201397799464218
0.109089114044705,0.00854437037903252,0.198471087315317
0.125172869700759,-0.00529495788418964,0.197587461349536
0.115588528888063,-0.0276519809624504,0.192930401426629
0.106185132161289,-0.0237075615992173,0.194125791673473
0.102022184755345,-0.00658262904563968,0.194426726738478
0.0723344676199133,0.00522342224093113,0.187925753817734
0.0594896450060351,-0.00988300951462356,0.177485489902268
0.0500049491814205,-0.0343871926644667,0.169734602392032
0.0703666402664338,-0.0581997629537655,0.165078380765571
0.110708239674497,-0.08300635141204,0.156330867636228
0.111524496879952,-0.0870716873256299,0.144535755986322
0.129662744082968,-0.0776373132960934,0.139053686320084
0.150557321588836,-0.0541931748662083,0.132039442294875
0.153613701860781,-0.0378200564082835,0.133479611476215
0.154282139698399,-0.0451401275370974,0.139633523258098
0.154493811073937,-0.0556243779540224,0.123674299878434
0.155418669519902,-0.071857069489071,0.101653372895009
0.156046376340884,-0.0933464470789313,0.0892960396784031
0.139908900909111,-0.0857469402304617,0.0720590012468707
0.119360125595662,-0.0710421515530698,0.0621038785790919
0.0941032287778747,-0.0440895013660248,0.0568865764847974
0.0898261147639957,-0.0256965410306194,0.0587488840084932
0.0952426609707724,-0.0309128598426599,0.0516557611715335
0.0748584524611706,-0.0349490199193799,0.0330027700846473
0.0636958928855519,-0.0338280936691299,0.0261749935712858
0.0647366460713072,-0.018097231285858,0.0151363173379701
0.0603089826981809,0.0143691694864888,-0.00910648492112946
0.0511538725928971,0.0323200465822765,-0.0225272811767635
0.0497771210924356,0.056133209245649,-0.015552266238899
0.0660853354894336,0.0635644038638275,-0.0092484655369797
0.0754163512055875,0.0586903848513645,-0.0182775007921847
0.076601295676962,0.0562646611774504,-0.0385117513066005
0.0641288321181619,0.0560006504648604,-0.045594739856671
0.0421626881865757,0.0694699621858393,-0.0358788578232826
0.0512885154492153,0.0847739363731715,-0.0336687315805535
0.0546122611779961,0.0956132361575354,-0.0466676006638639
0.0649061293315067,0.0937866373105553,-0.052308175516747
0.0630336921427051,0.0824739037564921,-0.0484776371883364
0.051549512088457,0.0746317360066274,-0.0527941613163722
0.0536822401799891,0.0605133461010128,-0.0619222134713561
0.0331183119467448,0.0493050905436267,-0.0711550697457303
-0.279601527653161,0.201391829719529,-0.357507638604343
-0.280742540007196,0.226178789324816,-0.372495036848346
-0.2359582777869,0.212915068201197,-0.402749474608383
-0.170521102135639,0.195954264567189,-0.412764613489283
-0.13305212466469,0.16969294737543,-0.407135633802409
-0.158204072869749,0.133429049134896,-0.406952067828822
-0.166937520747741,0.121136740792402,-0.394469409921158
-0.125122624997524,0.14024301463397,-0.384555071611638
-0.0621301192022973,0.174684449556298,-0.380268614848852
-0.0107353273497138,0.210932047167112,-0.389201407897288
-0.00375412019474912,0.240982199724364,-0.399017514952404
-0.0177050277522198,0.255891950948266,-0.398284628670588
-0.00873382104438522,0.239998283786865,-0.398449359013495
0.00916894015303587,0.191959733148711,-0.399852315987535
-0.022648113016282,0.136402685371621,-0.394740520984118
-0.0880109275786172,0.100224971087571,-0.401365691477427
-0.140971359782815,0.0853362406594675,-0.40667505716511
-0.199810579333164,0.0948583807011095,-0.40169163601923
-0.242214588433804,0.146330335349639,-0.384575864558554
-0.263779242409394,0.215621006801404,-0.353756084387798
-0.288537194083335,0.254948700518112,-0.328047816509182
-0.303466161878839,0.263748297478028,-0.305137265916791
-0.323990440217568,0.234094713981751,-0.281613112809882
-0.345049872746916,0.183122953428678,-0.263489560082077
-0.336952198643618,0.143091170259931,-0.228126002083965
-0.2994854006291,0.1284908350239,-0.19835490916246
-0.27373949502445,0.139780445549952,-0.164233143954138
-0.257442098993676,0.174049763548705,-0.111938642803463
-0.243082056297196,0.188366187879337,-0.0670658010387513
-0.226821468747945,0.18978539522993,-0.0422524990108895
-0.21425467000988,0.191469410494894,-0.0231674714061377
-0.223485435961142,0.188754497406404,0.00835449025458042
-0.236497729165402,0.168409958538617,0.0409988883689046
-0.253280405647628,0.155090430109124,0.0607417400685404
-0.278535090784688,0.136302667461438,0.0816990681724192
-0.3084177737291,0.139629639511463,0.110842876072481
-0.308325880703006,0.15222323388022,0.136456097300583
-0.299884118615733,0.152546802900772,0.169568581013709
-0.310207944402474,0.141697851361275,0.186476565632093
-0.310254153196997,0.129435083175969,0.197431006197966
-0.277849688915602,0.111484069208099,0.210113569819398
-0.242549316422326,0.0694920051138093,0.21993372235082
-0.189403279384064,0.0333891905028369,0.229302294985911
-0.131664496766134,0.00441852834775882,0.245838078710924
-0.0946575386943121,-0.0310044730213888,0.264646750208899
-0.075102443376455,-0.0719859480908576,0.263006630112235
-0.0786914357406181,-0.075692788352977,0.25842386067456
-0.0775885533262772,-0.0641856381561953,0.268432625581341
-0.0666593644113451,-0.0468277192358395,0.284117898230653
-0.0767538466909157,-0.0140966508895294,0.289080170969918
-0.0797820803793769,0.0174762772440846,0.2797487665498
-0.0771181381165379,0.0267578770006281,0.269223846229477
-0.074590215119124,0.0337082008581247,0.260988640756034
-0.0334843092597108,0.00875142581511488,0.246805466824504
-0.00366435035419931,-0.0179604987746839,0.24098377309623
0.0410328631716354,-0.0233688587702118,0.249955136321716
0.0447547686544487,-0.02924639878442,0.259127283599884
0.0534070298417931,-0.0093177325151512,0.253836338901373
0.0611706921562634,0.00650096678361237,0.231906312444838
0.0523229939996574,-0.000873164433283017,0.21462611195753
0.0324453438666613,-0.00280848450880834,0.211531307278211
-0.00954332301077471,-0.00325873420355465,0.194425606088663
-0.014887203131074,0.0181792780240348,0.182917974197882
-0.00905258990215021,0.0232309211946128,0.178584252898891
0.0433684388945728,0.0299894103616645,0.172647634486459
0.0833485612455715,0.0227920286373388,0.180411523136537
0.10059689532017,0.0191823252857289,0.173795621831632
0.106973205222893,0.0224662189702352,0.15429225844818
0.152740046326816,0.0356790507069157,0.136252862131089
0.200467502006847,0.0380645392095219,0.130654969208207
0.226115076203447,0.0425633666614179,0.114226396606691
0.247591451294426,0.0649261600850808,0.0751201727135761
0.284346277160507,0.0796720839944985,0.0417260266237084
0.291436684926786,0.0654376461661057,0.0203418742452152
0.268446088688494,0.0339484205902264,-0.0148359003235295
0.237848853020109,0.0321185243179973,-0.0523800252775298
0.221614186822033,0.0557700833117762,-0.077021744851923
0.150473446985463,0.107801062005733,-0.0862088205553786
0.0677815835404497,0.160576368217771,-0.133303564468841
0.00055599656362609,0.186801703635037,-0.192248772523193
0.00585444392640768,0.174031067644649,-0.224348282815098
0.0149085139747351,0.140037343624627,-0.248338572327723
0.0617295583462555,0.104804526834231,-0.269007798821037
0.0809130377680057,0.0757677183707079,-0.292111095144973
0.154972963710541,0.0809167845832379,-0.289914611416612
0.212711069682619,0.098701265801611,-0.281508495615569
0.239656691932418,0.144784100096492,-0.283099544923708
0.216338421076157,0.163990745919384,-0.311719451632102
0.218142125547631,0.171777672937545,-0.332906868508339
0.274861215090868,0.169818755205717,-0.338406312002102
0.270073598828503,0.162572712300695,-0.331757310319755
0.307325765589225,0.163300329471247,-0.333989082743485
0.295106796231421,0.159846058152243,-0.339835036308086
0.2508518202691,0.154809795438885,-0.331709327884072
0.170244719584079,0.142553997922719,-0.328163416237659
0.0536519035753691,0.131844716882884,-0.341869499348818
-0.0130524761974722,0.11116312751781,-0.337895711568744
-0.0528901943368055,0.0854312068332941,-0.319915121470307
-0.0692215600370694,0.0759852955781725,-0.305442745267703
-0.0977376897435355,0.0632092357351223,-0.309365837596729
-0.182213880501586,0.0546163877735106,-0.301421649246298
-0.193413270920862,0.0540574655456151,-0.275554586795396
-0.175132046324105,0.030650764263837,-0.246940705648549
-0.162543326751054,0.0169924723735719,-0.224362891535614
-0.167048922722735,0.00664598844635755,-0.198232918352669
-0.18240863195484,-0.0240074758965843,-0.181501172941658
-0.135193509502543,-0.0338184041996593,-0.168741543597966
-0.0526573315994665,-0.0432844894355029,-0.145262472413917
-0.0293494068903993,-0.0753297737992597,-0.125234365780045
-0.0158923877127647,-0.092053588069933,-0.106360030388669
0.001685351606812,-0.0976292501641509,-0.0839604610659105
0.0205690126588131,-0.11149593341515,-0.0579029253085046
0.0207556387799737,-0.106529138161428,-0.0298517645168052
0.0313462328732053,-0.0917932569293034,-0.00797471023009823
0.0412355665713832,-0.0875881905849017,0.00899951112605195
0.043751928090752,-0.0760152762650515,0.0263832243160914
0.0519123242442492,-0.0522616802863463,0.0373607708445051
0.048842014253572,-0.0653865329846614,0.0564052459454094
0.0433733319219131,-0.076943384453567,0.0723696611077664
0.0524859455747878,-0.0612345314545619,0.0864737935783616
0.0640381263671033,-0.0452210679557737,0.098414923723906
0.0169029468747382,-0.0484011618769553,0.107408822352121
-0.0222956466183317,-0.0478712268741869,0.130358068447686
-0.00603231370889656,-0.0164388745395023,0.146609074039097
0.0323149111688394,0.0304267351331211,0.155320600852201
0.021573684979276,0.0715962485475409,0.156146240221518
-0.0234309799238816,0.115717138359709,0.154081021137488
-0.0415336886659594,0.163053405113005,0.160615938413161
-0.0437788672305268,0.189267971134769,0.17107202007147
-0.0826536824921308,0.18807764116075,0.169478203528185
-0.123749669099391,0.162744602233122,0.17762264414857
-0.147713831313831,0.144651911527855,0.177010617792305
-0.134514551414583,0.137897166924681,0.170953487320353
-0.119382115704555,0.141008594646462,0.173140003887753
-0.0881553969501542,0.150434511819445,0.180924879000221
-0.0679114433071675,0.159949954530047,0.185423849982555
-0.0372011996059092,0.172592073313993,0.19222126074906
-0.0452490794274217,0.168878919540659,0.199260415533665
-0.0779708875704726,0.141912652501688,0.195012586716271
-0.0791977599383395,0.109956336618742,0.200074407862969
-0.0683650796062501,0.0664999029840875,0.212405145053174
-0.0547753809573706,0.0348039612850271,0.213356640457361
-0.0283377994851958,0.0131563676312545,0.203501319472923
-0.0656109702777294,0.0239731456995702,0.186934758571862
-0.111251466606017,0.0490755825264187,0.181569116899679
-0.127322744282324,0.0599317035311387,0.184301304897308
-0.1130015408429,0.0431154634006424,0.189485439477288
-0.0665568915737082,-0.00368246921417056,0.205068404437878
-0.0116883194220127,-0.0519063042064599,0.215671565274919
0.0468887714020477,-0.0535681754922959,0.218152509811202
0.122901542623955,-0.00750457831381623,0.232074814738938
-0.279960855194122,0.349769107143944,0.0476736543566121
-0.198240559843848,0.203927377397645,0.0631477779302488
-0.161306523760059,0.142068276598895,0.0648943641902638
-0.161853150288336,0.13633149593412,0.0701226392935722
-0.198090909386665,0.178354918679113,0.0722486372303102
-0.225504435639644,0.21881523226352,0.0581355174531861
-0.231120275160458,0.23145631739601,0.0431257897713129
-0.200918294775281,0.198207162596961,0.0390458870764398
-0.222046813100554,0.12741741533505,0.027859824817146
-0.284572247329362,0.0428744799775981,0.000132856241000768
-0.313816251966144,-0.0352831903486772,-0.0112170356882045
-0.292169190020309,-0.0875266622043564,-0.0133535924189117
-0.225563162300014,-0.088414962668308,-0.0261854203595543
-0.199801882842551,-0.0239516855707822,-0.0435886080737942
-0.218142990271968,0.0337474757634344,-0.0656717294707594
-0.223961661652083,0.0451615681053138,-0.0798692221630467
-0.213907441355429,-0.00231292484397114,-0.0810622278942347
-0.219942651061105,-0.0797859824584676,-0.0867593222155083
-0.25164482515716,-0.127052158885675,-0.106006712570121
-0.277244649564489,-0.156569176574827,-0.123644199612962
-0.261298028192457,-0.147183700120677,-0.123725674448152
-0.215577188369112,-0.112889182349263,-0.120973096871482
-0.188636767556705,-0.0580835747891627,-0.127377851595024
-0.196730060398998,-0.0359333706564715,-0.131141197708031
-0.228862373992921,-0.0583950750148495,-0.135730528295151
-0.248194555865002,-0.118032684219226,-0.143068359956684
-0.236811005672361,-0.184488254093864,-0.146519900401477
-0.23644350651679,-0.194347773261567,-0.143908366528382
-0.245065474789137,-0.160799521138059,-0.143986736246355
-0.234225997125598,-0.114045066612646,-0.144697262937506
-0.217357186597446,-0.0575497647458073,-0.136846982186724
-0.215139046678176,-0.00929883208767881,-0.135744109755829
-0.197489769863611,0.00512418045796638,-0.150485384903027
-0.151617427659396,-0.0277653628743325,-0.158489655964162
-0.0857813833936011,-0.0812154408605192,-0.158685882484446
-0.0815100548426008,-0.0974100149326713,-0.157268041067082
-0.122846249149834,-0.0754749162167919,-0.156148588265453
-0.149807752428265,-0.0488920145902995,-0.138454430207933
-0.178105064037811,-0.0117085707099873,-0.124022426969994
-0.190273346903496,0.0372314924296961,-0.119318692381693
-0.179841828185464,0.0508698357094399,-0.115644908484439
-0.149066062731969,0.0310447488760264,-0.120041294411623
-0.150437585196316,-0.0081860169482151,-0.127978096804522
-0.162643222696856,-0.0506108221216074,-0.132956323915452
-0.0971397313804392,-0.0740972873936218,-0.111412454339674
-0.0191852811482779,-0.0580697276919719,-0.0884518746320093
-0.0239714562212655,0.00818089124673809,-0.0836840989618073
-0.0104926150843764,0.0955592730241409,-0.0774486717897394
0.10359348264014,0.139775017020999,-0.060049927601385
0.154624178410025,0.160779633336554,-0.0461022931844286
0.16222338759034,0.17546403791713,-0.0306710064386569
0.226777889117694,0.140627038679503,-0.0124451618871631
0.247770549800397,0.108843360284967,-0.0048744868954621
0.215481018364697,0.0944498190865667,-0.00704605420443121
0.220517080746595,0.0921308879049712,-0.00460249342344087
0.222805512437171,0.137411733430755,0.00592831239643921
0.201085263900885,0.19430023411564,0.0021893259272811
0.217672639823341,0.202565171354304,0.00167970183265787
0.247827199515672,0.199213310630397,0.00949035215716743
0.228457122227956,0.199165525218121,0.00896374106949393
0.258429810782743,0.165522249277417,0.0230449013217622
0.275548848764224,0.146444427549329,0.0387891841661171
0.254584997685801,0.15165608955259,0.035882487448517
0.320883448827829,0.146022550079122,0.0501607646569116
0.368690916540714,0.164813642468135,0.0583442552271528
0.372126369228318,0.198995532492379,0.052921796145193
0.430487682526425,0.180698498246715,0.0593936207826857
0.440033838607403,0.155648733533501,0.0677375285246766
0.441680044461265,0.106086891481695,0.079728003342478
0.450841217860578,0.0543897551093609,0.0984294042842417
0.378110534542221,0.0418248286794719,0.1034593931848
0.32807626646531,0.0492632871905029,0.0841571226246669
0.314493706434673,0.0748192122890264,0.0758147774883508
0.254261299090123,0.106598869113185,0.0821605578488129
0.239130958322725,0.105173507117286,0.0785005839618645
0.200457542173386,0.106003968386068,0.0581741840785421
0.132241892685183,0.0875792000061207,0.053674243455752
0.0850704387389393,0.0755316010360686,0.0689406598738612
0.0450096020916574,0.0793962922139183,0.0423301763068609
0.059969480206638,0.0743898295416814,0.0355381163596036
0.00306367304446084,0.0838091143418776,0.0485430007936952
-0.0689634328255364,0.0771070191299356,0.0447050317153874
-0.140392000156275,0.0725142435952702,0.0106902424659464
-0.153283149110093,0.0368841135569167,0.00264546905354359
-0.141795433206922,0.0053992272861373,0.0285882513227352
-0.171841184987764,0.00388754081862106,0.0364616442964731
-0.184526744730752,0.0415056089585743,0.0267269420714747
-0.23948902336879,0.0839967420868366,0.00968658185674865
-0.281030392815576,0.103507171607245,-0.00479942690370964
-0.391417394701321,0.114212564530036,-0.0134875024623693
-0.476922059555926,0.0894452294871163,-0.0283181298452457
-0.533962727305158,0.0485728289884321,-0.0398955787226999
-0.515372019862656,-0.00609043630812976,-0.0304423496919812
-0.503177388983655,-0.0408569481979112,-0.0209714414373251
-0.478153554005705,-0.0546515682567115,-0.0223065905340258
-0.455865627004333,-0.0474536658865162,-0.0237177882891262
-0.417775481592254,-0.050634342260189,-0.0179343415187785
-0.40945876756312,-0.0617844346693315,-0.0204945851144491
-0.406980359897601,-0.0874206669297341,-0.0373050790024051
-0.403421595095918,-0.102212586060223,-0.0367080715437252
-0.344325339871932,-0.130699245305957,-0.00769855058057977
0.247138235631328,0.40796521109226,0.629351126812544
0.386560569324088,0.422036779998857,0.65433129703177
0.506011966820935,0.406264411511676,0.648665465265349
0.558164119854919,0.368082378970655,0.621359217672035
0.57361123700192,0.308336472448861,0.603215793756634
0.551357394091005,0.252455624736013,0.59465284020527
0.516112845312493,0.218931647208735,0.575417752483813
0.490090852029313,0.187258251147491,0.544397670933039
0.512828997196569,0.174134582654156,0.533119565453165
0.563778995536299,0.183997139115711,0.53790901918022
0.642974819860792,0.199852239801299,0.532194307470941
0.684308381675855,0.194820994915097,0.504000049872818
0.705953271075808,0.168762272305148,0.465069062406687
0.70891287751304,0.126978629638209,0.440421426913595
0.695945701109105,0.0812741204291495,0.415319349804142
0.61769455525523,0.0234438776865468,0.371899723981203
0.509232331228705,0.00586634162240032,0.325657487289011
0.430462042901856,0.0258928247961908,0.286646249144797
0.396346950213922,0.056363267621154,0.244268195947464
0.359539287637808,0.076521520186532,0.189519396355053
0.325550910028824,0.0521514853474834,0.143931945801601
0.308138553338905,-0.0114311183539964,0.125287014175374
0.342084340778835,-0.076861417037122,0.111542031210343
0.369100838548109,-0.175603173455385,0.099334790856201
0.374540066074052,-0.252545946181232,0.0798921323361429
0.372467337983034,-0.264387795039354,0.0450135211281757
0.371275866412507,-0.188287841596956,0.0242867238064755
0.369287439107865,-0.0737002228115604,0.00401122113373397
0.355702542938217,0.0752288310143287,-0.0421101124172664
0.358792820192941,0.178671400723711,-0.0892732165697477
0.327948879474996,0.208782820942111,-0.114825600050404
0.286237288670669,0.176770149491621,-0.146796479414731
0.250942476815294,0.130850382852834,-0.18378992150229
0.211451102588574,0.109108840753633,-0.208002508615874
0.1772872731728,0.148760442607932,-0.226247072325797
0.180629510434501,0.209532283949442,-0.256463817667525
0.206652055538264,0.296118050656204,-0.303910757493395
0.241726911074732,0.374019940309616,-0.330970807028999
0.258783656207578,0.394288402980181,-0.339213773228028
0.280158026234564,0.346642333367108,-0.351667374779952
0.267340038021773,0.272371986518718,-0.369075930947772
0.228286296283415,0.204552925529144,-0.393118427643279
0.125159466912501,0.172080776803588,-0.417417788463988
-0.00404191287624241,0.183374605240432,-0.452218196697202
-0.0837038172190577,0.225640087213358,-0.471789248388009
-0.126777973718607,0.284572179770437,-0.475298946182927
-0.194973591298743,0.329649794135494,-0.475759137022358
-0.308354261520166,0.322873532480712,-0.492154915211867
-0.393857664961468,0.275131910156338,-0.472828920518068
-0.419523772045732,0.204643261821707,-0.417953841174716
-0.408810132750004,0.122296377462732,-0.348999169661581
-0.383815231005813,0.0684210637216281,-0.304819831713121
-0.382185611018694,0.090423947990152,-0.272573443631051
-0.381150748255663,0.135796341734598,-0.233253797446642
-0.356779009021155,0.192791354852977,-0.181617204725021
-0.323250216983498,0.249157202459942,-0.133337761328995
-0.325101579065694,0.277738021581383,-0.103395862291479
-0.319085204721471,0.262846023938091,-0.069207501531839
-0.307545091401101,0.232749918634991,-0.0119622954536846
-0.286334361640081,0.208992933182864,0.033755997160679
-0.257525347797031,0.182397794526663,0.0529149094092338
-0.250858452177211,0.153941087120732,0.0715520300760425
-0.231972854750695,0.151950931613139,0.0928379233627144
-0.196426163959377,0.171225229495021,0.109974307360043
-0.169806988061391,0.212820237446591,0.124467613516727
-0.0432904660509102,0.258689056796384,0.172864584540847
0.102104291240596,0.291746527740267,0.222308957930812
0.266224326038793,0.302422314210014,0.247654228573882
0.365537770763379,0.291336178861228,0.249036450773869
0.446605332720661,0.24989957625632,0.271161377724391
0.491535891054478,0.178586732357386,0.297588879983149
0.543464793410175,0.0996032222107266,0.288711030367089
0.531964521774924,0.0548630343510283,0.25360937692339
0.481667031990703,0.0609180776103512,0.248036357860287
0.408988270539383,0.0704486842461781,0.265417628198793
0.364681827043213,0.0937556276633941,0.255192113777685
0.278044124017652,0.118315680675676,0.210435783075986
0.122764162040693,0.0823028118087403,0.161069560753385
0.051851134618315,0.0166341877453683,0.134150925807034
0.0470761155167394,-0.0550603307735683,0.115053479207814
0.0835698442981765,-0.101135895568866,0.0956974754957593
0.055838964907973,-0.109138322403623,0.0826208189181377
0.0337984900239687,-0.0863793738246675,0.0823007008579788
0.0413298508086778,-0.0610854692004055,0.0900844818580921
0.0549703733848271,-0.0194082139924432,0.10630650476388
0.00355105701749695,0.00922971139805174,0.128550225747426
-0.0616899963995455,0.0358724952683804,0.112794567262153
-0.162620623889989,0.042249808964112,0.0768766394714608
-0.284986375340437,0.0597769938422304,0.0485331669519865
-0.483939356940578,0.0885144776229678,0.0191044587125083
-0.634144333784395,0.123857412450684,-0.00639174421758815
-0.0287692748768001,0.143277863577658,-0.563710589494538
-0.112560028690395,0.150375013491516,-0.552136106306184
-0.194341871667726,0.190730223764674,-0.533586582981995
-0.207191382990224,0.228844372234282,-0.498974163947579
-0.180695502745751,0.247993709141123,-0.474450056689762
-0.14308753144095,0.253765626464068,-0.466068255610783
-0.131898221712386,0.258351778090158,-0.449713203199113
-0.108506068125795,0.266090940618775,-0.404659976813751
-0.0871567851450673,0.276200030423934,-0.35753072594245
-0.0927309311771218,0.307227865568569,-0.316081959478038
-0.128655804334296,0.332450544923744,-0.268275616041494
-0.157248453782605,0.347725172950727,-0.209273613935286
-0.188893367994939,0.36087009355061,-0.145379451791917
-0.204899968128631,0.371576167755186,-0.101912019599439
-0.225036852725366,0.380451963979515,-0.0586434956469902
-0.193327098238115,0.386513269723183,-0.0188535196557898
-0.140943766393947,0.401263993289679,0.0291925725094863
-0.0994711608457013,0.405799447010201,0.0724836643921864
-0.102535278503799,0.383232528233343,0.099027268118765
-0.116174262482913,0.330685427783706,0.11876654471208
-0.109943338257603,0.268951214573305,0.168340672664917
-0.135522973470592,0.236027477685638,0.210165420177687
-0.17287649865266,0.235911292387577,0.22354814733241
-0.191208459812573,0.256067443062969,0.219341022618519
-0.184268790207445,0.266079872494581,0.220219813277217
-0.159076119792445,0.254063779254076,0.24254703952241
-0.125786888833252,0.244672833436187,0.270901138558953
-0.0759515993293303,0.246231306192386,0.29680896407732
-0.0103039470134196,0.24933412968978,0.308825257064385
0.0520150168384045,0.250829248140034,0.321044170836942
0.0957273768728432,0.23933630934063,0.326767655686906
0.119680860238596,0.23880991926576,0.333180839994339
0.109068886569215,0.237624828364751,0.335435567866976
0.0803504927441996,0.237397322273729,0.341187834096632
0.0575525280960532,0.23223068216674,0.344014227972179
0.00999226953614662,0.220542263775684,0.351313252909279
-0.0507216568048079,0.188908455848694,0.357887046669276
-0.0724000519574114,0.155351055608364,0.369856081679207
-0.0619999474875314,0.110214052152965,0.38720549479379
-0.0850334131160334,0.0705983663676877,0.396017867037138
-0.113558712078978,0.0385612283517725,0.396430834046871
-0.115339519744023,0.0137482768852391,0.385598393594184
-0.108424555115281,0.0200972310432059,0.374041460230046
-0.176273244077104,0.0782513191622729,0.370177401890021
-0.304044199965829,0.158827153949454,0.377153911853484
-0.393828251642098,0.199539626313561,0.369472615869827
-0.402202940253975,0.201023865921478,0.340181510587108
-0.349054574530424,0.171802191723246,0.32230626886849
-0.290076508593782,0.140828557794277,0.326126316680986
-0.215411764626517,0.131604468484434,0.324645445942287
-0.156405941676231,0.158154559772459,0.30800726703783
-0.0758977548406747,0.205134899019528,0.290462572138306
0.0265801732301743,0.250749072967174,0.289824579368466
0.196224852389146,0.276613941477203,0.278447810768224
0.405172607933755,0.267364689601668,0.262638822616819
0.571356482637218,0.247900856299422,0.254972082080722
0.698670153481233,0.216898732760759,0.250959639198597
0.763436666480246,0.168797916117405,0.227365007036523
0.791995667867379,0.135035282572666,0.191512445228273
0.751842411213523,0.114246354596752,0.156078627735693
0.657681491411542,0.109846315221185,0.119510506034216
0.522328250507925,0.106366928327042,0.0627448906509901
0.416303945183871,0.119983151797784,0.0202728666401176
0.343163149516166,0.127960815633987,-0.0157750650266567
0.26031499192068,0.120730387530189,-0.0564322790083567
0.221453043965355,0.0938984279700043,-0.0974545028895431
0.18502767428045,0.0465275590550601,-0.129559552931194
0.144422624103188,0.0200115246349081,-0.130690247872971
0.103811416757806,-0.00551529535856497,-0.119404127654183
0.0783806648597812,-0.0316021556207026,-0.113546616386634
0.0852427460234482,-0.0716214630910633,-0.0969124987593157
0.0853472543416962,-0.110644151115027,-0.0765111951486097
0.0775235525029301,-0.143759545223672,-0.0614974678163328
0.0505178539625019,-0.158852958743113,-0.0521703865547389
0.0406485927905809,-0.173906345608767,-0.0385230825782028
0.0276964129695479,-0.162143954573522,-0.0324097909400936
0.0318182350328822,-0.123562189208879,-0.0317433578995972
0.00929300031450985,-0.0525219801091756,-0.0287914504938771
0.011405651007377,0.0267903047369978,-0.0221883942790585
0.0335089132298373,0.0627226736247967,-0.0162161274153159
0.0475806809923952,0.0548789576038069,-0.0312994671161841
0.0386175351807771,0.0428130476869999,-0.0599030021251102
0.00783987115704647,0.025733939763314,-0.0824281857703372
0.0368522159272703,0.0297081386236682,-0.080883864817667
0.100672038309067,0.0551800633053443,-0.0813854138791586
0.178283622501405,0.0887155215676298,-0.0721791782057877
0.223527153549646,0.120533472412651,-0.045206932291301
0.204869593942717,0.128122484680118,-0.0272602518023811
0.170293859709521,0.0794973608766595,-0.0229818114568189
0.157690079795621,0.023784824309714,-0.00599607622443372
0.162086205150905,-0.00235551087908249,0.0334759401915897
0.171861854502499,0.0355953628035637,0.066733557751882
0.170603599750348,0.112190348810637,0.0764328547034741
0.142729794894765,0.170942792049242,0.0808192773989889
0.0779834956349413,0.19860027339241,0.101545870424773
-0.00201103987783007,0.179840783051124,0.129027384525033
-0.0686551279686118,0.127354763248209,0.143488278636244
-0.115245232551753,0.0898620265183236,0.144169417770694
-0.120363056849586,0.0801616954114237,0.152242951293921
-0.122543944772111,0.114748336792596,0.172442352791179
-0.151577370272287,0.195298839087185,0.184110491599668
-0.212819432404196,0.269415528264044,0.188609366892264
-0.29170468105179,0.317662514638649,0.195234132446256
-0.359186944097828,0.330580467258076,0.195674391392226
-0.359898941358003,0.309593877603719,0.190233640270155
-0.341768759419459,0.270149230910457,0.181623567730779
-0.335449166253567,0.24372247751046,0.184573185932128
-0.311599889321614,0.249747649311172,0.192220514459459
-0.258102339265125,0.309127192965203,0.200730379964673
-0.206715706102868,0.386255173690384,0.205063866891975
-0.17697367046232,0.452174053197117,0.207071485513837
-0.151855780719901,0.470143785511167,0.205070687151316
-0.115534650859107,0.450068559563782,0.203107078422372
-0.120247620125614,0.400867763947048,0.189759284540883
-0.125611014731849,0.343589258511575,0.167709735644654
-0.147988855674194,0.301329002335557,0.132880830833969
-0.152317839270443,0.278101098929447,0.0824046686210991
-0.141927580104648,0.304421503964563,0.0599624153128789
-0.172445463103974,0.371562981349268,0.0575718554057449
-0.201538049601205,0.432081610684056,0.0493727932562089
-0.228444449692439,0.459097931437039,0.0136838825918756
-0.243298912918839,0.437580584609015,-0.00228518414059893
-0.218363911354887,0.393216644929729,-0.0012025382441164
-0.170462368442824,0.328298428365361,-0.0169940652488
-0.113471053672763,0.275487021449258,-0.0403960909965167
-0.0458878251038178,0.249216599301081,-0.0526310400879252
-0.00482740582910127,0.250188376285652,-0.0604331221580874
0.0492276591771694,0.263153567808684,-0.0715321877382684
0.0830208265736233,0.264427877209324,-0.0860678399960453
0.0553468621815905,0.245041992857087,-0.0875650145229325
0.00546007071537373,0.19556776227919,-0.0818975472724769
-0.0331167738681148,0.124079708491071,-0.097171277323656
-0.0491570802141024,0.0791440673227419,-0.123266015855077
-0.0458808930735826,0.0409680391334695,-0.156370702020669
-0.0627690355885348,0.020180729665103,-0.191924921480515
-0.106241639231989,0.00333601012894989,-0.224548501998886
-0.128627108843221,-0.0423928643180768,-0.254204436743666
-0.14189780780582,-0.0984488453537634,-0.269524014963698
-0.127905957871926,-0.163562755164613,-0.282131417883184
-0.0744795637531496,-0.19435692257559,-0.297117905324239
-0.0600772065502698,-0.204643025845239,-0.312793799645508
-0.0601807833542942,-0.18837406455865,-0.311746561277129
-0.0492949862614815,-0.155944559395615,-0.300988366285219
-0.0552000589269268,-0.155032246971415,-0.30499729882411
-0.10104373491739,-0.192973876757877,-0.310305264938523
-0.139453344510058,-0.233592999630296,-0.334705927320756
-0.164103730978569,-0.268994728067298,-0.39791274016417
-0.136553645413878,-0.269902061902075,-0.444029922146811
-0.126654680044654,-0.22069023822362,-0.447252886745165
-0.137370004138776,-0.116117454590666,-0.452619455037249
-0.10055981650661,-0.00583766422088748,-0.475573570427759
-0.0416377140501908,0.108115875299541,-0.474203279111365
0.0381776687991884,0.166791905652937,-0.451187290813453
0.140052623970091,0.171817384552055,-0.439718724104616
0.251241295061937,0.179844243271049,-0.446618754404776
0.298353458384882,0.248579496938135,-0.419085690874764
0.311548184662648,0.357392851191647,-0.374765803100373
0.378417970426394,0.477136824171277,-0.368077248552829
0.360008479521673,0.579807811913482,-0.375093822164145
0.271543384810621,0.628512283681155,-0.371477072101827
0.186640817363078,0.566269260173574,-0.376809314802404
0.135623820333492,0.419240255692272,-0.405774624557699
0.09140821974138,0.196264252314722,-0.411592413331534
-0.0202504381639949,-0.0255026408935919,-0.379053391565949
-0.0104280239804415,-0.161925918639636,-0.361549361245732
0.049371041830455,-0.186835307986767,-0.369698500353816
0.0481710754611081,-0.144126310728384,-0.342284445657596
-0.0472155072447354,-0.0843337474093261,-0.276550226347201
-0.13436440103348,-0.0499322587591406,-0.256316413713208
-0.168153797325022,-0.083737436258058,-0.270457529061519
-0.200880135636636,-0.136563994931469,-0.253452255785215
-0.277412499272332,-0.215162016440959,-0.230296932356927
-0.327086362706421,-0.284503331312716,-0.230605273888133
-0.259274469901738,-0.286347441263301,-0.239713302326597
-0.144003420891538,-0.223431604561234,-0.2238704817263
-0.119720748533703,-0.0766876779384047,-0.195885989702301
-0.104183643630899,0.0629182986377206,-0.175781724477534
-0.083738889568081,0.135922085266213,-0.170855133061205
-0.0538867438124642,0.127536697059801,-0.149722241643107
0.00306228092750118,0.0280507438077992,-0.115192240136826
0.0952954477351426,-0.120984902934794,-0.0893065665010084
-0.344541959916472,0.526501683916443,-0.247731004487413
-0.445354436160355,0.549161780463299,-0.275915140866599
-0.478714963981195,0.541378697909751,-0.282730989060117
-0.431147608952279,0.470345532413803,-0.300146298970364
-0.350779558062033,0.373483465123891,-0.326832054304111
-0.322119179323983,0.312028094862743,-0.336036058766405
-0.287030636590649,0.27625482235939,-0.336548034865704
-0.209350027559385,0.283171012051934,-0.355671881480452
-0.127138739382181,0.317507021147737,-0.398280547682709
-0.0984007036223008,0.378057362248257,-0.440452198882151
-0.110620460634397,0.418657646457699,-0.460382735979892
-0.079140775103331,0.385667028968971,-0.486307948942839
-0.0386255520796943,0.281941878758168,-0.530917808259447
-0.0559694756931318,0.197540153333648,-0.550705124829042
-0.0774182492743147,0.137132017835576,-0.53831185841923
-0.0603266533736996,0.110699610053697,-0.537108985681045
-0.0268377158423218,0.0935678726252619,-0.557055126077283
-0.0417216015684763,0.0877551103641733,-0.561744306928143
-0.0646668321742691,0.0926543001176749,-0.546144172916887
-0.0536848243006707,0.101706299452873,-0.543833795795376
-0.00100505165403748,0.0761367229565583,-0.55547185169284
0.00397946394557843,0.0143946244213993,-0.540873357846731
-0.0541189143026203,-0.0357073751839004,-0.531276596029638
-0.120006305929646,-0.0579179129994414,-0.537868198125811
-0.165753416105095,-0.0611409134919364,-0.548945920420238
-0.217472508756488,-0.0680807361770673,-0.547709683206148
-0.282245411903724,-0.0699631503761742,-0.541976738210554
-0.322428815782062,-0.0537731256194333,-0.523558435364292
-0.328049227568449,-0.0364234302238028,-0.503245079848145
-0.34865306644284,-0.0506318040659088,-0.48611946107631
-0.392462425603973,-0.0799249800919816,-0.461755316358491
0.278143786021413,0.270755402992675,0.233998912667433
0.32866980037983,0.282067737506964,0.217582994016962
0.426583127899145,0.295322500047928,0.230286533577457
0.464925002204799,0.312011135498124,0.224777397011274
0.526423469427039,0.295102649441319,0.17718310077956
0.625058492951173,0.186198542218592,0.143161622847007
0.599901698746964,0.0466736583626248,0.142236323832118
0.516981377878804,-0.0816222423978723,0.133181859670195
0.542051024863459,-0.158743007902666,0.109654502405977
0.564557683063577,-0.19945561054814,0.0864245728951332
0.515765501554648,-0.130585792820006,0.0698744541962201
0.589457608887964,-0.0341040681990597,0.0494918610337413
0.758988030750016,0.0492428528786908,0.0317517392056462
0.762884557116399,0.0750503541325172,0.0211210940563917
0.647452149658055,0.0901143340062603,0.00201740028542597
0.616219268828284,0.0935755375879493,-0.0167002850014281
0.571021863883905,0.081127885105343,-0.0449948158960966
0.434332691391216,0.109658317673943,-0.0883757473727358
0.357951899958599,0.141877257120359,-0.112706063557385
0.373065207989799,0.142281252584775,-0.139980297892876
0.279244099871022,0.131953999467798,-0.192018647826953
0.199103025532439,0.130685384335936,-0.215234189930569
0.209005207690407,0.10707419942767,-0.213449594912888
0.188817525781287,0.0668810088059291,-0.226439727217532
0.0667685126251119,0.0865331733191494,-0.267413914820409
-0.0366952885785535,0.119683039256195,-0.316469155158031
0.000333697799248469,0.126316072974065,-0.332388958226442
-0.0143986383724843,0.109624893803968,-0.350856558460699
-0.114169158311468,0.111624909319854,-0.379350565461925
-0.17197858852785,0.133636855563552,-0.389077864086208
-0.217502851497865,0.18668821291953,-0.376612754877532
-0.324154062489449,0.264599631359389,-0.373557404463655
-0.393055575765833,0.310411275001129,-0.379154765634331
-0.413964436151723,0.318309226545963,-0.37439432006581
-0.484971751272173,0.25350009579049,-0.354446482797709
-0.616279663446256,0.185621433742587,-0.337595920182093
-0.638588983661622,0.157835478609806,-0.339456731921527
-0.59575236962436,0.164392224236754,-0.339339139002664
-0.678504022313939,0.231793088297964,-0.359528668713028
-0.848601809411927,0.342061363289865,-0.376923288846273
-0.932362324618041,0.402389165297699,-0.341645194048252
-1.03375478981754,0.374262725291003,-0.279576800176529
-1.20876813538693,0.350101272627795,-0.239270739420823
-1.30427897807898,0.31567382594594,-0.230122119121093
-1.23379805091969,0.278358237163579,-0.213206156826761
-1.280308281889,0.262026276004197,-0.203143972039246
-1.40079232572695,0.343687833685606,-0.204363496852488
-1.31904150764008,0.455004659953508,-0.198341346956387
-1.08685783385422,0.498111457273173,-0.147469436986771
-0.959524505779606,0.504352957994352,-0.0759160280119079
-0.819445436882217,0.459461205409711,0.000125137536796225
-0.526984535980043,0.343346235694628,0.0730392464393656
-0.302104370045872,0.210227688064476,0.131014965312254
-0.226657627417065,0.174914638046378,0.193285778110986
-0.124655980180008,0.177330830049865,0.220934499429447
-0.0175995398153418,0.191526159171812,0.218162051296088
-0.126156531011545,0.253581322794937,0.192766935251721
-0.315638233247444,0.333985515083383,0.2036876331701
-0.427822949664631,0.373041029745346,0.233383489146741
-0.609495489240874,0.36289115101119,0.22892429366961
-0.949941406557246,0.358639325260672,0.206001878532585
-1.20946988074165,0.321782040908658,0.201391451679039
-1.31534138439603,0.265973974570791,0.204064584717281
-1.42633431566604,0.218531642521228,0.190892666833099
-1.47414839974804,0.193844438326446,0.17219746722969
-1.32298235318188,0.157983367001699,0.18591927835697
-1.12725029611083,0.102718674971895,0.224200273946691
-1.025649633993,0.108111427425364,0.236533409490954
-0.729625646026474,0.0825573796524356,0.269168043999914
-0.290150499894035,-0.0172309720717078,0.335175806515352
-0.0906027126494687,-0.0935188832564467,0.36678613954931
0.0531092840128868,-0.137783205261159,0.34773841133515
0.311213291688592,-0.140424888164825,0.329838362512378
0.648051475222236,-0.0609747172326235,0.331062031780503
0.84611359268286,0.078519583318773,0.329198985591847
1.02752674617074,0.151178333152383,0.322742745461969
1.17405858545874,0.143253158772058,0.320603992933376
1.26980007176431,0.033090059198925,0.326626672958813
1.54639700861961,-0.149619282646394,0.346296672450106
1.88249690517796,-0.315116711825151,0.337802418432164
1.8781408122523,-0.349788314919243,0.281198222126069
1.8500079989301,-0.260128241168686,0.220404276871189
2.09763911417746,-0.128112465378547,0.216923240184893
2.13238802954183,0.00156532855339808,0.207490792582255
1.96269239371444,0.130482753333222,0.129696356782285
2.00294019099091,0.117923250715283,0.0587801074449323
2.11365212597037,-0.0115437889402601,0.0429716563686112
2.05724193665871,-0.163098860856086,0.0333970230947016
2.07037636878669,-0.289452995598874,-0.0119716319829234
1.99421616668881,-0.361619426718848,-0.0855207075450561
1.75677205626942,-0.319588777577756,-0.148807253530959
0.333125284334483,0.186335752405088,-0.012437264457906
0.37250339493864,0.178662626911244,-0.0200790469923109
0.405018381132983,0.201069390745802,-0.0116777457098202
0.431083637373473,0.250229630419744,-0.00391013699584843
0.464430079505712,0.315226253434748,-0.00311388493553363
0.501961174729293,0.325603734379137,-0.00399289993833535
0.531805957746742,0.290019338104149,-0.0109688469231267
0.542309594441559,0.237326811922175,-0.0159507121274371
0.527217065347221,0.202127545179819,-0.0269637172136652
0.516844090092071,0.188966959997183,-0.0473446040846024
0.479674779309544,0.210055033708436,-0.0530573273675098
0.43608425493054,0.269840868469057,-0.0563836984211093
0.389554943797971,0.328954440132719,-0.0785694685991907
0.338510456596959,0.300681458535757,-0.121244770876181
0.23483670357902,0.220876572871243,-0.155544620876594
0.146394064401666,0.178083872209643,-0.177784022281592
0.0770342787225209,0.153353378593715,-0.210947733938991
0.0313951251918826,0.15588766866942,-0.258534589442584
0.00164860347856161,0.206613234579257,-0.27913318366752
-0.0375171972875202,0.282200099256185,-0.294392687798292
-0.046213625611247,0.309091545283791,-0.310747246829743
-0.0512406891568172,0.290404193186456,-0.331420276175482
-0.0634658550412799,0.256174982268298,-0.355029671703799
-0.134206439341404,0.199851543122656,-0.383960102222472
-0.262713230815858,0.154002923221107,-0.408610374976502
-0.399771027682577,0.157850509755052,-0.423744755504389
-0.450775538067326,0.186023710123891,-0.433154648457036
-0.467242109288414,0.210698614958082,-0.425575857316627
-0.494367744210702,0.227012529875953,-0.412738495662566
-0.487962812799199,0.249153462422074,-0.39911350388416
-0.431255795698214,0.239896484742856,-0.38829887114431
-0.375551598011612,0.209285288753912,-0.374953991908724
-0.376192771050385,0.177981286211395,-0.357492347768916
-0.404026043472193,0.14842846081705,-0.336059816753551
-0.39859097985209,0.102506144790909,-0.296106858362993
-0.334285658961569,0.0847625576453367,-0.253261224610942
-0.243207365597352,0.0896103876087868,-0.235445830788549
-0.186151941035509,0.0968473230269611,-0.241040038586591
-0.16038165528796,0.121873839640529,-0.241491516825682
-0.146806021106636,0.163159791768923,-0.210291744931657
-0.162486375260863,0.199620729295389,-0.170901187522466
-0.162956886502764,0.227080952570579,-0.162509464785794
-0.165646209719539,0.224265695320255,-0.167470526493786
-0.170563641630715,0.170356221063424,-0.168197642300663
-0.164062805010051,0.115291547066587,-0.166319401143043
-0.135893074549993,0.0757647410783812,-0.175561969101554
-0.105184305361134,0.0552121460778681,-0.182601177649731
-0.092276615873463,0.0983662565420989,-0.163603090939066
-0.068665468951085,0.165236572349884,-0.136002194274695
-0.0756652092512208,0.191161618195593,-0.13270998082456
-0.107112091359705,0.213639042448358,-0.139777566177856
-0.144329876071496,0.196573262245726,-0.131679467347413
-0.183818295311712,0.139173572979418,-0.122233298067072
-0.188763449454359,0.0947021801166409,-0.114980288020005
-0.153187249102251,0.10407786468244,-0.118554225612287
-0.120755405803607,0.133640950242343,-0.117265633369402
-0.106177887269402,0.20681818434452,-0.0801566653104001
-0.0760987068127113,0.266023493128346,-0.0443384992042421
-0.0306166009445472,0.280975702840609,-0.0478899459599895
-0.00514649348778108,0.273330300298933,-0.0529381902655003
0.0527889830600681,0.240811904638568,-0.0228409431886557
0.073168538374419,0.193042910990368,0.00275298785362185
0.0558335556849032,0.181723496007977,0.000792936399960937
0.0290373931172501,0.209312677935369,0.00197408453074833
0.00882093568732629,0.235657847007897,0.0230537255144703
0.00320176241993068,0.268811771153471,0.0471855184810318
-0.0281203108166861,0.280226106492654,0.0636310263782053
-0.110558076981303,0.252499540233759,0.0607651357504442
-0.156698842820352,0.218204254185676,0.0626929848035939
-0.123392545306655,0.187327446205336,0.0742531568781432
-0.139509559623339,0.173938061662595,0.0818264976847606
-0.189023949969937,0.198116627750849,0.0890754256738717
-0.224889995757812,0.230562958576198,0.0973592671328521
-0.279056070471233,0.243088535128547,0.108208807364544
-0.287847400051201,0.230336263730717,0.125252407297214
-0.275798462515538,0.181749091666512,0.127956514537935
-0.304724725858676,0.109477693744902,0.130823743945058
-0.311612570175175,0.0617117657566781,0.154577500205862
-0.287959902116833,0.0287941785850621,0.169714617407147
-0.252732288257839,0.021394952690865,0.179316584257114
-0.241886913618092,0.0521023226204575,0.195983819356079
-0.26483431978224,0.0310371943137101,0.208121002843453
-0.27767395288795,0.015846900067421,0.206583258737885
-0.268541910847353,0.0104158433183745,0.19766415441437
-0.256739879291906,-0.0311672698407352,0.20524816264646
-0.290520463430775,-0.0525255990692927,0.212859847320706
-0.249089637429448,-0.0239320237831954,0.207743505552249
-0.162912845668135,-0.00497312444568217,0.209442021205356
-0.102803016129023,0.0233317181692413,0.230531020492971
-0.0337185554502087,0.0660005892161658,0.25914539262151
0.0231320891523729,0.0863635581555036,0.239652543240346
0.109785302654771,0.105357276095528,0.206969200587617
0.212296206640197,0.132407739322308,0.188613973518873
0.255104648558743,0.118857187305634,0.182365437922688
0.26719300236821,0.093014972950051,0.14404663561057
0.293586176892535,0.0882268838607603,0.107502906734176
0.335845388037703,0.0689257804358166,0.103681529961541
0.345020883126968,0.0409854060372295,0.0950622468691826
0.353279193618835,0.0530331637607719,0.0611826664791045
0.357550279705575,0.0810020522139623,0.0291804230048147
0.340329035644199,0.0988166828291603,0.0209746129476343
0.321247169186347,0.121157221356343,0.0168888085180828
0.339790339408677,0.129575381643259,-0.00625314571237863
0.355871687166402,0.0825625470852649,-0.0271350520303408
0.342709338434385,0.0425117772131792,-0.0131457101878433
0.35453825482429,0.00663781832934797,0.0133829285943704
0.333870592567154,-0.0229747007270352,0.00678596479129094
0.313781188382938,-0.0165308480407514,-0.00927917047828517
0.352249074230203,0.0564942303488322,-0.0112227471751363
0.41876319508579,0.110821474954073,-0.0130469058708648
0.464983182818134,0.114962180763178,-0.0261575884957205
-0.162396830548967,0.0974756189807006,0.0406846882225293
-0.191937867700593,0.0339800825609468,0.032149427730199
-0.149870987729344,0.0210480061149236,0.032534083892287
-0.0633228968345242,0.0650926940152204,0.00987415474040101
0.0958660084245923,0.177741799632531,-0.000798527920067988
0.211801522173539,0.27349870822076,0.0331295947873537
0.323901430805406,0.322900537121792,0.066556402242987
0.386642562064481,0.279343055329809,0.0541930045135882
0.385484949193102,0.187148519922,0.044578464596774
0.36740421140161,0.0974493949126057,0.0662669408677409
0.303182322068704,0.049062586514556,0.0694248179714286
0.258715152002872,0.098201482325284,0.0609004290148959
0.246813075630607,0.184090605369327,0.0702208367043955
0.236118521573438,0.3031547711041,0.0960294389209109
0.33245006028173,0.399578010117787,0.125815480660991
0.452932003384385,0.4145119497058,0.147259724248647
0.552294343699169,0.374601565947086,0.167931712253676
0.592137218736926,0.281611161442754,0.191816859745406
0.579947603122197,0.234251709189957,0.211566508186705
0.556830846576633,0.243682170049532,0.208749383631713
0.499626977268099,0.28823340919676,0.211071841567307
0.473425529706161,0.338267626409855,0.220700371997966
0.44877030019402,0.339444132334743,0.211678134311952
0.473946394943185,0.289163617420457,0.181806948103892
0.50001783733844,0.181356232364432,0.152765669942034
0.452937022926308,0.0839015774966024,0.154012556325363
0.406574249593826,0.00557724457408277,0.155929002293092
0.353220150761858,-0.0182190986337391,0.142167183326286
0.332494136935128,0.0225713956650722,0.143445846997864
0.263716048009039,0.0891623777555086,0.138215651624174
0.169105949662774,0.162476910564826,0.12011560671856
0.0738368563670513,0.207453754581596,0.0717155678562563
-0.0268688355864979,0.161712670901623,0.0254762144320395
-0.035300339679572,0.0871798838400615,0.00938595214894057
-0.0492637934709176,-0.0127022186662304,-0.00342323423867471
-0.0960195958803456,-0.0875305319810616,-0.0114657595769074
-0.134310290898625,-0.110206694849146,-0.00693098091381958
-0.155086038590189,-0.0799403165151719,0.00493796515305624
-0.086824846140975,-0.0138086644095674,0.0153423099898183
-0.0312132091356219,0.0345260218475097,0.012006821211883
-0.00365140512225513,0.0371311041111404,-0.00993631154641106
0.0696327067333575,-0.0139747161457264,-0.0222287724110937
0.152912544541047,-0.113804988232552,-0.0176816696769586
0.224250259531917,-0.201394074089688,-0.00773753344253325
0.254856826623751,-0.250343469622286,-0.0178379736256885
0.299740929236219,-0.199743277696773,-0.0357149240320791
0.376331439213901,-0.10537196394354,-0.0374748277981855
0.427291308425949,0.0354899955128078,-0.0358493194430625
0.493056225923824,0.149878847527259,-0.0630086747482902
0.492743313550742,0.152356501721377,-0.100635754237653
0.522252958425734,0.0868337113617166,-0.10440770783843
0.574418536854147,-0.0310155408379302,-0.108865907860152
0.555342791149203,-0.138812077970227,-0.14403120685404
0.4453695961956,-0.145646363066838,-0.150711937927975
0.214779873351324,-0.075008798779008,-0.129592873794615
-0.0343223991049116,0.111500227721208,-0.130003442430938
-0.189434999748758,0.270763263437601,-0.182470787064459
-0.363794858045464,0.358865243665505,-0.217852549085384
-0.488742819106473,0.352133685314024,-0.217398764684019
-0.538259080626573,0.281886875166547,-0.223138064914224
-0.534640631883472,0.194888597895072,-0.236254701232786
-0.540160497529169,0.137111037871461,-0.216996739145314
-0.573319833883263,0.182435155375023,-0.184560314937752
-0.547612744388489,0.293542897742882,-0.153089265082826
-0.507492116916221,0.378906941380215,-0.126892285431345
-0.399293785142549,0.422623639739827,-0.0882908399539521
-0.317015946599747,0.386129321177172,-0.0691273282236299
-0.288280199823197,0.331015090937464,-0.0762121459813741
-0.231928732412625,0.257901510256193,-0.085593008956432
-0.233662364993602,0.214863871906473,-0.0862762188975773
-0.211852846600989,0.231016369325973,-0.063477486986269
-0.228577066752619,0.263830050588981,-0.059055089824413
-0.266041733340014,0.30236169330147,-0.0532470440283392
-0.245481828094958,0.300214013336726,-0.0313953551008021
-0.22612638532989,0.239075973132763,-0.0208952483547805
-0.186808345026612,0.192709925114152,-0.02567857361982
-0.126762797820863,0.12760800982025,-0.038971724976237
-0.116152347797617,0.101111729289561,-0.0403048532063278
-0.0635697303535388,0.111787769319916,-0.028736290135896
-0.0387643013907429,0.117424504518506,-0.0210875276156367
-0.0513240721579314,0.131957010502062,-0.0113702130754931
-0.0596484463646127,0.133022592860949,0.00503142970405725
-0.10783153170176,0.117432111184204,-0.00668722109734054
-0.108409841942513,0.132525282016327,-0.0287038345642888
-0.0508639564569242,0.133652013227536,-0.0470247188285015
-0.0344090717513605,0.144901160379984,-0.0578711712961145
0.00818318846678398,0.178829359263823,-0.0480866666148172
0.0902335856699399,0.181727078568433,-0.0417599844087946
0.105330001977835,0.178724298284478,-0.0309060321647171
0.18022427685615,0.175761076337249,-0.0077366787104976
0.269254419720976,0.13699576791237,0.00245455169987552
0.314876221358318,0.0881256615567333,0.015633617401251
0.3207752976911,0.0721292298378002,0.013120669293681
0.335544032034296,0.0429392696463731,0.00146226159581856
0.36351860872115,0.002666150549946,-0.000952137864583258
0.374996095385487,-0.0308057956080086,0.00396791621555952
0.37198032579727,-0.0736226422953898,-0.00343033893533414
0.320891935437153,-0.112521680876271,-0.0168004309053547
0.290453623220487,-0.120836078671857,-0.0120949962926707
0.302893180544411,-0.115499086517424,-0.00211268793935574
0.31031123450077,-0.131172977248058,-0.00512026775933327
