-0.114648919862413,0.154267750846215,2.24511813147499,-10.1039820996897,506.245730265421,-0.0434447349646212,-0.416159601189924,-4.6441693272128,3.75321823577017,-0.552729659086026,0.0108664548346014,-1.39607189665534,-19.2277524893616,-0.766914599845307,-0.655895040223294,0.02527890224394,0.59500255770343,-0.710342408032587,-0.199369061144993,0.314563642041428,-0.00751000589456785,-0.26380524963146,0.138796743336058,-0.044393320855137,0.151177901436163,8.36254124703344e-05,-0.0830368829341481,-0.0865272873000338,0.0873498812539605,-0.0701448896774202
-0.117379238925388,0.186185243663468,2.77159760422089,-10.4555066889514,596.264112777678,-0.046157008716831,-0.53704195485305,-5.43953225042909,3.71595461076846,-0.47068493227406,0.0125822356423852,-1.48859033117334,-19.2790809216243,-0.926437632545501,-0.575004370872304,0.0301308888778081,0.684725204510996,-0.769764504717544,-0.175798023113719,0.339031231753133,-0.00632260116990141,-0.264221560873762,0.178697766402816,-0.0443640564249165,0.135032151594411,9.5981619215563e-05,-0.0930041015128364,-0.0869855486179414,0.118147488201474,-0.051961741347913
-0.121331103159074,0.153143053044402,2.16989517428417,-11.1600797927662,493.905275920484,-0.0433640176529491,-0.507080644063323,-6.23999942465391,3.48280547798352,-0.469779734009956,0.011374800329316,-1.50935552310875,-20.0008090784639,-1.00716941929702,-0.527705196360127,0.0299175003148317,0.714349708950886,-0.806352069973349,-0.15677185758418,0.308346885132723,-0.00692073596393896,-0.310342103402448,0.146268335032775,-0.0441833567588337,0.144643590616649,0.000104443428530399,-0.0941947728531009,-0.0856916285029729,0.114961351570222,-0.0701575833521488
-0.103349741087489,0.194233837096362,2.27953618199528,-11.234811303152,594.416301302748,-0.0517178039592335,-0.554249356695593,-4.94521700535184,3.169062188729,-0.592516606966675,0.0121225301095056,-1.49867478913322,-23.7374870482582,-0.90643829483917,-0.531863642111897,0.0317633058609824,0.732774133863846,-0.684034645472635,-0.203937417509054,0.313035456623213,-0.00768483846639882,-0.268796444232036,0.137310962974183,-0.0423579061355697,0.156788754281861,9.97425043652107e-05,-0.0931199273679709,-0.0868787983233818,0.117650237629954,-0.0652080356544094
-0.1130000498678,0.180906949459743,2.17909757826396,-9.27231983179178,471.324456722238,-0.0557949200520404,-0.444457665506506,-5.62425892351546,3.76267882599502,-0.462284906774018,0.0112624693923145,-1.35014159660748,-19.5566261489131,-0.987271971889835,-0.539188559196209,0.0242371899856031,0.776163472059901,-0.676338514605819,-0.207177230666582,0.363665540759653,-0.00739524728680148,-0.272003573419928,0.139831020661865,-0.0437095591149616,0.152783626895221,8.24086893883513e-05,-0.0935539562363994,-0.0888219851836831,0.117912041084822,-0.0618475052712087
-0.0918417674088742,0.165099683216497,2.46766940067675,-8.95182268440546,489.665556906483,-0.0463291068384738,-0.506272475715593,-4.831921501537,3.77135212353545,-0.549058314484107,0.013180993163759,-1.21389423616431,-25.6561035773959,-0.946687838839958,-0.585640551034906,0.0254674183990236,0.682018043627002,-0.673955659648073,-0.198714853633219,0.399841051268979,-0.00703343847541699,-0.294656917654728,0.142205037885677,-0.0429942336371878,0.151925921317572,9.09280708107237e-05,-0.083477962668416,-0.109200057578036,0.0893964285455371,-0.0643408719947027
-0.122932660794136,0.152301455933145,2.19317645351743,-11.264398003383,474.557542810423,-0.0420662995750638,-0.511287227014421,-6.14126223786769,2.91763632745083,-0.493581250104823,0.01036710783663,-1.15816715765927,-24.4203210076697,-0.776107043812102,-0.534790524884711,0.023969049484392,0.587062846595032,-0.892027784937733,-0.207108104779797,0.301970392842438,-0.00608645281530013,-0.296756447068142,0.134725322443848,-0.0373498427533014,0.141088390907201,7.86953091268597e-05,-0.0927032212468513,-0.0862008177780163,0.0892920878627289,-0.0696366795637428
-0.0914428135878461,0.16730569482198,2.25820282072586,-10.1088029414102,590.57567737318,-0.049281007509222,-0.47636641386462,-5.18937478956028,3.1033803463351,-0.470281597984735,0.0131403549516601,-1.52752470874597,-19.3869949829264,-1.01275276955756,-0.509628172530155,0.0242941221835004,0.786998954067774,-0.886334258567251,-0.198509488269103,0.313083831522191,-0.00734584733116238,-0.355052242206108,0.138046834622219,-0.0442105527228562,0.159269610180349,7.84528715813453e-05,-0.0873267347699714,-0.0889603040704676,0.089286789593048,-0.0688265487541108
-0.0920523432360011,0.185304659722346,2.72774538149869,-8.71029236831146,600.783263371205,-0.0556670764332969,-0.44898264343038,-4.88020168401715,3.27514495884127,-0.494027052066184,0.0127916954938308,-1.32707821298438,-21.6092003769178,-1.01638738375385,-0.560562285692464,0.0242244103295835,0.5851613445519,-0.672338778900665,-0.201855530248191,0.380699329580352,-0.00692412689827997,-0.306138060443804,0.136290691238645,-0.0439478751029781,0.144031607055853,8.25075423657144e-05,-0.0792782145036753,-0.0863873533488604,0.0874415900500187,-0.0625462980812828
-0.0976082146629436,0.163519331248588,2.17229008489292,-10.7745307404349,595.086055962875,-0.0479136160604903,-0.417195405357936,-5.74404882114502,3.75055786462172,-0.602506982683801,0.0130344415335761,-1.31880733834565,-21.3097702703744,-1.01617979077004,-0.607707751462803,0.0242925935238425,0.660803931028601,-0.76212361963114,-0.188046256545289,0.380411259178687,-0.0071228894611639,-0.270121903303085,0.135007726388293,-0.0439355975517304,0.145013882792233,9.98430423027863e-05,-0.0812164767521452,-0.102459899884862,0.088142662509703,-0.0590944904247216
-0.0943657237653737,0.194263472181676,2.47461294573632,-9.9722168259555,569.946129908881,-0.0492746771587197,-0.487941102185077,-4.68635346185866,3.24257119330748,-0.602652975987618,0.0127072949525746,-1.20537488457877,-24.5577380955098,-0.929302730588938,-0.514058452231644,0.0257810439596992,0.640883923072766,-0.706042419583016,-0.203075580624104,0.310362845576005,-0.00701613927601948,-0.299667999205296,0.137246890959455,-0.0396971067027913,0.136089720072231,7.9614493663075e-05,-0.0860004683793008,-0.0991291811474594,0.0882524345225648,-0.0642848580291132
-0.0999525503114706,0.188564438745982,2.56163963990915,-9.68943971207533,550.648635087909,-0.0475501752075159,-0.416020370928899,-4.63438673098204,3.35925815428006,-0.60730356375044,0.0101679422212137,-1.53366489521236,-19.4264089723976,-0.948722533193818,-0.505410656921686,0.0322147166288609,0.76285078068738,-0.672705758050625,-0.155515885030484,0.364025240917405,-0.00765714831651321,-0.265398747416892,0.135846927385104,-0.0441353574422716,0.145250293560438,8.65551168152454e-05,-0.0800564246135831,-0.104924890508278,0.0903181362222816,-0.0654886165190167
-0.104256507691801,0.172234508922616,2.65780944530881,-10.8696688726294,597.707750370491,-0.0467166214197703,-0.492858567534545,-6.20774794212785,3.77640380036734,-0.523177434018325,0.0121434065783883,-1.23144964622968,-25.8640425559184,-0.985144351640953,-0.641575315107416,0.0260688213279485,0.598738410601155,-0.879651692133802,-0.172700136326669,0.305371684977188,-0.00694550699478856,-0.266783891049411,0.158741054383431,-0.043905931387761,0.146606550028887,8.49428556344126e-05,-0.0909484759173549,-0.0925903707258614,0.0932329208060113,-0.0668989382898729
-0.105792620424515,0.155985289829136,2.2899255688272,-10.6522325992121,586.001215505512,-0.0426005661356973,-0.431430851500946,-5.09040339714162,3.11995634339393,-0.528600124434953,0.0121606068192208,-1.15943916660724,-19.6899654271962,-0.998163708262581,-0.561739646781244,0.0316450293970656,0.685158880210073,-0.777231260445088,-0.156003098465252,0.331387347792471,-0.00707827407048318,-0.264438902862457,0.134632650510855,-0.0444211765921191,0.137676318838293,9.91305549743385e-05,-0.0936391122903067,-0.107425621622149,0.095188275710561,-0.0699595721921217
-0.110251444496922,0.157102081538987,2.44937232628839,-11.2370923169372,600.789845881846,-0.0430505914583288,-0.520509287134839,-6.24255066910965,3.57483942204187,-0.543362209820759,0.0101256547373417,-1.33516884754505,-25.8737287231785,-1.00494455383454,-0.52211781900668,0.0266526004047861,0.736669831654002,-0.824716164762038,-0.158522693519365,0.318221626656505,-0.00763319582598674,-0.285702999541825,0.177443425456638,-0.0432950721664918,0.146060770167979,8.22619071144225e-05,-0.0933797293669704,-0.101134869372742,0.118135803607736,-0.0585436030959334
-0.0999046843139204,0.195689090001573,2.88602950666354,-8.9142287078594,459.499454943059,-0.0548907087279647,-0.491187218299372,-5.28489511658844,3.58908276187706,-0.594403840805736,0.0122404754414455,-1.33442141907647,-25.6680685982096,-0.980582019853911,-0.506605587497964,0.0242973760877244,0.665422927149152,-0.677419137173434,-0.200931488085331,0.373470146492772,-0.00677421343195011,-0.303359811928442,0.139456014507371,-0.0436006892496972,0.149370841560331,9.73894047436803e-05,-0.0859579215919033,-0.1135752536613,0.0886148623091036,-0.0614023728598685
-0.104580514446374,0.19154988908737,2.80761990221495,-10.8746105590506,481.939971877681,-0.0542143398204207,-0.454535735716574,-4.72734284111889,3.14923960156208,-0.467221121220188,0.0124980657662671,-1.36505069027458,-19.2919498428105,-1.01136786989743,-0.529447615065953,0.0246367441411335,0.740514180015923,-0.870344366555349,-0.205282084036315,0.307872329937868,-0.00649817367803888,-0.293525094940343,0.134823043819436,-0.0438651882505672,0.149250920597158,8.67344646127724e-05,-0.0782572341229923,-0.104225292657362,0.0874580253967008,-0.0699811499698739
-0.0994953333066979,0.158300961634583,2.82948808962449,-9.07825174365587,595.784613484712,-0.0556023631400824,-0.561899475361158,-6.25234002913558,3.35378772833128,-0.450687006268081,0.0109593854960907,-1.17118715614065,-25.8310671278887,-0.809918192681504,-0.521037696284618,0.0239737005744814,0.77904579714502,-0.891227846584774,-0.206511726481869,0.302498922629716,-0.0071170928411234,-0.263855350615328,0.181612724926581,-0.0328619231097489,0.145250219364712,8.77700057293089e-05,-0.093792801299266,-0.115253585208082,0.118138428740199,-0.0667991800918974
-0.110514341616512,0.184254765486553,2.64145750885525,-9.49597321214882,503.089476373596,-0.047858216564104,-0.420897118865623,-5.8600077622037,3.30530115441234,-0.503231680226084,0.0124538774619528,-1.22451681841639,-19.2355207739034,-0.970306888712999,-0.507550101708736,0.032127719354601,0.782908297141594,-0.663562347035291,-0.157302059929155,0.330740529708273,-0.0072739404965291,-0.330748089750586,0.136225746088434,-0.0444014760109639,0.160796191797882,9.78208327549269e-05,-0.0935961367502709,-0.102515072458771,0.0906810762024063,-0.0693551132965087
-0.110391358545177,0.154692854954745,2.38167231522579,-8.91329804041345,467.19716340536,-0.0472229973158445,-0.524903760859785,-5.63680095460861,3.63224988731942,-0.513185674133875,0.0110177826219321,-1.28047250437826,-25.0491379563224,-0.985401888856214,-0.506828330536815,0.0303112669928247,0.643917206139174,-0.843669420221952,-0.200127391295508,0.325384901568216,-0.00741746133492997,-0.30679735225858,0.168736522496197,-0.0439033082173251,0.152683883212067,7.89136480361141e-05,-0.0926902994295227,-0.0898122777534478,0.108089961556329,-0.0674925873537918
-0.100647476203206,0.175471815511352,2.75064881608117,-11.3157446239919,463.44002862931,-0.0446045966115122,-0.556865134254555,-5.22951960601329,3.80237515305843,-0.521963475514579,0.0131720525909133,-1.36743712513865,-23.8566445958025,-1.01722485953153,-0.521603964855951,0.0242224522813797,0.689593146648692,-0.853777515940794,-0.17433908450971,0.30320173320384,-0.00633948269125864,-0.321944747711691,0.136074610775814,-0.0443758511990043,0.156433996344404,8.32641192591966e-05,-0.0942502259450065,-0.0872604487334352,0.100046491489416,-0.0702003218909532
-0.112206438403885,0.179282365583558,2.75162092712625,-8.70495721376753,570.529234735305,-0.0516850690464007,-0.421421661516766,-5.85878159149885,3.48209560957212,-0.488352834084676,0.0118359181168061,-1.31600836685408,-19.583309482664,-1.00912737213666,-0.537834411825414,0.0323250077771969,0.601073457456321,-0.662519791089564,-0.197953881653526,0.302881847239176,-0.00731813033576114,-0.287419255951829,0.153469924705855,-0.0443184980576898,0.157217822020308,0.000103099019229733,-0.0913352313649225,-0.0899781517085297,0.111519473879102,-0.0554857241836156
-0.0918818488398384,0.173283425484963,2.78079290539007,-9.80201950596432,533.061188751684,-0.0467232170975031,-0.518891984639006,-4.74699800717185,2.94039823950314,-0.452208757287265,0.0131841306330654,-1.34579276057201,-19.2636026838607,-1.0128810420679,-0.505788197935858,0.0243649360383898,0.787194071524865,-0.843236653633692,-0.192102300904317,0.308424206485368,-0.00672662997826873,-0.31523122436258,0.136269159564716,-0.0428496474542443,0.160704548183145,8.97091076249514e-05,-0.0934664867260728,-0.103064808165542,0.0888611455982879,-0.0700017083547229
-0.116596724030552,0.157143446425944,2.21526393822952,-11.4131826063095,483.190715941094,-0.0462057462079478,-0.461080423716098,-5.08540157674786,2.83271514373987,-0.453780578466525,0.0109097895743059,-1.1728180003123,-19.2728998288261,-1.00945787260548,-0.547710744790845,0.0322831017904623,0.78412878110937,-0.874018492410843,-0.158433862317503,0.310449652475563,-0.00713932947495548,-0.306523268963001,0.135332580432627,-0.0443779599818625,0.160377766427775,0.000102570792256492,-0.0815193046256166,-0.0879154904803213,0.0874733866981237,-0.069065824325142
-0.106980176416561,0.175561673697701,2.3239199777564,-11.0322057197302,458.65087371616,-0.052026102500577,-0.492999277626653,-4.62762862533174,2.89598807531835,-0.562240224926909,0.0128240331569826,-1.33636180960587,-19.4199626524337,-0.983866624396739,-0.565098570824849,0.0297971877923042,0.59814426408815,-0.857407793687405,-0.202166782274813,0.332914736330086,-0.00578206838091931,-0.299313659297937,0.134575700171608,-0.0437286408004506,0.156681484274635,0.000105050111865037,-0.0819901080629369,-0.111856749223769,0.0876247385444154,-0.0699822050738566
-0.0930285613560043,0.19236321938395,2.89871504279022,-10.2545251438879,549.700940976299,-0.055663962688089,-0.53763182199938,-5.69351552195912,3.404306509931,-0.562067334402991,0.0120681668152924,-1.48991253983257,-25.692863630003,-0.961057294488511,-0.564180964060644,0.0322486739028829,0.583842772891667,-0.847802388410067,-0.156243463642499,0.356597256589166,-0.00689683074953111,-0.346540293194806,0.163167087526467,-0.0394133255581903,0.145900028850392,9.09009168715769e-05,-0.0925720961919227,-0.110810310178031,0.0950643600970291,-0.0519988393589026
-0.106430765141488,0.189391603527666,2.43728366474667,-10.7995130243893,560.189516260023,-0.0517676289085273,-0.483370730238606,-5.10981881566126,3.31621365146563,-0.605157865353924,0.00979912311418735,-1.3954001254395,-19.4710583390338,-0.901049545968015,-0.57928979400301,0.0321985709586911,0.641069970677858,-0.887941827314996,-0.15573418240082,0.332869133799409,-0.00763328075792047,-0.293924827685285,0.16136084838953,-0.0440449974709499,0.160572231269507,0.000104489269648359,-0.0936663031844521,-0.114470279541697,0.0910697471354632,-0.0654614373324789
-0.103676906881528,0.187254804974107,2.91102647276418,-8.56391823566507,475.088565550312,-0.0528380298714427,-0.416057531043461,-5.42911853708913,2.89666404018534,-0.451126921268904,0.00977409086187947,-1.4819466319026,-19.2468768559238,-0.887858061895979,-0.507089442250251,0.0251230667426965,0.684986139194163,-0.831127635457519,-0.197013382854271,0.311062512898846,-0.00755009827709887,-0.263818235731217,0.134740002691957,-0.0417390343835996,0.152611006846025,7.92372522071083e-05,-0.0877546899543163,-0.089400982586701,0.0875401327738152,-0.0700482148075857
-0.121090740901912,0.15743590252187,2.23652439657772,-11.2368852297424,530.591859086228,-0.0476653773732982,-0.499480423428572,-5.87737880243949,2.85021544505049,-0.541041668952393,0.0119756698114762,-1.40001892964058,-19.3246369840141,-0.965682736009096,-0.550986498358439,0.0250459105749143,0.784174941643479,-0.881025300775781,-0.203165741658027,0.303064074186325,-0.00756578196608657,-0.277693038682407,0.144963199856011,-0.0443233766991672,0.149813356535942,7.88664823653467e-05,-0.092803475511976,-0.088668580314518,0.118090249491989,-0.0665159603715834
-0.117191902877507,0.147754456939153,2.1927174751364,-10.5802122157843,529.041267290998,-0.0453907404866912,-0.520995409955774,-4.63233442395609,3.42940236472318,-0.472256530508972,0.0126637636656086,-1.21745911630839,-22.3498682247996,-0.922630386597369,-0.570684192878022,0.0247270601867354,0.771940741388801,-0.876665672195944,-0.177165826268811,0.325404156827099,-0.00755679001509803,-0.295347942893747,0.136909032784269,-0.0440214405516543,0.156495820173323,0.000104575070503769,-0.0943135768473981,-0.111623799260391,0.117147445020818,-0.053345135819504
-0.12300941290916,0.15910133485322,2.18867763066695,-10.988169931423,556.304385653702,-0.0463028379522892,-0.445775759412566,-4.82776986875036,3.19250520437301,-0.563953673422675,0.0105000091755028,-1.54772748817848,-20.1941547170167,-0.756434794437938,-0.547284681657726,0.0239212215472296,0.601026848342764,-0.773801566247052,-0.196699643774718,0.307008430126038,-0.00731848948902462,-0.263806050604822,0.135098483965797,-0.0386942933170715,0.149390930044783,7.97838738197341e-05,-0.0812749222407289,-0.0983356283485415,0.0874827897274045,-0.0694386588510002
-0.0992700202030373,0.184131630609014,2.3120200310915,-8.93946587906429,554.90205378369,-0.0533771736235025,-0.429412231892871,-5.57035428619878,2.85489930895986,-0.456324936816989,0.0104125203805004,-1.54444344096589,-19.3138855566079,-0.968097270848388,-0.550075814707927,0.0290706444564353,0.615838012349079,-0.664144260278874,-0.172588063157899,0.404582340892419,-0.00767471706986425,-0.263865867823808,0.150485269856503,-0.0402952582213289,0.15446657713048,8.22420618904884e-05,-0.0797209753869391,-0.0859207698011624,0.108256887633293,-0.0523188994761319
-0.11271161751662,0.190287339500292,2.82173382348905,-8.5640828935798,503.215402392068,-0.0491074008066737,-0.41602820296688,-4.6245630708275,2.88401714800603,-0.588374932831093,0.0118329175721026,-1.39553811741407,-19.2326730541685,-0.772243232739884,-0.676286771243515,0.0239103490690159,0.583679724745025,-0.688875561525939,-0.207164132931347,0.312955758106938,-0.00762265141697205,-0.263809115548433,0.134256285561162,-0.044269285620646,0.151537809470673,8.15291851135135e-05,-0.0833515064142264,-0.102184169751529,0.0873587252400425,-0.0702603356714666
-0.112284000852756,0.183886018174578,2.9300162780758,-10.0536810288755,501.200183447933,-0.0512570648188182,-0.555662430492502,-6.11667817290672,3.28353431702154,-0.474382780342616,0.0115069685262278,-1.38327304240982,-23.6578378195784,-0.893809699739722,-0.530200439938967,0.0248501088469401,0.629288603250014,-0.865058329838575,-0.196472772304871,0.309034949044416,-0.0072259266452915,-0.285928964060328,0.150311302958286,-0.0386453009415503,0.151126615407246,7.89864451390479e-05,-0.0935674248676349,-0.113163078803781,0.118130227004922,-0.0604917313546672
-0.108775692689022,0.181843977920423,2.81202891618866,-11.179264334067,562.19436535342,-0.0454453213437315,-0.488287929073693,-6.19881434587249,3.4894926627023,-0.484750257892753,0.0114270398390913,-1.1623943723911,-20.2629469121308,-0.932769763045031,-0.558207790047873,0.0240894392321843,0.688003832489887,-0.85498380258484,-0.198784187778727,0.309149792944512,-0.0075565969130723,-0.281390922448745,0.134743241218864,-0.0426658171508228,0.151748514311404,9.15266586404798e-05,-0.0929392532135133,-0.0868634127827984,0.112020207021086,-0.0575708869267444
-0.0957973373034871,0.149253539052029,2.18272466936035,-11.1639523230096,603.503942753031,-0.0429897094090589,-0.426410012489323,-5.02474888323634,3.23213004827621,-0.564589786377796,0.0104705266727306,-1.1691516694988,-21.5125764519892,-1.00319217763817,-0.553902119863864,0.0250249221191319,0.670157502413147,-0.731741774050679,-0.186742344074041,0.342284533960379,-0.00697742560313934,-0.313480667660788,0.135492336885287,-0.0432600390419027,0.160978837475693,9.02741040874483e-05,-0.0908511307091716,-0.0861022336666556,0.0892511581071719,-0.0524963680038062
-0.104563548283331,0.148812932620504,2.18413110702245,-11.3869244925337,547.660855471086,-0.0469598705893406,-0.42311417107241,-4.98260284750354,2.92134252885807,-0.455195279441952,0.0130317433626253,-1.39656626865772,-19.2749378290064,-1.01674006654584,-0.533012138781254,0.0239823241925556,0.743015854218472,-0.884842008818539,-0.187440212205832,0.31539756804925,-0.00643391586261172,-0.2865028112407,0.136465148157574,-0.0374135425709221,0.153813269570167,9.19737754768755e-05,-0.0817533891992799,-0.105436219968692,0.0875015621259889,-0.070047395427504
-0.118890855937392,0.179982703944835,2.92724603692681,-10.7597457251355,602.438136888915,-0.0440766422878591,-0.420228074726073,-4.7830070595909,3.50160933017217,-0.577592209487516,0.00978097693354658,-1.56389219193759,-24.4527999695917,-0.755598983960282,-0.556104409920203,0.0239309928151604,0.733165521657973,-0.671301264085761,-0.204016621408749,0.311776145330266,-0.00741251572838245,-0.263842698119256,0.137571590819687,-0.0394511339598768,0.163406515645496,8.63466680685345e-05,-0.0706062185726097,-0.0859843532303526,0.0883545504935169,-0.0684940959442253
-0.102649145655402,0.188547586779568,2.81654975963629,-10.0895459571329,473.679400265569,-0.0523881362691742,-0.417942092001741,-4.96411857814935,3.48861596968624,-0.561885898708791,0.0101469101244649,-1.5497082678773,-19.3564206447391,-0.754707531856609,-0.644124354513443,0.0243623490607434,0.741278571471654,-0.673445684939331,-0.194212124308249,0.321893199393651,-0.00743877797547954,-0.264160061565107,0.134513955524605,-0.0437505619844184,0.162085459275087,7.87102939233458e-05,-0.0750811295897766,-0.105454064219209,0.0873515849842073,-0.0702369479952527
-0.0972741313922714,0.166554899305001,2.84913802434439,-9.59794643008938,487.32935911699,-0.0445472916261026,-0.469478225791485,-5.46292317833919,3.51602308696764,-0.460778845547891,0.0129215603642026,-1.55607948119589,-19.5030953229303,-1.00804353385882,-0.532877649076227,0.0322025409900113,0.630831231732272,-0.693226582777731,-0.158849122518798,0.36674406050629,-0.00634088306892389,-0.277737132340531,0.160597130972179,-0.0443506564120021,0.160453980178615,9.3457523218016e-05,-0.0944702820666269,-0.095911624890458,0.0969257981197794,-0.0574847932443803
-0.0972741247377627,0.187975991468518,2.50351480695207,-10.768074589426,492.56640468371,-0.0422420023120123,-0.433619721501114,-5.11981319577602,3.75105987126593,-0.518164922114261,0.0131843235933327,-1.26383363010916,-19.2657496586614,-1.00072953947913,-0.565175642825182,0.024856881230223,0.611204572727239,-0.884978963712271,-0.184011423815989,0.303855594499148,-0.00635746613445069,-0.319315218951399,0.138003843085185,-0.0390669133521702,0.149209037028224,8.00120717813496e-05,-0.0891294641363101,-0.0903723031861947,0.0874618684248615,-0.0695946190919137
-0.11110164144065,0.154928635919208,2.30180674044265,-10.2281197606303,455.779964691483,-0.0503221477930532,-0.467798374800647,-5.40064981664437,2.85555295048526,-0.531881702175085,0.0107267909086518,-1.16937101249086,-19.4957897067711,-0.841084683793773,-0.547790687688445,0.0320711552832574,0.767129187195498,-0.892131858855408,-0.156144417917795,0.326765605168149,-0.0072070121576105,-0.269928082102241,0.181284172476696,-0.043974622688743,0.155003659801266,0.000100279134416943,-0.0937107545326943,-0.08579689613981,0.09261508252884,-0.0692567686700313
-0.0979265037967368,0.166928281255699,2.65183912500738,-10.5567659204511,497.794925736805,-0.0556179221465037,-0.422974256688251,-4.63348595670403,3.20140964647571,-0.590642399343998,0.0108504366550843,-1.34476779944436,-21.4500552387683,-0.7620197702494,-0.544051418131416,0.0249686112449795,0.698228216607426,-0.68997072502993,-0.195532679999668,0.309808305121819,-0.00718787828009912,-0.274576284226991,0.139862619168704,-0.0423126309583121,0.151795199322391,8.79137294623605e-05,-0.0866813228687544,-0.0857139990369639,0.0878140831452418,-0.0667228900306258
-0.0986233422254206,0.18926540694241,2.57734444294385,-11.4558266818829,504.632170780202,-0.0419034239068716,-0.429332738121126,-4.64978317270762,2.91421160263043,-0.542168260517879,0.0100481477502359,-1.16818716915464,-19.2304361447021,-0.973577470455933,-0.519563878826373,0.028336816460765,0.586873066472902,-0.668820948225463,-0.200326217074711,0.308125106412578,-0.00709040946048201,-0.263819627744315,0.134272569994414,-0.0377408434300919,0.141701730563504,8.11217099610052e-05,-0.0777075136420375,-0.114774726498195,0.0873641863308897,-0.0702325226637927
-0.110568957917396,0.17233171871727,2.89650687393785,-11.4731242502468,582.967514511347,-0.0492910153433364,-0.474533989929525,-4.96055858940474,3.80065446640282,-0.598938744079983,0.0131700891203447,-1.35424428094815,-25.8767588906325,-0.941707559743882,-0.68006813412185,0.0240288635345749,0.7379736736688,-0.703271208661783,-0.19792484152367,0.403439598606663,-0.00569606395841512,-0.355055702967422,0.143430380671088,-0.0444233977716648,0.154978130683658,9.56729890535994e-05,-0.0895992762865732,-0.114300505790071,0.112888664922868,-0.0541232746590927
-0.0923459158993273,0.179641642806485,2.91863331933107,-11.4378927200134,570.458229154987,-0.0481827319486341,-0.537865844199542,-5.4391316026096,3.09968650338951,-0.451477599094438,0.00991448823990549,-1.53515822117268,-21.6838137735255,-0.898379950535369,-0.676878962295918,0.0322897243935269,0.615385575587238,-0.892216356480999,-0.157039913740694,0.314542873518605,-0.00625488273054082,-0.356231593594425,0.140285178398762,-0.036681136147676,0.123106999405889,9.57375207483019e-05,-0.0887414231448529,-0.115312395360701,0.0900188698481984,-0.0612856221738146
-0.098441790455824,0.17252156390626,2.2824561362101,-10.0601696890065,562.134873090138,-0.0462236305650873,-0.433277412646919,-5.37586687538457,3.42734995558891,-0.467036270576024,0.0099271393251863,-1.34100379304877,-19.4121664427614,-0.838462420731724,-0.626900859558555,0.0322906835272412,0.625877597535825,-0.859398417044054,-0.158411644481914,0.379972672396861,-0.00575343720858643,-0.355689814129022,0.135430072656876,-0.0418714390466867,0.131890698973253,0.000103172528732843,-0.089329561307911,-0.11562256105007,0.089159827450998,-0.0519768243309565
-0.106365382497275,0.180911684772303,2.90278126076594,-10.2298309177683,457.691932831301,-0.0515986092767758,-0.547655365418452,-5.48540559204802,3.44636285942173,-0.507186628224577,0.0106241572353007,-1.54065178605158,-23.4127136343379,-0.92309210809287,-0.597715366499162,0.0319786138313935,0.597922381220369,-0.883429202166086,-0.158181215875789,0.32842631117759,-0.005888799226006,-0.353655319942321,0.138766119231924,-0.0346077429734667,0.129490723748058,0.000104868089007591,-0.0912265871386531,-0.112249624574455,0.0880248076045965,-0.0646509035846451
-0.118291597814204,0.150359809984898,2.5793459218426,-9.05425180439176,489.481664344156,-0.0525871126277248,-0.449166243697506,-5.92934739386728,3.6326376862974,-0.600017067532621,0.0131397852723554,-1.22618786225019,-25.8100218803547,-0.95711291522051,-0.626451453450076,0.032266882515135,0.69116412216488,-0.886160927528016,-0.166409445071123,0.315584758683981,-0.0056990712654955,-0.354741418658137,0.13560202287245,-0.0407138516749139,0.13787241507796,0.000100250322862207,-0.0711633422295782,-0.11322089812318,0.088463586909877,-0.069000724622473
-0.103256215909336,0.174064475427988,2.65323261191529,-11.4413505046013,455.700115169824,-0.0451483297159021,-0.491079242942207,-5.17474455343058,3.61141544229643,-0.589104221759334,0.0125073737486423,-1.36509737667389,-25.7343869173719,-0.842975243232945,-0.505195217671739,0.0323373625439256,0.591443300108883,-0.887176599680955,-0.159238567365469,0.303235653842022,-0.00571244413905441,-0.273615617866142,0.15957765085845,-0.037859069754845,0.130844099729974,9.87528614933617e-05,-0.0699755297196088,-0.087407738466984,0.0874606856168108,-0.0701325754064737
-0.0985806169220453,0.197698547874369,2.89333572851081,-8.74578739503901,589.871301685955,-0.0512929473640655,-0.450691297371693,-5.02040593503019,3.73347631955524,-0.484949348431487,0.00976818910574782,-1.37367017322299,-19.22285391159,-1.01430077714752,-0.504612134852323,0.0321236411482471,0.767791455388889,-0.887366745227176,-0.157906465203612,0.377395900287609,-0.00582523946749098,-0.353325136856368,0.165807082390056,-0.0332518669694255,0.153506374437672,0.000101464225035128,-0.0922154168873898,-0.114879338344149,0.117653325141561,-0.0521289212653614
-0.101285983082112,0.196296477439723,2.72137399270945,-11.2107210746046,592.71610730883,-0.0432919947087796,-0.441269645162192,-5.84233015790206,3.42715972619209,-0.452074103768107,0.0106424622609129,-1.53460645511669,-19.23907753523,-0.88376495696021,-0.566402080832006,0.0322732190229464,0.749570293929956,-0.839582592669887,-0.154910691786909,0.307548152566165,-0.00655017463461586,-0.351736872557526,0.146157196058474,-0.0339333743210795,0.131646175473089,9.93612169870097e-05,-0.070035701416432,-0.11416295991335,0.0964986416333768,-0.06877525442228
-0.105987445316549,0.154772629832371,2.42789606147051,-11.3431248365668,596.042627817016,-0.0468767844335643,-0.498801766916859,-5.38038396515225,3.02184302046366,-0.460811956960143,0.00984629775590227,-1.44615920192616,-19.6349878004879,-0.852574312400098,-0.573173339612446,0.0291423779889639,0.633667499973494,-0.878667796436455,-0.197750390303545,0.385991433496404,-0.00587520565367902,-0.35675418022004,0.181597879264094,-0.0351020624337869,0.1382564947645,9.5438518224206e-05,-0.074302146529297,-0.114756729426066,0.11716806394787,-0.0529406977326556
-0.103303769189257,0.18784050424703,2.24892781979719,-11.485105959103,595.859840876916,-0.0448187939521049,-0.507654046458326,-5.18302512752591,3.03618071572763,-0.552526029696647,0.0130050142387093,-1.29020826381465,-20.6331759963565,-0.865809014741228,-0.679986506468615,0.0322712031370099,0.785618414128282,-0.886154323844459,-0.159828193268314,0.354793597741465,-0.00725550864953758,-0.322143588622016,0.146910141875478,-0.0358552733401337,0.159395599756733,0.000104763914305297,-0.0702293215901844,-0.113551829467058,0.0881277473841526,-0.0702079323191063
-0.0960286037595011,0.154264850072151,2.3309808695516,-11.3764426377505,465.449486017238,-0.0501351546320879,-0.506817053731673,-6.23827205431419,3.67936887195688,-0.515596028891769,0.010389911141447,-1.46454054208407,-24.6144522050328,-0.928181620274367,-0.611869617131617,0.0320652388836149,0.59299189361794,-0.843215257700355,-0.153542216131174,0.376813074108606,-0.00580211549892,-0.354818406302243,0.137641737105833,-0.0388542333096539,0.139622971664857,0.000103206491023143,-0.0707488611184778,-0.115404398301393,0.0888153607094854,-0.0544010284903395
-0.113869299495936,0.197610670000251,2.8993597688217,-11.5215840274247,605.876055055304,-0.0509069944373266,-0.550214943457866,-5.65660925513936,2.87065240195237,-0.469393199117106,0.00999219982230867,-1.53985976059434,-21.9861989521292,-0.909150869999259,-0.636169095585578,0.0300613105359046,0.710040518349609,-0.86408179579393,-0.160925254336879,0.321258795574872,-0.00587728071908177,-0.353429274505156,0.148693707935479,-0.0374646693100198,0.128982472539827,0.000101171365606824,-0.0798435102754481,-0.115422385870449,0.0875372994592647,-0.0701723693739111
-0.101291001356778,0.186903914924023,2.56278682204137,-9.80566216626606,460.739633681154,-0.0467565646042792,-0.421877188227407,-5.41998493067072,2.85775387457342,-0.509583698069027,0.0099108078484857,-1.2099892257721,-24.2370002101543,-0.876468277029134,-0.509037435021952,0.0308577472833284,0.610495562731209,-0.711053550694026,-0.18210764055146,0.385395605105316,-0.00584668469941087,-0.329482177613455,0.176612921534375,-0.0351984251635531,0.158352252661271,7.87397540795621e-05,-0.071755253911661,-0.115737244297096,0.0875020978999875,-0.0699769141336481
-0.0932243443179668,0.187719101024273,2.9336247801936,-9.33894832041573,611.025240406229,-0.0470223116937119,-0.501795597815278,-5.94145797224782,3.50411108269245,-0.542066760967633,0.0102435524414084,-1.56007784338169,-22.2287593821654,-0.946372835463915,-0.58019705527401,0.0276443482653854,0.77395512147292,-0.864458869545491,-0.17822935209772,0.323053824722798,-0.00569865747181516,-0.353111544364981,0.18080724733883,-0.0409467806869114,0.126939446272032,0.000102062775077608,-0.0729473829937593,-0.111506791825289,0.0876419405715691,-0.0691111763165311
-0.104319417879652,0.167282897125401,2.4326460501349,-11.3091236328725,593.776827861878,-0.0433348265854144,-0.449699888663189,-5.50070786833542,3.43281388861816,-0.599162940100548,0.0121237823252158,-1.19317260170187,-20.0118006455469,-0.820020180454897,-0.677871548237232,0.0314262389365253,0.788103645730219,-0.873854177115131,-0.197193696059355,0.315395947645412,-0.00581961486542491,-0.35252444123289,0.141805583750431,-0.0421134000350755,0.121634373932688,0.000102296059360426,-0.0939008780589574,-0.104936637067053,0.0945727049264814,-0.0546829149694811
-0.102406669266649,0.152683325248243,2.71027997871052,-9.2322191739031,574.332720642025,-0.0455305800226503,-0.435069994035471,-5.39625143853578,3.21719443256194,-0.56549167668841,0.0105331919736753,-1.27261023822883,-24.6516169232858,-0.997740482947142,-0.504500746462124,0.0316985382607133,0.675363018156962,-0.84487952811631,-0.160945929587493,0.401276487163301,-0.00611575186483401,-0.354287890316792,0.135806458329751,-0.0405093510341672,0.152927075408227,0.000101316247040856,-0.0883768404212318,-0.114556311401782,0.0883726046139156,-0.0519579830434333
-0.106248523751791,0.159701616497982,2.22545637369698,-11.1565605324721,519.93635108259,-0.0433408139631708,-0.508876455833734,-4.65375398372769,3.4352260547043,-0.608951755326187,0.0131244274693029,-1.25533058475679,-20.3189467356106,-0.804352989259147,-0.673229124822104,0.0297504822564391,0.603750013169278,-0.718326075457553,-0.200621326462496,0.402255154387286,-0.00646181222031072,-0.327622218294322,0.13637269171963,-0.0346600006821894,0.142123173025954,9.56515389835804e-05,-0.0928415180044421,-0.0867856915269884,0.09349071156234,-0.0519673682123099
-0.105918743522799,0.150828300019679,2.35276830832871,-11.2463568368277,563.088053107824,-0.0430910367313368,-0.504963428186656,-5.31813563498757,2.83549907238138,-0.510344203347482,0.0130571341449353,-1.52204301377865,-25.9172202167145,-0.99139901255921,-0.67985990083293,0.0290953305414927,0.751018361918916,-0.680784348613549,-0.199200920384107,0.338524546063604,-0.00586842654209699,-0.354060667803072,0.173665905182912,-0.0416478057051893,0.13623213801731,9.85647409537006e-05,-0.0719263295434427,-0.114383586274611,0.11114623681475,-0.0554903681631207
-0.104361356396671,0.147625506818016,2.61139571148691,-11.2705376855861,564.803185369413,-0.0509657348433577,-0.470657951921267,-4.79716591022919,3.63434945910115,-0.565623646696507,0.0131538527053258,-1.31178721399919,-21.0829767277926,-0.819797409817891,-0.679502703289254,0.0254625170683424,0.738674651296062,-0.841992839424364,-0.155460099974075,0.303802395007964,-0.00598750862675629,-0.349098623295004,0.179309607022816,-0.0337797267265562,0.137990120750394,0.000104738444882433,-0.0940124673650647,-0.114882235065928,0.118035802113535,-0.0519484650281468
-0.104906529356903,0.180753511643247,2.88459274700532,-10.9172454041693,535.981973885863,-0.0480406054178537,-0.431601830519796,-4.7866738301063,3.04698953489176,-0.467466860238503,0.00986131283982278,-1.31335827006204,-19.4308087021485,-0.975451105290943,-0.60671121159734,0.025051155507846,0.760887920248763,-0.88118138995452,-0.203700808319362,0.320913102201617,-0.00578369838140647,-0.349498666686533,0.135667176867115,-0.0334746236856552,0.149354723856666,8.81404686593707e-05,-0.0752128020724514,-0.115263100946648,0.0874128729424973,-0.0699868905958777
-0.10863892495055,0.19443948144442,2.38611448584064,-8.83150048905539,496.58167149996,-0.049377067708223,-0.452095411694543,-5.38700899562155,3.48993883569679,-0.567010729221876,0.0126922248805561,-1.22421051522188,-25.8741018384814,-0.927268569989418,-0.613965217227777,0.0242109535380177,0.625860391796553,-0.735293416300522,-0.200190383438262,0.302167561690743,-0.00587038556428547,-0.346492742937428,0.138020415573774,-0.033707413902718,0.14836282433358,8.65783144909494e-05,-0.0701594945983929,-0.0989336759534124,0.0875647191523094,-0.0686159468969469
-0.0957386684254854,0.191226020938402,2.92289534097277,-10.0885168004583,581.004638211325,-0.0482748537489292,-0.512686124777612,-5.59504435119023,3.82233276885898,-0.540578854885475,0.010217176065979,-1.51255101461956,-23.456532108548,-0.783715997931789,-0.512042997279323,0.0322863034103134,0.673276828446792,-0.888415627739741,-0.167984743894467,0.312074819825931,-0.00578713276059885,-0.35609474144998,0.179566940062691,-0.0350815526343403,0.120833574279562,0.000102156632882281,-0.0699530072627812,-0.113633995072756,0.0879613540741528,-0.0548869437272694
-0.115650064897179,0.174408701151869,2.33037346805554,-10.8588274451154,585.592278948894,-0.050622296583533,-0.481191568431571,-5.08456846634714,3.27858273285552,-0.609515543224233,0.0131863848125622,-1.18395509905845,-24.5007098156717,-0.883167506297498,-0.681714350677835,0.032316088625587,0.599652197855881,-0.839121565491329,-0.165190219695608,0.30720898657473,-0.00623342094456869,-0.355280830078281,0.137221413497198,-0.0355493650404255,0.1250700118907,0.000105110404163949,-0.0865029710291315,-0.110630541853494,0.0977502151492564,-0.0666517742605278
-0.0992751212466926,0.15588825810096,2.58665172391506,-10.2859020541535,601.444572210255,-0.0550036043515764,-0.436898762308479,-5.97169875770566,3.0127659303786,-0.558579232756374,0.0116091122264271,-1.29573762427564,-21.8694237054294,-0.886287677407492,-0.658205380070413,0.0255835137472327,0.635654137073866,-0.850728521157542,-0.196602809200562,0.363787862269629,-0.00569075284674414,-0.356350368623909,0.173620602934636,-0.0436116681265176,0.128777564987974,8.07083055977144e-05,-0.0721652340633194,-0.114367735360507,0.092607800062901,-0.052043504768061
-0.102749957937277,0.185705194635946,2.42912376227779,-11.0424629609621,484.928272178879,-0.0425495548708854,-0.531118320814855,-5.58821080154671,3.60471957390458,-0.478401413049739,0.012113413241539,-1.49030249952274,-21.8175963092857,-0.897663745011643,-0.673945553340819,0.0316545711869318,0.656485430060847,-0.8526313067759,-0.164536797029449,0.317248936325909,-0.00571500371562634,-0.353804463683691,0.147648579273673,-0.0424681809033996,0.126349574689415,0.000101471196416671,-0.0895745160389131,-0.11384321519502,0.0873565717289459,-0.0695065126792737
-0.104590821430496,0.158453724553293,2.55555907550908,-11.1404340208959,581.797175407889,-0.0458974487427563,-0.462977591921328,-5.31834130459333,2.88421455839902,-0.484019777025842,0.0103176359892863,-1.41738413841037,-19.3496145865196,-0.907701344368481,-0.679502546895515,0.0319685911240355,0.711270130445044,-0.876711475925997,-0.17878291844382,0.336908730243043,-0.00576432463582863,-0.356166111424005,0.179661940900863,-0.0353445338549488,0.149367872215314,8.22583218347534e-05,-0.0921528659761883,-0.115611517136574,0.0875931714532633,-0.0696203032912783
-0.117993849826849,0.168294557884482,2.44282529566976,-11.1649894461646,613.103264115765,-0.0420460360504704,-0.437844571943413,-6.05812039439166,3.40212402714226,-0.589073207104657,0.0131050335244169,-1.54806951478369,-19.9463814021956,-0.956088862709232,-0.592897046819978,0.032344647016384,0.67357016999268,-0.891039584709506,-0.153807604937806,0.302427453271354,-0.00637725559888218,-0.356673066988202,0.1404988016693,-0.0413085425518584,0.121011032780555,0.00010434830750516,-0.0885561476335866,-0.114870263559748,0.0877088670542936,-0.0696880036630749
-0.0913563130989329,0.197687667135664,2.92809613607015,-8.63776011085121,601.224869563967,-0.0544497702570991,-0.547535853492986,-6.02769064495615,3.73805903274335,-0.598881480375068,0.0130924619440225,-1.56374978174662,-25.9667628276347,-0.844676710219021,-0.50462551235456,0.032277300419074,0.651001425777724,-0.887575963433055,-0.168363291463901,0.307159252957534,-0.00593225009328327,-0.356730503211198,0.146612809655181,-0.0328610660090313,0.12097666325278,0.000103606820200531,-0.0935082088839246,-0.112756350012021,0.0887126038310559,-0.0676384458044525
-0.0960373745278513,0.175534719248262,2.5942574124084,-10.1081329732633,535.514517014001,-0.0542477325616979,-0.448026310535578,-5.69890165084078,3.22447307602714,-0.576075494331944,0.0130520928333275,-1.3243054579503,-20.2184224547605,-0.804264599999447,-0.666647652819534,0.0322228276538506,0.635437264516853,-0.871696780817192,-0.155956710229018,0.30856479169639,-0.00614994854924087,-0.356015086625977,0.142061739625665,-0.0388733032924838,0.121189918472725,0.000101961415827541,-0.0903183686534074,-0.113834683421659,0.0889771318546631,-0.0694103220734758
-0.0965240648514484,0.149335346919133,2.48184424809834,-11.077512579243,495.580467314375,-0.044911563883812,-0.463156061381181,-5.29148201711273,3.72986412760526,-0.518830756272267,0.0100995203690827,-1.3017742912416,-22.66882292304,-0.842527696262541,-0.541123368340826,0.0299555551708109,0.627039283998316,-0.846185280639684,-0.156675822953646,0.310419782423457,-0.00635164067215848,-0.267094913041206,0.175231090832564,-0.0386609057987921,0.157202385508914,7.95145393424866e-05,-0.0929957998142068,-0.108882959939641,0.0874147608927497,-0.0522079102320277
-0.105494807488677,0.176453850934288,2.61676729781006,-11.1008763944634,540.572836050502,-0.0495031938097408,-0.542349554227776,-5.42179890298196,2.83980437163172,-0.536242935967085,0.0131432434581666,-1.46859047730134,-25.7683699688649,-0.834620498303142,-0.545337839902421,0.0322954495706097,0.610622990004278,-0.88831254903893,-0.169301430473272,0.302809703558679,-0.00648850038258464,-0.356387723279085,0.176817556660135,-0.0389935510574639,0.125215199484251,9.76151239831187e-05,-0.0856192148124951,-0.115068369256893,0.0936250519323095,-0.0679628877878841
-0.0999513340021554,0.157974572363955,2.17385994475962,-11.4723320986894,530.466239122636,-0.0445379420952864,-0.480103153306882,-5.89958694406882,3.76395503221736,-0.599341612876779,0.0131474953757211,-1.28415073642859,-23.9591786329776,-0.892868390512125,-0.668217578852627,0.032315101712639,0.595215267254181,-0.891652097659183,-0.161146792773123,0.30539409118117,-0.00613509649461046,-0.352877059069294,0.18098862622358,-0.0429416244104687,0.122024587739235,9.64733944583982e-05,-0.0941061250666659,-0.114220894971758,0.087587212277586,-0.0697775711482757
-0.120323618516704,0.155463209924893,2.2842032561331,-9.99223050244959,508.313025217657,-0.0470404467524779,-0.515655129126468,-6.20079318092322,3.52376471627241,-0.586762410170763,0.0131772883393054,-1.52430945127784,-25.4009170731826,-1.01612651588136,-0.542969293742523,0.032046887099951,0.777280220207602,-0.844854420630085,-0.162888878573007,0.307766760318055,-0.00603772792690934,-0.32238618166452,0.13597026888679,-0.0437811657307699,0.141716604740723,0.00010389959854984,-0.0938921587426145,-0.085693099014598,0.0970671187974005,-0.0689893799395973
-0.105839392259621,0.173927840647964,2.18048351399311,-8.74098231367758,548.043166718906,-0.0540067362322087,-0.471518880457837,-5.69069200621483,3.61004067891851,-0.602153412561002,0.0107106791789252,-1.34541981328652,-21.1963777840111,-0.871023650765361,-0.505484248319579,0.0299581864812946,0.622810791306202,-0.874017539357806,-0.191467244604179,0.375422472528773,-0.00660704518663135,-0.340769404068266,0.170320795217064,-0.034010745260085,0.15118743695614,8.13936284314304e-05,-0.0720959818049737,-0.112763531928395,0.102243739803727,-0.0527122525865384
-0.122431079556571,0.146878432285163,2.1772501730628,-11.496411188067,458.189067115119,-0.0442335882465519,-0.483552104640533,-5.31039829295956,2.91070085186435,-0.602224643604945,0.0130159588090379,-1.32925682391267,-20.452414850855,-0.896031312754294,-0.67652447031497,0.0323222491920071,0.612165605925066,-0.873349940866281,-0.153558133083426,0.406861025954542,-0.00582526299100401,-0.354660519096036,0.13710427079364,-0.0437597237127832,0.123031068646323,0.000103726873048055,-0.0699120033307164,-0.115133512544958,0.0876276874219216,-0.051952867466938
-0.107730769610183,0.163661626526287,2.46820521154326,-11.3820899169739,614.694324554319,-0.0444871045289228,-0.459520826743786,-5.33272333520287,3.66356819198819,-0.583096708718994,0.0131053562714744,-1.17223626498209,-21.2331871362324,-0.837200574239849,-0.628671242705561,0.0318759010439115,0.643915646351555,-0.892820334439255,-0.157869449285472,0.317409676272132,-0.00594192494995137,-0.352920513535602,0.141302333809922,-0.0331909527888738,0.120930851054952,0.000103301185671848,-0.0934190939568486,-0.112656437119797,0.0883354723801723,-0.0633919869566013
-0.114271857949812,0.147313323651308,2.62527699464041,-10.7629215694744,497.494585112971,-0.0423224848054946,-0.512696234984405,-5.41792421026126,3.43845078228092,-0.607536113199227,0.013151667236321,-1.26864283731329,-25.9351623629637,-0.941664579968297,-0.587647482483877,0.0323368424329325,0.611468052173205,-0.888723236092649,-0.155326242176611,0.318258490210751,-0.00636872398362408,-0.283051274880546,0.181618752811465,-0.0378548089656073,0.14471222545906,7.9449851250286e-05,-0.0901981403414269,-0.0883421400531049,0.0914697426057106,-0.0683628903523811
-0.102816889505769,0.155175172157602,2.69235267148072,-9.76681254476088,567.880101204829,-0.0422053581495034,-0.528687466432961,-5.33458403768222,3.08609926680913,-0.517313178285054,0.0130125575841113,-1.43776762860925,-21.1809334732012,-0.908618380264841,-0.680771906948953,0.0278394756638557,0.664709438804754,-0.718700645580987,-0.193279308392042,0.404693695806261,-0.00666054446690475,-0.354080251557472,0.178858902685669,-0.0374665110809636,0.153379319478608,0.000103949853926226,-0.0899154039588468,-0.113708291862575,0.101081196997133,-0.0550124871019164
-0.0927702193099039,0.188590392726815,2.72763752805925,-8.97505878869325,483.439754743898,-0.0527076269868464,-0.527309195111737,-5.89721857049769,3.81354382813587,-0.544114666078172,0.012959488893018,-1.54735468734959,-25.9638500925914,-0.890064587713725,-0.504508014455057,0.0323404153843243,0.637367555032523,-0.890442247790989,-0.155880264987572,0.303335488943409,-0.00654711833015694,-0.356082489499776,0.181337462923479,-0.0395029735679978,0.120895247465648,0.000103844133805125,-0.0943889002285342,-0.0860304287780823,0.087665363040007,-0.0701405852160867
-0.111507345244249,0.182059725719524,2.91595876945243,-8.98297177820184,530.176880790405,-0.0495798371388336,-0.554635670102624,-5.55578152909672,3.3177735919246,-0.543327546766615,0.0119095151713686,-1.53604499937306,-25.943859223299,-0.868922436116421,-0.628111847885106,0.0323229575219455,0.598739760672341,-0.891998613954636,-0.153604421443964,0.307473149524986,-0.00613798574416427,-0.355101417178444,0.13876298405552,-0.0328907812693523,0.120850149808532,0.000102156780390323,-0.0931484105055102,-0.114066446370527,0.0943895925094905,-0.0701531296264325
-0.0995746495400743,0.185490450801781,2.44352765610174,-9.44777980487583,556.399210503142,-0.046667919458702,-0.486877536563489,-6.06950511896792,2.89486654421999,-0.461817975612543,0.00984808708479228,-1.5605405286824,-22.1206964991251,-0.917292662101745,-0.508755080493963,0.0322889118537598,0.60742398394728,-0.888515613934925,-0.165258128601246,0.307632780024683,-0.00593659778304232,-0.356805674214933,0.180415978440465,-0.035271554336621,0.12631882820533,8.74631676723061e-05,-0.0938731901275642,-0.107407876900994,0.0893897975814122,-0.0520431326946279
-0.110789202226517,0.159123060877502,2.91072080322719,-10.7283577552021,604.790195084217,-0.0514620117639746,-0.508254037595767,-5.3028146646964,3.09482609166341,-0.590135643245411,0.0130513849959549,-1.43433847408629,-24.9675334076259,-0.941251498421829,-0.545707878001041,0.0316539572577861,0.78130028262261,-0.797741651934483,-0.180665244399692,0.3877969678272,-0.00622504337885618,-0.353799169901543,0.142001600632908,-0.0328707681369383,0.120839078720445,0.000104008949066864,-0.0703684966572675,-0.109939779253801,0.102571736456039,-0.05525681246968
-0.0959781487134004,0.192134353096465,2.65781640473179,-9.70434549171253,533.73496888052,-0.0560005770013931,-0.496201681458205,-5.43189026658236,3.6244491423196,-0.450821731895974,0.0103652668189904,-1.51670170320561,-21.3163494012151,-0.871425371477686,-0.626015317530881,0.0306411134697565,0.744184321855327,-0.75312562709453,-0.202518630280648,0.372380147744761,-0.0075507946007713,-0.266846447195127,0.138996338384512,-0.0329605409559739,0.158613326245877,9.75475716295794e-05,-0.0699959251829821,-0.0882563888649533,0.0929883637930315,-0.0686867482860407
-0.107837761891672,0.178422775003413,2.87235745301498,-10.931984096238,500.454666658566,-0.0431005372368192,-0.508490641134436,-5.4448178637567,2.98034911048024,-0.452501315896075,0.0131417033412314,-1.42549543924806,-20.9430697351584,-0.992681717109839,-0.636910702340553,0.0323059907283624,0.614741817800268,-0.878797438375408,-0.153867652704736,0.358520747155421,-0.00611768829050051,-0.351348163779993,0.138464670239872,-0.0329514510398396,0.14634436600044,0.00010468387276308,-0.0784078195641858,-0.115108785020719,0.0919993018888814,-0.05212396433215
-0.123231834343871,0.187263064036671,2.92812070107578,-9.04918980624888,519.172663578128,-0.0524469476623974,-0.458316928687338,-4.71842063368234,3.61756354729881,-0.556384721742797,0.0108417746115625,-1.555530174207,-25.733232768052,-0.756570859311276,-0.68143994433417,0.0241345267497422,0.589565365553271,-0.661668125452972,-0.197863693205256,0.404258206235471,-0.00592626694379367,-0.35670043844434,0.139645033433042,-0.0341430080164922,0.12509992147156,7.98126133479013e-05,-0.092892638331201,-0.0993420105053216,0.0875918535696773,-0.062705388699012
-0.1231552497474,0.148570426836544,2.9092395700564,-8.58854111907984,595.581828562574,-0.0435953097864027,-0.46804919187499,-4.62701549959607,3.79566595739308,-0.605557644434664,0.0100514493266557,-1.56440563247047,-25.9456732263005,-0.752436600266702,-0.675789496525556,0.0320425420471887,0.779600009751652,-0.784077794898065,-0.159447978157829,0.301711705714351,-0.00753027164417975,-0.281829583511256,0.15987796756316,-0.0369137017686993,0.144119340448691,0.000103322185454768,-0.0701626227629786,-0.0861908365723468,0.0881053669078942,-0.0566166087909023
-0.122028890201113,0.146917659993648,2.63530139435358,-9.79371195507506,461.583624966427,-0.0437335530141991,-0.418670756207117,-4.65177367260862,3.74424160902194,-0.609334386154009,0.0131811266651481,-1.32666052761469,-25.882226941949,-0.753612883370356,-0.678126432404274,0.025558474128769,0.705631677187788,-0.695578931124761,-0.196770496381156,0.333544177046875,-0.0063225568047007,-0.30132709186411,0.156416571945343,-0.0373610946748953,0.134295033231033,9.49429944083356e-05,-0.0944585427935932,-0.092638906985166,0.0881537329769793,-0.0652672223323766
-0.122063736716904,0.151795125098367,2.27663766856101,-10.027255904223,538.240936675897,-0.0421745668358376,-0.476940037159768,-4.62394622357869,3.18029145095597,-0.584645258077806,0.0131743461222956,-1.24165812110121,-19.3655705191515,-0.893746181883277,-0.596522305084654,0.0280716069709161,0.774338555130522,-0.725817030196324,-0.15552834976342,0.307667294058189,-0.0060355124944554,-0.291143664028973,0.171792893734554,-0.0386033185198581,0.132772718192612,0.000103221480293863,-0.069956087842199,-0.0857098058681488,0.087462684544376,-0.0701927023543459
-0.123504769973082,0.147607084475737,2.19473924251086,-11.4186887556992,560.090901410787,-0.0422132229722558,-0.500762741235711,-4.62798472663071,3.7118268270907,-0.602083415866504,0.0131603564122443,-1.15696415500773,-25.9268830617308,-0.787228726334594,-0.657184987332536,0.0244208045067236,0.770955918859462,-0.76225646860869,-0.188615305303869,0.303104925316074,-0.00701117277941675,-0.324503057183858,0.176873890957344,-0.0350015139138448,0.134595705999611,9.41399758113613e-05,-0.0699849486028384,-0.0856865990051563,0.0873802339997404,-0.0701825538803697
-0.118040458984249,0.190690078843394,2.9122990293804,-8.5884008754077,579.683643097684,-0.0566252071019329,-0.464687597673448,-4.62497104867387,3.81433570928365,-0.608108421903062,0.00974908591775435,-1.56471098423063,-25.9593306747388,-0.752416509173787,-0.681205613071377,0.027573587163929,0.713551551259812,-0.668789899176782,-0.160985222490607,0.404720170524311,-0.0066491620464821,-0.343510299718158,0.181330220954369,-0.0377489300106063,0.158554936416993,0.000103128641065053,-0.0713403975792693,-0.108723886298514,0.089280851384193,-0.063517883864531
-0.123430335070909,0.147978593468511,2.17715388443621,-11.4777229787768,566.366211754636,-0.0421702799774408,-0.525426166120041,-4.8687240620062,3.59150435749954,-0.582785453824117,0.0130456980749773,-1.53960259996117,-25.8840542567105,-0.754710501129285,-0.679699278308633,0.0304107639766574,0.779228099554149,-0.807736421374172,-0.155002587449886,0.323695853127949,-0.00761745276495505,-0.267045098524211,0.146102838485031,-0.0401004760662472,0.150332199324574,9.59930481017389e-05,-0.069960454136632,-0.0857271646872608,0.0951533445065941,-0.0534079830223689
-0.123492937998233,0.180543154698141,2.83306034258167,-8.58709450741546,501.119583560192,-0.0525913247620838,-0.486657865314472,-4.63375136080391,2.98257071678181,-0.541965241939532,0.0123938331912346,-1.55296511233227,-19.3639404011495,-0.790538058960945,-0.674744832937456,0.0239278499334286,0.779709207803613,-0.662082369020677,-0.204764456767583,0.311563532647671,-0.00661029685777943,-0.313458252175273,0.15508375272074,-0.0344023840364981,0.139818147825904,8.66744274562407e-05,-0.0942856720536553,-0.104422633528491,0.0986737591946241,-0.0677462250410244
-0.122034753511814,0.197045662322968,2.93281772578754,-9.2273801485636,476.799259861644,-0.0553306885718751,-0.434141858555378,-4.64231240104197,3.57248534161207,-0.60052567853861,0.0130725992607379,-1.51353246661493,-25.8826185522936,-0.753237992749699,-0.669758652845693,0.0313155264666867,0.683941946719453,-0.850765172182274,-0.165601869552271,0.324344213476708,-0.00633439006210756,-0.349632354484126,0.175441957100563,-0.036668060058216,0.14332218675553,9.16771282791877e-05,-0.0721941192169073,-0.0858760878267897,0.0960263587583985,-0.0651401339610571
-0.122663882388759,0.19052990422442,2.92395640155866,-8.62513450876376,589.338725182968,-0.0511565395274131,-0.491754950942693,-4.67834123063929,3.67921799999339,-0.607696939100935,0.00988765400564923,-1.56297518713677,-25.8452700818346,-0.752623381777137,-0.677684711778337,0.0322714755191175,0.734430831746346,-0.674122118589708,-0.156126950198939,0.307123102809446,-0.00620047790959343,-0.286105378571094,0.148262506558296,-0.0331737342638933,0.143622503693022,9.53759362119273e-05,-0.0741042288644525,-0.0953346459216426,0.097272921921078,-0.0677513701277195
-0.0965489017448366,0.195040959709411,2.66513187810694,-10.2350184463925,606.288595968238,-0.056634018064736,-0.438804559911617,-5.35412535244253,2.96453729884175,-0.453102426235117,0.0117171572330061,-1.16994480079182,-25.5163500440433,-0.77201852317165,-0.651809891769846,0.0322707565405413,0.609580414824224,-0.852452996543427,-0.158334419373147,0.36399614391433,-0.00569157718868289,-0.354516626078376,0.161161671366096,-0.0435853577738747,0.163393142647624,0.000103766083887604,-0.071455130997798,-0.115796161502758,0.08999641110959,-0.0694235500697931
-0.106437894487286,0.196858022467636,2.92949079867578,-10.6585838998019,548.710116547116,-0.0536443987596247,-0.477688136201669,-5.48797230594292,3.16410019316414,-0.470810176975234,0.0098217624532074,-1.56339885988028,-19.3630536707927,-0.752987260869809,-0.68198896146633,0.0262441904465736,0.783522035665852,-0.665111020360476,-0.154384573751404,0.362884850419419,-0.0065420469130935,-0.263975770110673,0.136477553819459,-0.0414607764457374,0.149131670169585,9.10206363853218e-05,-0.0796299867013948,-0.0863068377719532,0.0874710539411592,-0.0697577565483344
-0.123501785800255,0.148627190209431,2.73974207849867,-11.3134826555831,547.906364047101,-0.0432510102218464,-0.554647983402118,-6.25277719543564,3.7167273452972,-0.453435628685624,0.0117960679345913,-1.47778644654727,-25.9482852088386,-0.75352889380727,-0.647174687190511,0.0241366717007692,0.613892155095624,-0.880692995628204,-0.205445840426096,0.30631142812037,-0.0061526885288717,-0.356337772957683,0.162640526245717,-0.0392709536088118,0.14793672880138,8.18459042890926e-05,-0.070308498061733,-0.0858082182319338,0.0898538387033663,-0.0702417037003135
-0.123221292855689,0.160052811743217,2.80121876249533,-8.69004699747489,581.926702102806,-0.0555484115785952,-0.438438253337002,-4.6351415709759,3.59400103601048,-0.608465474147683,0.0131465822355564,-1.46636384863904,-25.8430471491447,-0.752679436014782,-0.67462954923067,0.0239775740688798,0.705728068072028,-0.661527739741324,-0.202467071638636,0.326283190611727,-0.00683107873662607,-0.280547805961272,0.154512378698197,-0.0372866825875878,0.138563279245128,9.29547477307006e-05,-0.0909020827690585,-0.0985274058389919,0.0882778770664705,-0.0632528182250435
-0.101338876903108,0.197458562425863,2.93008903558771,-8.55117788373575,499.33437636102,-0.0564705903692153,-0.463378879906661,-5.27793617165259,3.81060919366232,-0.546797488081207,0.0130826395507594,-1.564293443026,-25.4794094405633,-0.752875368386159,-0.682245901181927,0.0287232717690216,0.787523158887795,-0.660180577287483,-0.154118516297813,0.302553781967304,-0.00658411430497547,-0.330783691421998,0.181368570958214,-0.0378163727988787,0.143012755005144,0.000103420226387534,-0.0740919914265016,-0.112517541591669,0.0925704486422295,-0.0647741092897028
-0.122996099362781,0.147401236997769,2.67647769653376,-9.72769399289696,567.429248411955,-0.0422919820079552,-0.436930192731276,-4.63748940840209,3.49954017848378,-0.546554461275661,0.0131864545345861,-1.25179038951158,-19.2485032131381,-0.974586188355684,-0.641208630156249,0.0312634005391906,0.776451225335401,-0.763287570554957,-0.166363061703099,0.307348776377129,-0.00598195930743959,-0.263815270525431,0.157506115755646,-0.0379758201391191,0.135692749633849,0.000102323876177356,-0.0702034121753443,-0.0856886383690236,0.0873811657189719,-0.070251006916558
-0.122503581195071,0.159749492762564,2.25992488791695,-9.84934637391961,564.932882344847,-0.0495901796918872,-0.560416661191172,-4.63068862221878,3.81269273284076,-0.541651981585207,0.0131381365530945,-1.37346043468831,-25.9395286265303,-0.899481361333852,-0.680789393295957,0.0245076704642196,0.585770943591914,-0.880988681493699,-0.197856504184336,0.302304281446269,-0.00574168656103306,-0.291948335256301,0.171147961460294,-0.0402914409029009,0.152648142221832,8.19585984151199e-05,-0.0720405059899675,-0.0899855233253283,0.107308277129978,-0.070193169329611
-0.113896668886053,0.195603388237332,2.84844509264233,-8.68058139136955,609.198737637348,-0.047868820549741,-0.475772031972643,-5.20688983999477,3.51975302228413,-0.597140762917754,0.0121155418162939,-1.3290721352064,-25.9678594262345,-0.795885266117648,-0.67213471505376,0.0323453912393521,0.783841165222677,-0.663140610274636,-0.154678377002481,0.404460998981848,-0.00570577419176971,-0.32430327415814,0.148608709371159,-0.0328689995454414,0.131156298660764,0.000104025063602436,-0.0699461363209068,-0.085786225358498,0.0876868706419419,-0.0702426881848978
-0.123424327111108,0.196380878292588,2.92627613056725,-8.57911365277213,614.208306370406,-0.05337707060817,-0.416043395697077,-4.62462704507535,2.92504285115985,-0.606031592476335,0.0131831246419179,-1.34899405306335,-25.6262352438807,-0.780915980272897,-0.678164343131104,0.0286897690365001,0.780027994262242,-0.88452819403001,-0.162242648830746,0.305592579073405,-0.00702047767113771,-0.29934046753412,0.156785280141256,-0.0392726927692538,0.147815633217091,0.00010452233455947,-0.0926973097523912,-0.111836420266163,0.0902064502294627,-0.0626107311588612
-0.122069159681124,0.196661312170529,2.93087763627511,-8.54199829377075,572.76291301542,-0.0542117864921513,-0.547540553316395,-4.62908624537176,3.56338488714411,-0.578992380898502,0.0131632942259934,-1.43548253894694,-25.9791205784194,-0.795196435218526,-0.666927353279563,0.0243263630026954,0.625406677576639,-0.661316074069192,-0.194053825355418,0.312180535715109,-0.00588814761861015,-0.352383473645656,0.181547500404287,-0.0392990071976463,0.151846122141454,0.000104895057960209,-0.0699892520296181,-0.0857105236881113,0.0941839574807981,-0.0702304317717871
-0.122220545299602,0.150946079716185,2.57368214756147,-9.22999269395633,462.28420272318,-0.0421435383192139,-0.427818586647711,-4.65901836084731,3.53331367920744,-0.6028704338454,0.0131489686334577,-1.27707952551383,-25.7970368207034,-0.756168405470238,-0.675604975457706,0.0266261943396533,0.747278396704889,-0.740910125440547,-0.163481912583802,0.304017431041559,-0.0057465955694242,-0.307822725705161,0.16275870311169,-0.0380884248382954,0.138913050834077,0.000103777406703881,-0.0769849636670902,-0.0862201357341946,0.0996685532356554,-0.0571519622137598
-0.123511951710126,0.147966541511516,2.88420196587674,-8.57313479678521,476.023959786176,-0.0419264020717616,-0.475127556668016,-4.66767427396642,3.60560642973667,-0.605078793921187,0.0131696780962863,-1.524777919454,-25.959290266974,-0.752884514100446,-0.675608076416858,0.031786096247737,0.785955302158174,-0.784430901445612,-0.157117765338153,0.306920634405318,-0.00696279926554292,-0.270661127495598,0.142115674574169,-0.0382662731082647,0.150002947864567,7.83330504940461e-05,-0.0937574693107328,-0.0891042643110617,0.10423362574394,-0.0684061038315288
-0.12315040190639,0.150575720359124,2.34951474738712,-11.4117166150257,583.926873530553,-0.0432952242127832,-0.416031828839885,-4.62406642653605,3.50953475218935,-0.605615426980839,0.00981547881424762,-1.56501733112144,-25.8009937379685,-0.752595320882627,-0.672052458755623,0.0306018456340666,0.765950929865195,-0.745736118625179,-0.182001455041969,0.312975647583318,-0.00570247872449857,-0.334499616792217,0.162216771214064,-0.0389625018846052,0.149160055341616,9.77171104128755e-05,-0.0700137874964177,-0.0870523163114321,0.100661951621299,-0.0693643997123726
-0.1234249161372,0.14887266854086,2.9342265578915,-8.51945407576778,553.106958623053,-0.0538749535657595,-0.482678693712429,-4.63125252984163,3.82031336635507,-0.609277802550004,0.0131845563788836,-1.53026013540426,-25.9831951598183,-0.75242727092679,-0.680615477328492,0.0254071380778166,0.785153260955449,-0.751585407859691,-0.154711490913461,0.302864178818687,-0.00705299989104456,-0.339553017362531,0.174591963411985,-0.032899962500205,0.133197227489766,9.83696427782092e-05,-0.0755132391325841,-0.0936249527354467,0.0897482522287933,-0.0575976878022621
-0.122138714221129,0.158768228754522,2.92803750249018,-8.53715058477881,592.475226150979,-0.0426011893033911,-0.466729142786065,-4.63195097206397,3.81587461127829,-0.60774776397856,0.0131631980856786,-1.43547479434802,-25.8305856614266,-0.779666435367425,-0.672657062542271,0.030693445880227,0.711524976060624,-0.726518714921394,-0.182807866848172,0.304343270986899,-0.00728036862491291,-0.27506268972327,0.146549832163556,-0.0385375386315081,0.137110593836743,0.000105083925342823,-0.0746605060672528,-0.0875926560987619,0.0885875414072052,-0.0569642337967133
-0.115267513213933,0.185691702945617,2.81275115433319,-8.76476572454427,467.92736162212,-0.0419804901078459,-0.561719366955894,-5.3700926906849,3.81589884591965,-0.516552246261642,0.0129175385128469,-1.50945766344164,-25.9372020783127,-0.754122141863706,-0.678698685646362,0.0242951757451486,0.787546823368232,-0.819206055086302,-0.15770055185008,0.301977522355614,-0.00590744809477642,-0.352521282464049,0.181250733595925,-0.0441192160944625,0.158367792054188,7.87587379168807e-05,-0.0702729573131573,-0.09438790922802,0.100253908714323,-0.0652140261228547
-0.109354912945712,0.197266915723571,2.9233173949133,-8.53214662939856,612.84406119197,-0.0555754896613334,-0.435896106208528,-4.9151216369918,3.59227242319697,-0.57770321962672,0.0108277819661118,-1.56399644861795,-25.9715711827998,-0.75248823140838,-0.67909019511473,0.0314046423035623,0.784587373236141,-0.785725932940064,-0.153725250688544,0.304474933352323,-0.00602347340170428,-0.354638277407807,0.181487195216623,-0.0328921237290953,0.121768947746702,9.73755757805814e-05,-0.086784102145837,-0.0959947109076147,0.0873972689467938,-0.063494820493077
-0.12294670651764,0.147956638985339,2.91268417113478,-8.69027767866291,481.870092916431,-0.0522038316245761,-0.47980861287716,-4.63527997453048,3.78615661679086,-0.60188635435594,0.0131205011837815,-1.56113507335875,-25.8287062421462,-0.753281908555054,-0.670370061481398,0.0269996005687909,0.779724964067094,-0.845993961433328,-0.171918569154086,0.313472505106264,-0.00646986718334045,-0.265366437469088,0.147901338252467,-0.0344670035751173,0.143839682615886,8.16417947304729e-05,-0.0705721254885128,-0.0972176921651362,0.0901959437454792,-0.0615233678142723
-0.123484292136102,0.147437416254235,2.19050450447393,-11.5077318182845,457.315408227177,-0.0432240177260262,-0.429326251820394,-4.63532032322446,3.80648118934872,-0.599698844713989,0.01318346256172,-1.16312833966133,-25.9056526237978,-0.756254342048142,-0.665122896688765,0.0256156106475429,0.783801482853207,-0.880582700791716,-0.207315145794337,0.302132061347366,-0.00684915837076033,-0.339148674084375,0.159083690692022,-0.0353844151992195,0.139566503162926,0.000100419783552155,-0.0895641712063106,-0.113019500707908,0.0873627505666207,-0.067929014107232
