-0.386969841624377,0.281302993340823,0.247787863621116,-0.842450506710318
-0.38766366,0.28219435,0.24758653,-0.8418932
-0.38888526,0.28377354,0.24722964,-0.8409033
-0.39004514,0.28537893,0.24692525,-0.83991176
-0.39118537,0.28692913,0.24660677,-0.8389463
-0.39229947,0.28849894,0.24631746,-0.8379721
-0.39338666,0.29005197,0.24603298,-0.83700943
-0.39445454,0.29168388,0.24574499,-0.8360236
-0.3955198,0.293289,0.24539296,-0.8350617
-0.39657915,0.2949568,0.24504179,-0.83407444
-0.39761043,0.29657406,0.24467927,-0.8331157
-0.39865968,0.2981977,0.24430688,-0.8321435
-0.39971295,0.29973444,0.24393074,-0.8311959
-0.40072486,0.30131367,0.24363367,-0.8302243
-0.4017084,0.3028469,0.24331154,-0.829285
-0.40260673,0.30429906,0.24297702,-0.82841545
-0.4036007,0.30577582,0.24265319,-0.8274824
-0.40507823,0.30790925,0.24215014,-0.82611555
-0.4060869,0.3093154,0.2417291,-0.82521784
-0.40713683,0.3106457,0.24121672,-0.82435036
-0.408202,0.3119353,0.24069084,-0.8234897
-0.40927792,0.31310615,0.24001044,-0.82270974
-0.4103738,0.31427643,0.23942018,-0.82188904
-0.41150302,0.31533238,0.23870726,-0.8211271
-0.41265455,0.31633955,0.23799245,-0.82036895
-0.41383058,0.31728488,0.23719706,-0.81964153
-0.41564924,0.31874156,0.23596416,-0.81851107
-0.41691056,0.31964082,0.23515385,-0.8177518
-0.41823047,0.32047933,0.2342183,-0.81701785
-0.41955015,0.32132554,0.23330925,-0.8162686
-0.42091095,0.32218286,0.23234239,-0.81550545
-0.42229095,0.32295698,0.23144153,-0.8147417
-0.4236857,0.32370508,0.23050576,-0.8139856
-0.42506188,0.32448554,0.22972985,-0.8131764
-0.42648464,0.32526222,0.22887143,-0.8123628
-0.42793077,0.3260178,0.22808363,-0.8115205
-0.42942443,0.3267737,0.22721876,-0.8106697
-0.43091688,0.32759356,0.22638853,-0.80977863
-0.43247744,0.3284221,0.22561467,-0.80882645
-0.43397924,0.3292966,0.22495529,-0.80784965
-0.43556505,0.33008525,0.2242546,-0.8068685
-0.43711552,0.33087778,0.22363465,-0.80587685
-0.43871498,0.33157426,0.22296989,-0.80490506
-0.44032437,0.33230928,0.22239223,-0.80388236
-0.44194338,0.33305338,0.22180487,-0.80284756
-0.44357982,0.33384386,0.22118838,-0.80178607
-0.44523823,0.33463746,0.22054818,-0.8007117
-0.44690618,0.33545876,0.21993625,-0.7996064
-0.4485932,0.33622497,0.21931694,-0.7985093
-0.45111474,0.33736894,0.21842875,-0.7968479
-0.4527809,0.33807886,0.21795289,-0.79573166
-0.4544717,0.3388435,0.2174838,-0.79456997
-0.45615068,0.3395956,0.21698643,-0.7934219
-0.4578291,0.34051076,0.21663591,-0.79215777
-0.45951256,0.34132832,0.21611948,-0.7909712
-0.46122018,0.34218925,0.21557912,-0.78975195
-0.46290186,0.342964,0.21500482,-0.7885877
-0.4645503,0.34376365,0.21442397,-0.7874275
-0.46621364,0.34451795,0.21390106,-0.7862561
-0.46790993,0.34529534,0.21335156,-0.7850557
-0.4696189,0.3460199,0.21273853,-0.78388184
-0.47130135,0.34678543,0.21213621,-0.78269607
-0.47300082,0.34756157,0.21154043,-0.78148705
-0.47474426,0.34835845,0.21086785,-0.7802558
-0.47649428,0.34915805,0.21022631,-0.77900374
-0.478229,0.349904,0.20956638,-0.77778286
-0.47997144,0.35070756,0.20892774,-0.7765184
-0.48261002,0.35186142,0.20791386,-0.77463084
-0.484372,0.35273442,0.20719504,-0.7733256
-0.48616904,0.35352337,0.20640405,-0.77204806
-0.48795024,0.35440165,0.20565026,-0.77072185
-0.48974094,0.35519728,0.20488773,-0.76942164
-0.49150217,0.35602325,0.2041298,-0.7681173
-0.49326462,0.3567694,0.20336643,-0.7668427
-0.49507934,0.3576558,0.20264253,-0.7654508
-0.4968468,0.35840842,0.20191248,-0.76414526
-0.49862438,0.35921958,0.20109852,-0.7628202
-0.50040734,0.3600104,0.2003058,-0.7614872
-0.50219923,0.36085036,0.19948067,-0.76012534
-0.50392246,0.36170495,0.19873832,-0.75877184
-0.5056582,0.36258695,0.19798413,-0.7573922
-0.50739914,0.36340302,0.19723281,-0.7560316
-0.509122,0.36422825,0.19649804,-0.7546663
-0.5108085,0.36506844,0.1958336,-0.75329214
-0.512503,0.36593005,0.19507325,-0.7519191
-0.51502275,0.36707368,0.19393916,-0.74993074
-0.5166884,0.36791405,0.19315949,-0.7485732
-0.5183536,0.3688166,0.19241942,-0.74716717
-0.51999587,0.36965424,0.19162665,-0.7458145
-0.52164274,0.37046126,0.19076008,-0.744485
-0.5232543,0.3712677,0.18993431,-0.74316233
-0.5248408,0.37209687,0.18915297,-0.741827
-0.5264965,0.37307718,0.18846317,-0.7403354
-0.5280688,0.37387118,0.18761732,-0.7390288
-0.5296279,0.37459168,0.18677212,-0.7377612
-0.5311599,0.3753831,0.185936,-0.73646766
-0.53270274,0.37609854,0.18506306,-0.7352071
-0.53423727,0.3768419,0.18419625,-0.7339296
-0.53578466,0.37750328,0.18327022,-0.7326925
-0.5373123,0.37818122,0.18232869,-0.7314579
-0.53882426,0.3788681,0.18143448,-0.73021156
-0.5403419,0.37959278,0.18053289,-0.72893614
-0.54183745,0.38026372,0.17963679,-0.72769666
-0.54328704,0.38099653,0.17875852,-0.7264477
-0.5447608,0.38169098,0.1779372,-0.7251801
-0.5461914,0.382444,0.17716384,-0.7238955
-0.5475971,0.38319674,0.1764419,-0.7226105
-0.5489673,0.3839585,0.17575252,-0.7213334
-0.55035836,0.38475025,0.17515759,-0.719995
-0.55173343,0.38557816,0.17455061,-0.7186458
-0.55309314,0.38644564,0.17394172,-0.717281
-0.55444455,0.38726208,0.1732636,-0.71596026
-0.55576164,0.38808823,0.17270887,-0.7146245
-0.55708265,0.38905326,0.172378,-0.7131496
-0.558379,0.38978758,0.17187278,-0.71185553
-0.5596893,0.39048067,0.17134891,-0.7105718
-0.560986,0.3911656,0.17078358,-0.70930755
-0.5623153,0.39184117,0.17021766,-0.70801705
-0.56430954,0.39288074,0.16929448,-0.7060729
-0.56564844,0.39351556,0.16869843,-0.70478946
-0.5670264,0.3941306,0.16808778,-0.70348334
-0.5683798,0.39472964,0.16754912,-0.7021825
-0.5697498,0.39531064,0.16697307,-0.7008814
-0.5711091,0.39586732,0.16642298,-0.69959056
-0.57248473,0.3964172,0.16578357,-0.6983055
-0.5738672,0.3970246,0.16516618,-0.69697064
-0.5752759,0.39761123,0.16454133,-0.6956215
-0.576654,0.3982305,0.16394792,-0.6942649
-0.5780431,0.39884028,0.16335715,-0.6928976
-0.57946837,0.3993959,0.16275266,-0.691528
-0.5809384,0.3999087,0.16206081,-0.6901594
-0.58240676,0.40036678,0.16135003,-0.68882155
-0.58392817,0.40079334,0.16048898,-0.68748516
-0.58549386,0.40141466,0.15964332,-0.68598646
-0.58709776,0.4017579,0.15861338,-0.6846522
-0.5886993,0.40207377,0.15753394,-0.68333966
-0.590366,0.40229112,0.15633942,-0.6820469
-0.59203804,0.4024962,0.15511617,-0.6807546
-0.5937988,0.40261537,0.15375215,-0.6794587
-0.5955911,0.40270454,0.15239,-0.67814285
-0.5974567,0.40265837,0.15087046,-0.6768678
-0.5992965,0.4026675,0.14940988,-0.6755585
-0.6011914,0.402574,0.147893,-0.6742631
-0.6030624,0.40249497,0.14641072,-0.6729618
-0.6049723,0.40238258,0.14492221,-0.67163557
-0.6068324,0.40231583,0.14346361,-0.6703095
-0.6087935,0.40213564,0.1419248,-0.66896546
-0.61076766,0.40198722,0.14046982,-0.6675609
-0.6136977,0.40179878,0.13837454,-0.66542125
-0.61564124,0.40165934,0.13701351,-0.6639902
-0.617616,0.40158403,0.13568693,-0.6624726
-0.6195735,0.40148342,0.13432665,-0.6609812
-0.6215189,0.40143284,0.13300756,-0.6594505
-0.6236021,0.40135917,0.13162251,-0.6578044
-0.6256013,0.4012039,0.13038334,-0.6562459
-0.6275795,0.40100604,0.1291583,-0.6547186
-0.6295358,0.4007951,0.12797807,-0.65319955
-0.6315171,0.40053627,0.12684427,-0.65166515
-0.63350046,0.40032613,0.12573963,-0.65008146
-0.6354639,0.40010506,0.1245902,-0.6485206
-0.63739866,0.39990637,0.123440385,-0.64696234
-0.6393394,0.39971867,0.12234263,-0.64537
-0.6412993,0.39949614,0.12129275,-0.6437595
-0.64322734,0.3992675,0.12024956,-0.64217144
-0.6451488,0.3990224,0.11922234,-0.6405858
-0.64706564,0.39878398,0.11820075,-0.6389884
-0.6489868,0.39856878,0.1171905,-0.6373583
-0.65088564,0.39831725,0.11615503,-0.63576674
-0.65367216,0.3980245,0.11464257,-0.6333611
-0.6554935,0.39786407,0.11372264,-0.63174343
-0.65734583,0.3976503,0.1127681,-0.63012236
-0.65913963,0.3974924,0.11190814,-0.62849927
-0.6609106,0.39735693,0.111066364,-0.6268724
-0.6626758,0.3973073,0.11026381,-0.62517965
-0.66444415,0.3972114,0.10945247,-0.62350416
-0.6661345,0.39722586,0.10869182,-0.62182206
-0.6678177,0.39722416,0.1079039,-0.6201526
-0.6694572,0.39724764,0.107156664,-0.6184973
-0.6711327,0.3972427,0.106380954,-0.6168163
-0.6727688,0.39721754,0.105615325,-0.61517954
-0.674386,0.39715135,0.10481021,-0.61358714
-0.6759583,0.39713758,0.10407386,-0.61198926
-0.6775238,0.3971398,0.10334723,-0.6103777
-0.6790655,0.39716202,0.102590084,-0.6087756
-0.68058306,0.3971925,0.101827964,-0.60718685
-0.68207777,0.39723924,0.10113683,-0.6055926
-0.6835881,0.39720917,0.10042262,-0.6040261
-0.68503565,0.39722833,0.099738255,-0.60248506
-0.68646055,0.39722988,0.09910102,-0.6009654
-0.68787545,0.39724395,0.098428264,-0.59944695
-0.6899734,0.39727688,0.09737949,-0.597181
-0.69133776,0.39736533,0.09665821,-0.5956595
-0.6926848,0.39745653,0.095938124,-0.59414816
-0.6941594,0.39755887,0.09494637,-0.5925158
-0.69546837,0.39770183,0.0942441,-0.5909951
-0.69678104,0.397777,0.09351851,-0.5895117
-0.6980355,0.39794478,0.092804775,-0.5880254
-0.6993061,0.39803368,0.092031375,-0.58657527
-0.7005837,0.39813992,0.091216296,-0.58510405
-0.7018393,0.39829025,0.09038749,-0.58362377
-0.70307845,0.39843318,0.08950064,-0.5821696
-0.704337,0.3984742,0.088608705,-0.5807549
-0.70560515,0.3984718,0.08765081,-0.5793609
-0.70686924,0.39838395,0.08672178,-0.57801867
-0.70812076,0.39829233,0.08577952,-0.5766889
-0.70939904,0.39807805,0.08482343,-0.5754058
-0.7107428,0.39775118,0.08373548,-0.5741317
-0.7121318,0.39725754,0.08254463,-0.5729234
-0.7135742,0.39669096,0.08125374,-0.5717045
-0.71506745,0.39597717,0.079858355,-0.570529
-0.7166389,0.39512295,0.07835749,-0.56935644
-0.71826106,0.3940774,0.0767753,-0.5682515
-0.7200504,0.39270636,0.075027674,-0.5671685
-0.72307557,0.38997638,0.07186927,-0.56561023
-0.7252324,0.387716,0.06964721,-0.5646801
-0.72750473,0.38517225,0.067224026,-0.563791
-0.72994727,0.3822085,0.0645744,-0.56295985
-0.7324651,0.37906155,0.061747767,-0.5621339
-0.7351573,0.37549514,0.058734857,-0.5613354
-0.7379347,0.37170175,0.055586718,-0.5605358
-0.74081516,0.367562,0.05233991,-0.5597783
-0.74377203,0.36314055,0.04903976,-0.5590413
-0.7468067,0.3584029,0.045765873,-0.55833036
-0.7499076,0.35346326,0.042434998,-0.5575855
-0.7530507,0.34829763,0.039064065,-0.55684596
-0.75623107,0.34296152,0.03561648,-0.5560788
-0.76098055,0.3348843,0.030488158,-0.5548257
-0.7641351,0.32941577,0.02710161,-0.553939
-0.76732063,0.32383075,0.023750681,-0.5529817
-0.7704743,0.318161,0.020478666,-0.5520176
-0.7736382,0.31241098,0.01727771,-0.55098534
-0.77677244,0.30654028,0.014141718,-0.5499615
-0.77989316,0.30068064,0.011028717,-0.5488499
-0.7830338,0.29433873,0.007702435,-0.5478719
-0.78604555,0.28855804,0.00462609,-0.54666734
-0.7890251,0.28272593,0.0015571027,-0.54543847
-0.79195344,0.27697235,-0.0015062122,-0.5441451
-0.794836,0.2711816,-0.0044917073,-0.5428409
-0.7976915,0.26537326,-0.0074557583,-0.54148847
-0.8004841,0.25954825,-0.010320205,-0.54014206
-0.8032393,0.25374085,-0.013143688,-0.53874826
-0.80590683,0.24802767,-0.015917467,-0.5373483
-0.8085358,0.2423146,-0.018707022,-0.5359138
-0.81108385,0.2366959,-0.021494055,-0.53446805
-0.8135626,0.23117112,-0.024241805,-0.53299934
-0.8159421,0.22584029,-0.026955206,-0.5315149
-0.8182956,0.22043933,-0.029684948,-0.5300166
-0.82057065,0.21519275,-0.03230684,-0.5285
-0.8227692,0.20995441,-0.034932416,-0.52701974
-0.824883,0.20487162,-0.0375108,-0.52553666
-0.8269603,0.19981864,-0.040152565,-0.52402
-0.8289626,0.19485444,-0.042821225,-0.5225124
-0.8309008,0.18993008,-0.045542978,-0.5210148
-0.832748,0.1850926,-0.04830927,-0.51955533
-0.8344011,0.18021457,-0.050859533,-0.51837337
-0.83610183,0.17552686,-0.053611882,-0.51696223
-0.8377722,0.17075723,-0.056338005,-0.51556367
-0.8401696,0.16352062,-0.0603486,-0.51355064
-0.8416615,0.15888533,-0.063032985,-0.51223856
-0.84308815,0.15418509,-0.06576065,-0.5109842
-0.84446293,0.14957976,-0.06842216,-0.5097321
-0.84634507,0.14289513,-0.07229804,-0.5079902
-0.8475278,0.13836195,-0.074850686,-0.5069024
-0.84867865,0.13377483,-0.0773633,-0.50582993
-0.8497441,0.12930644,-0.07980529,-0.5048226
-0.85074073,0.12493716,-0.082138024,-0.50386953
-0.85166377,0.1206955,-0.08429449,-0.5029871
-0.85253316,0.116584376,-0.086405285,-0.50212485
-0.8533358,0.112554945,-0.088389605,-0.5013351
-0.8540447,0.108763605,-0.0902529,-0.5006322
-0.85470873,0.1050419,-0.092076205,-0.49996117
-0.85528123,0.10159152,-0.09375337,-0.4993832
-0.85579985,0.098207705,-0.09541315,-0.49885693
-0.8562158,0.09509358,-0.09695914,-0.49844828
-0.8565291,0.09172949,-0.09849214,-0.49823987
-0.8568389,0.08886509,-0.09977999,-0.49796987
-0.8570965,0.0860348,-0.10093346,-0.49779138
-0.8572828,0.083379224,-0.102021925,-0.49770054
-0.8574089,0.08085088,-0.10295376,-0.49770838
-0.8574848,0.078488834,-0.10373901,-0.49779263
-0.8575231,0.07629425,-0.10439343,-0.4979311
-0.8575067,0.07414969,-0.10502073,-0.49815133
-0.85746044,0.07199773,-0.1055117,-0.49844286
-0.8573581,0.06998534,-0.10593472,-0.49881563
-0.8572306,0.06792748,-0.10620359,-0.49926183
-0.85705334,0.06590903,-0.106423214,-0.4997898
-0.856849,0.06377981,-0.106616884,-0.50037473
-0.85659796,0.06163727,-0.10677214,-0.50103945
-0.85633016,0.059360474,-0.106986284,-0.50172603
-0.85603344,0.056870103,-0.10728247,-0.5024571
-0.855733,0.05401362,-0.107736945,-0.50318617
-0.8554109,0.05072559,-0.108484834,-0.503915
-0.8550769,0.047016222,-0.10945092,-0.504632
-0.8547317,0.04290864,-0.11058846,-0.5053344
-0.854242,0.03823175,-0.11189611,-0.5062492
-0.853609,0.031162545,-0.11418442,-0.50728935
-0.85316855,0.025976613,-0.115892254,-0.5079347
-0.8527082,0.020614434,-0.11768315,-0.50854146
-0.8521776,0.015150736,-0.11962777,-0.50916904
-0.8516056,0.009517555,-0.12169407,-0.5097723
-0.8510121,0.0038130668,-0.12388469,-0.51031023
-0.8503671,-0.0020058986,-0.126226,-0.5108216
-0.84967667,-0.007886747,-0.12857156,-0.51132846
-0.84894824,-0.013812302,-0.13100064,-0.51179594
-0.8481843,-0.019825932,-0.13349439,-0.5122204
-0.8473665,-0.025812494,-0.13597496,-0.51265436
-0.8465097,-0.03190233,-0.1385078,-0.51304895
-0.8456183,-0.037950426,-0.14103733,-0.513418
-0.84471023,-0.04406851,-0.14363994,-0.51370233
-0.84373766,-0.050087173,-0.14629291,-0.51400036
-0.84274733,-0.056063168,-0.14900512,-0.5142289
-0.8417198,-0.061878856,-0.15170857,-0.5144545
-0.8406659,-0.06759834,-0.15448721,-0.5146311
-0.8395796,-0.07320884,-0.15726744,-0.5147947
-0.8383576,-0.079138614,-0.16026112,-0.5149854
-0.83719563,-0.08462157,-0.16314113,-0.5150998
-0.83602226,-0.089931265,-0.16604204,-0.51517886
-0.83481497,-0.09520959,-0.16899177,-0.51522917
-0.833567,-0.100523144,-0.17198604,-0.5152494
-0.83228624,-0.105773084,-0.1750383,-0.515241
-0.83099306,-0.11105638,-0.17814368,-0.5151523
-0.82966524,-0.116204105,-0.18123142,-0.5150799
-0.8276866,-0.12399685,-0.1858238,-0.5148099
-0.82633185,-0.1290918,-0.18899019,-0.5145812
-0.8249646,-0.13418923,-0.19213356,-0.5143068
-0.8235938,-0.13917719,-0.19529548,-0.513987
-0.8222301,-0.14406648,-0.19841881,-0.513627
-0.82080007,-0.14905812,-0.20168002,-0.51321954
-0.81937754,-0.15400441,-0.2049212,-0.5127478
-0.8179362,-0.15886334,-0.2082128,-0.51224065
-0.8164872,-0.16371775,-0.21148741,-0.51168174
-0.81501424,-0.16857208,-0.21477619,-0.51108366
-0.813535,-0.17342688,-0.21803617,-0.51043546
-0.8119097,-0.1785806,-0.22144866,-0.5097766
-0.81043017,-0.1833155,-0.22468556,-0.50903326
-0.8082255,-0.19029841,-0.22938037,-0.50788057
-0.8066962,-0.19484535,-0.23260838,-0.50711924
-0.8052195,-0.19925068,-0.23574166,-0.5063068
-0.80374175,-0.20354164,-0.23884216,-0.5054945
-0.8023044,-0.20753065,-0.24180947,-0.5047446
-0.80086786,-0.21145919,-0.24468656,-0.50400823
-0.79946786,-0.2151626,-0.24745536,-0.5033113
-0.79810184,-0.2186671,-0.2501274,-0.50264746
-0.7968025,-0.22188778,-0.25261974,-0.50205064
-0.7955288,-0.22490773,-0.25499317,-0.50152653
-0.79429066,-0.22771132,-0.2572462,-0.5010732
-0.7930921,-0.23031381,-0.25940752,-0.50066775
-0.79190224,-0.23271857,-0.26146862,-0.5003669
-0.7907341,-0.23497161,-0.26342678,-0.50013435
-0.7895519,-0.2370392,-0.26531604,-0.5000276
-0.788359,-0.23903364,-0.26712716,-0.49999616
-0.7871922,-0.24080014,-0.26885158,-0.50006264
-0.7860355,-0.2424439,-0.27047992,-0.5002098
-0.784754,-0.24417914,-0.27214152,-0.5004766
-0.78356963,-0.24561797,-0.2735866,-0.5008401
-0.7823891,-0.24686982,-0.2749881,-0.50130236
-0.7812224,-0.24802543,-0.2762642,-0.5018496
-0.78004,-0.24900164,-0.27748615,-0.5025307
-0.7782112,-0.2502291,-0.27929285,-0.50375444
-0.7770285,-0.25082284,-0.28032154,-0.50471234
-0.7758404,-0.25127745,-0.28125685,-0.5057926
-0.7746815,-0.25160152,-0.282056,-0.50696117
-0.7734817,-0.25179642,-0.2828347,-0.50826085
-0.7722404,-0.25197482,-0.28358716,-0.509639
-0.77102685,-0.25194865,-0.2842507,-0.5111176
-0.7697839,-0.25189582,-0.28490257,-0.51265174
-0.76851344,-0.251784,-0.28552014,-0.51426667
-0.76723295,-0.2516659,-0.28608906,-0.5159176
-0.7659281,-0.2515314,-0.28663853,-0.51761425
-0.7646195,-0.2513347,-0.28711006,-0.5193801
-0.76329166,-0.2510704,-0.28754878,-0.52121526
-0.76194185,-0.25085846,-0.2880049,-0.52303714
-0.7606142,-0.2505622,-0.2883812,-0.52490085
-0.75916594,-0.25042152,-0.28889823,-0.5267771
-0.7577968,-0.25015566,-0.289286,-0.52865857
-0.7564615,-0.24979346,-0.28960118,-0.5305663
-0.75512415,-0.24948475,-0.2899269,-0.53243536
-0.7538517,-0.24910349,-0.2901297,-0.53430325
-0.7526332,-0.24861006,-0.2903076,-0.5361509
-0.7514815,-0.24807107,-0.2903902,-0.5379684
-0.7503518,-0.24750586,-0.2905119,-0.5397369
-0.7493054,-0.24688056,-0.2905643,-0.5414459
-0.7483366,-0.24612783,-0.2905921,-0.5431111
-0.7474346,-0.24534418,-0.2905623,-0.5447213
-0.7466148,-0.24449101,-0.29051265,-0.54625356
-0.74588436,-0.243551,-0.2904273,-0.5477148
-0.74525315,-0.24259177,-0.29034084,-0.54904383
-0.74450535,-0.241099,-0.29013902,-0.5508199
-0.74414766,-0.23984627,-0.28996754,-0.55193925
-0.7438232,-0.23865934,-0.28990665,-0.5529222
-0.74367195,-0.23725994,-0.28972277,-0.5538236
-0.7436715,-0.23500443,-0.28932762,-0.55499125
-0.74372405,-0.23351206,-0.289152,-0.5556417
-0.74397016,-0.23198354,-0.28875813,-0.5561571
-0.7443365,-0.23039697,-0.2883314,-0.5565478
-0.74484074,-0.22867191,-0.28777266,-0.55687374
-0.7454381,-0.22693747,-0.2871995,-0.5570798
-0.74619883,-0.2251777,-0.2864767,-0.55714774
-0.74707156,-0.22334471,-0.28569418,-0.55711764
-0.74808055,-0.22140874,-0.28472504,-0.55703264
-0.7491852,-0.2195194,-0.28370807,-0.55681473
-0.7503713,-0.21765873,-0.28265256,-0.55648464
-0.7515951,-0.21589226,-0.281572,-0.55606896
-0.7528506,-0.21419597,-0.28043664,-0.5556
-0.75415605,-0.21255557,-0.27929574,-0.555034
-0.7555561,-0.2110003,-0.27805546,-0.55434555
-0.75698954,-0.20949297,-0.2767636,-0.55360764
-0.75841665,-0.20815796,-0.27548957,-0.552793
-0.7598756,-0.2069062,-0.27418777,-0.5519059
-0.7613401,-0.20557368,-0.27294457,-0.5510011
-0.7628275,-0.20426205,-0.27171606,-0.5500378
-0.76430446,-0.20297036,-0.27050802,-0.5490604
-0.7657711,-0.20173381,-0.26933718,-0.54804707
-0.7672247,-0.20055516,-0.26822037,-0.54699343
-0.7687039,-0.19946073,-0.26704976,-0.54588854
-0.77018213,-0.19837822,-0.26592678,-0.5447464
-0.77165025,-0.19734085,-0.2648112,-0.5435876
-0.77309036,-0.196187,-0.26377803,-0.5424604
-0.7745309,-0.19502941,-0.2627454,-0.54132277
-0.77591467,-0.1939298,-0.26181072,-0.54018784
-0.7772625,-0.19289023,-0.2609503,-0.5390376
-0.7785757,-0.19199336,-0.26010105,-0.5378718
-0.7798659,-0.19125493,-0.25922146,-0.53668886
-0.78109145,-0.19068117,-0.25843772,-0.53548753
-0.7822565,-0.19021006,-0.25769037,-0.53431326
-0.78338647,-0.18980032,-0.256963,-0.5331526
-0.78447866,-0.18930785,-0.25627413,-0.532052
-0.7855173,-0.1887694,-0.25565267,-0.5310091
-0.7865042,-0.18812971,-0.25510713,-0.53003645
-0.7874708,-0.1874856,-0.2545395,-0.52910167
-0.7887983,-0.18731508,-0.25356966,-0.5276484
-0.78962845,-0.18685643,-0.25300285,-0.5268407
-0.7904411,-0.18645501,-0.25233853,-0.52608246
-0.79118615,-0.18626979,-0.25168613,-0.5253401
-0.79190695,-0.18616498,-0.2509987,-0.5246196
-0.7925637,-0.18632206,-0.2503719,-0.5238711
-0.7931127,-0.18661073,-0.24988063,-0.52317154
-0.793633,-0.18654916,-0.24944618,-0.52261144
-0.7943006,-0.18665017,-0.24880217,-0.5218675
-0.79467773,-0.18700513,-0.24831086,-0.5214001
-0.79502904,-0.18725906,-0.24780263,-0.5210151
-0.79537165,-0.18740028,-0.24724959,-0.52070403
-0.7956271,-0.18783179,-0.24675646,-0.52039206
-0.7958156,-0.18852484,-0.2462373,-0.5200991
-0.79590786,-0.18935464,-0.24580416,-0.5198616
-0.7959006,-0.19014725,-0.24557774,-0.51969033
-0.7958121,-0.19079836,-0.24548747,-0.51962984
-0.79569125,-0.19125737,-0.24540211,-0.5196862
-0.7955241,-0.19188128,-0.24532548,-0.51974845
-0.7953141,-0.19276369,-0.24513833,-0.51983154
-0.7950684,-0.19399694,-0.24492441,-0.51984954
-0.7947226,-0.19524977,-0.24476832,-0.51998276
-0.7943883,-0.19592884,-0.24458884,-0.52032244
-0.7940337,-0.19666709,-0.2444018,-0.5206729
-0.7935938,-0.19757992,-0.24431711,-0.52103764
-0.7930934,-0.19877803,-0.24424025,-0.52137977
-0.79254,-0.19988342,-0.24417976,-0.52182686
-0.7919421,-0.2007858,-0.24420074,-0.52237815
-0.79141366,-0.20132421,-0.24409813,-0.5230192
-0.79085016,-0.20218222,-0.24393214,-0.5236177
-0.7902538,-0.20330936,-0.24367413,-0.5242014
-0.7896006,-0.204681,-0.24343744,-0.5247616
-0.7889068,-0.20567968,-0.24326374,-0.52549493
-0.7881979,-0.20648904,-0.24316348,-0.526287
-0.7874878,-0.20716149,-0.24300307,-0.5271591
-0.7867479,-0.20805638,-0.24278674,-0.5280103
-0.7856335,-0.20933536,-0.2423315,-0.52937156
-0.7848719,-0.2103524,-0.24197875,-0.5302587
-0.78406274,-0.21171379,-0.24162407,-0.53107524
-0.78316426,-0.21309479,-0.2414763,-0.531915
-0.78221506,-0.2142589,-0.24140942,-0.5328735
-0.7812147,-0.21526934,-0.24149631,-0.53389364
-0.7801697,-0.21643832,-0.24165313,-0.53487706
-0.77897286,-0.21795696,-0.24197143,-0.5358599
-0.77777696,-0.21974117,-0.2421734,-0.5367766
-0.7765863,-0.22135222,-0.24236818,-0.53774965
-0.775368,-0.2228591,-0.24266158,-0.53875214
-0.7741538,-0.2243098,-0.24291967,-0.53977877
-0.772914,-0.22596624,-0.2430986,-0.5407831
-0.77157074,-0.22800775,-0.24337764,-0.541718
-0.7701435,-0.23008384,-0.24378586,-0.5426867
-0.7686656,-0.23191945,-0.2443328,-0.5437537
-0.7672244,-0.23339365,-0.24483247,-0.54493254
-0.7657441,-0.23496088,-0.24534753,-0.5461082
-0.7642317,-0.2368807,-0.24578184,-0.5472008
-0.7626391,-0.23899151,-0.24628712,-0.5482768
-0.76107043,-0.24078713,-0.24677014,-0.5494524
-0.75952613,-0.24215244,-0.2472765,-0.5507601
-0.7580358,-0.24325942,-0.24774352,-0.552114
-0.75652355,-0.24437974,-0.24819945,-0.55348694
-0.7550148,-0.24554047,-0.24861954,-0.5548432
-0.753462,-0.24674375,-0.24903104,-0.5562338
-0.7519759,-0.2475444,-0.24936774,-0.5577363
-0.7505539,-0.24807587,-0.2496468,-0.5592887
-0.74919933,-0.24825458,-0.24985625,-0.5609294
-0.74790865,-0.24861942,-0.24980237,-0.56251204
-0.74661297,-0.24914323,-0.24969395,-0.5640477
-0.74533284,-0.24971266,-0.24958023,-0.5655372
-0.7434603,-0.24972524,-0.24945143,-0.5680476
-0.7422005,-0.2503268,-0.24923506,-0.5695234
-0.7410193,-0.25079805,-0.24899094,-0.57095915
-0.7398694,-0.2509268,-0.24867426,-0.57252973
-0.7387638,-0.25085136,-0.24829338,-0.57415336
-0.73769593,-0.2508262,-0.24788956,-0.57570976
-0.7366179,-0.2509885,-0.24750309,-0.5771838
-0.73557967,-0.25113025,-0.24706692,-0.5786314
-0.7345276,-0.2513941,-0.24664964,-0.58002955
-0.73352784,-0.2513814,-0.24617246,-0.58150107
-0.73251504,-0.2512206,-0.2458167,-0.58299583
-0.73163277,-0.25073338,-0.24538243,-0.5844945
-0.73074573,-0.2504599,-0.24486245,-0.5859376
-0.72988445,-0.25031164,-0.24430017,-0.5873077
-0.7290277,-0.25019816,-0.24375571,-0.58864474
-0.72820926,-0.2497993,-0.24331363,-0.59000856
-0.72736406,-0.24921356,-0.24292275,-0.591458
-0.72661054,-0.24850668,-0.24248713,-0.5928589
-0.72588456,-0.24801295,-0.24196257,-0.59416795
-0.72521466,-0.24764453,-0.24136387,-0.5953818
-0.72422224,-0.24692616,-0.24061014,-0.5971905
-0.7235419,-0.24655254,-0.24011846,-0.59836626
-0.7228848,-0.24629249,-0.23961505,-0.59946835
-0.72223574,-0.24602777,-0.23918195,-0.6005313
-0.7216227,-0.24549176,-0.23877622,-0.60164803
-0.72097737,-0.2449864,-0.23850003,-0.6027363
-0.72036844,-0.24451607,-0.23817044,-0.6037848
-0.7197636,-0.24427225,-0.23780884,-0.60474664
-0.71909213,-0.24431224,-0.23748529,-0.6056557
-0.71845484,-0.24416432,-0.23722006,-0.6065749
-0.717815,-0.24375689,-0.2370967,-0.60754377
-0.71723706,-0.24325812,-0.23690838,-0.60849893
-0.71661353,-0.24292196,-0.23674013,-0.6094326
-0.71592754,-0.24293895,-0.23669554,-0.6102488
-0.7152777,-0.24270129,-0.23666999,-0.6111149
-0.7142723,-0.24227813,-0.23671465,-0.61243993
-0.7136457,-0.24210021,-0.23666535,-0.6132592
-0.71307874,-0.24168417,-0.23664881,-0.61408865
-0.712481,-0.24143161,-0.23663716,-0.61488575
-0.71186346,-0.2415273,-0.23662096,-0.61556935
-0.7112049,-0.24160525,-0.2367837,-0.61623704
-0.7105071,-0.24146022,-0.2370633,-0.6169908
-0.7098109,-0.24127305,-0.23735958,-0.617751
-0.7090678,-0.24147162,-0.23767982,-0.6184033
-0.7082692,-0.24192825,-0.23816405,-0.6189535
-0.7074483,-0.24185084,-0.23877746,-0.6196857
-0.70663977,-0.24164885,-0.23944595,-0.6204286
-0.70578986,-0.24175301,-0.24016424,-0.6210776
-0.7049037,-0.24216951,-0.24093302,-0.6216237
-0.703994,-0.2423712,-0.24180278,-0.62223804
-0.70316756,-0.2423908,-0.2426029,-0.62285316
-0.702318,-0.24284697,-0.243314,-0.62335634
-0.70150787,-0.24334459,-0.24392559,-0.62383527
-0.7007196,-0.2433301,-0.24452917,-0.6244902
-0.69994736,-0.24321195,-0.24512237,-0.62516934
-0.69908637,-0.24361983,-0.24583022,-0.6256958
-0.69834924,-0.24375056,-0.24639063,-0.62624735
-0.6976565,-0.24336912,-0.24689531,-0.62696856
-0.6969632,-0.24317023,-0.24736038,-0.62763315
-0.69630396,-0.24325131,-0.24776392,-0.6281741
-0.695676,-0.24305342,-0.24808776,-0.62881833
-0.69515157,-0.24235705,-0.24824463,-0.6296048
-0.6945943,-0.24223381,-0.24833596,-0.63023084
-0.694038,-0.24224958,-0.2484234,-0.63080287
-0.6935734,-0.24168594,-0.24840523,-0.6315367
-0.69287515,-0.24108529,-0.24828736,-0.6325783
-0.6924415,-0.24027292,-0.24818984,-0.6334001
-0.69201034,-0.23985851,-0.24804752,-0.6340836
-0.6916133,-0.23952356,-0.2477968,-0.63474107
-0.6912612,-0.23868345,-0.24744074,-0.6355795
-0.6909233,-0.23795596,-0.24701822,-0.6363836
-0.69060236,-0.23747477,-0.2465666,-0.63708633
-0.69029063,-0.23673902,-0.24608727,-0.63788277
-0.69004077,-0.23546667,-0.24553968,-0.63883454
-0.68970823,-0.2346586,-0.24502505,-0.63968796
-0.68924797,-0.2342224,-0.2447126,-0.6404631
-0.6889065,-0.23331349,-0.2442042,-0.64135563
-0.68840224,-0.23255813,-0.2433556,-0.642493
-0.6881356,-0.23168376,-0.24274874,-0.64332354
-0.6877961,-0.23131768,-0.24214058,-0.6440471
-0.6874749,-0.23091891,-0.24147499,-0.64478254
-0.68711394,-0.23010358,-0.24091896,-0.6456663
-0.6867272,-0.2293625,-0.24047889,-0.6465049
-0.68628526,-0.22912113,-0.24012214,-0.64719194
-0.68580794,-0.22883596,-0.23978165,-0.64792466
-0.6854327,-0.22795443,-0.23932084,-0.6488023
-0.6849997,-0.22763756,-0.23883899,-0.64954793
-0.684527,-0.22755931,-0.23842171,-0.65022665
-0.6840526,-0.22713068,-0.23799387,-0.651032
-0.6836044,-0.22664553,-0.23757079,-0.65182585
-0.6830683,-0.22669613,-0.23722845,-0.6524946
-0.6825015,-0.22685948,-0.23696503,-0.6531264
-0.6819705,-0.22639172,-0.23673424,-0.6539267
-0.6814088,-0.22625999,-0.23648578,-0.6546473
-0.68084985,-0.22630867,-0.23618093,-0.6553218
-0.68013954,-0.2260229,-0.23612192,-0.6561786
-0.67957145,-0.22553925,-0.23592515,-0.65700394
-0.67892504,-0.22564206,-0.23578586,-0.6576866
-0.6783228,-0.22565873,-0.23557635,-0.658377
-0.67778766,-0.22497086,-0.23536044,-0.65924025
-0.67687124,-0.2245887,-0.23512612,-0.66039455
-0.67628914,-0.2241283,-0.23501681,-0.66118574
-0.6756705,-0.22413139,-0.23489095,-0.6618616
-0.6750787,-0.22379938,-0.23473854,-0.66263145
-0.67450994,-0.22329475,-0.23464617,-0.6634132
-0.6738578,-0.22331573,-0.23453645,-0.66410726
-0.6732541,-0.22318698,-0.23447016,-0.6647859
-0.6727063,-0.22255649,-0.23440567,-0.6655741
-0.67208457,-0.22234325,-0.23438904,-0.6662789
-0.67145497,-0.22226787,-0.23438717,-0.66693926
-0.6708827,-0.22167635,-0.23438933,-0.6677108
-0.6702906,-0.22134799,-0.23446712,-0.6683867
-0.66962934,-0.22148372,-0.23461694,-0.6689518
-0.6689623,-0.22115596,-0.23477025,-0.66967344
-0.668267,-0.22101086,-0.23503022,-0.67032397
-0.66752344,-0.22133689,-0.23540163,-0.6708268
-0.6666825,-0.22102943,-0.2359361,-0.67157614
-0.66589886,-0.22092798,-0.23633064,-0.67224807
-0.66506034,-0.22116873,-0.23679855,-0.672834
-0.66426164,-0.22093847,-0.23725696,-0.67353684
-0.6634339,-0.22096495,-0.23777153,-0.67416227
-0.6625748,-0.22123072,-0.23828427,-0.6747386
-0.66179496,-0.22095302,-0.23873353,-0.6754358
-0.6609563,-0.2212402,-0.23925227,-0.6759792
-0.6601681,-0.22110526,-0.23968759,-0.6766391
-0.6594269,-0.22076222,-0.24012253,-0.6773193
-0.6585585,-0.22101687,-0.2406879,-0.6778803
-0.6578312,-0.22051594,-0.24106568,-0.6786149
-0.65705955,-0.22043288,-0.24149734,-0.67923576
-0.65629554,-0.22041027,-0.24196276,-0.67981577
-0.6552485,-0.2199274,-0.24242051,-0.68081844
-0.65456045,-0.21945038,-0.24274029,-0.6815199
-0.6538686,-0.21931434,-0.24304388,-0.68211937
-0.6532825,-0.21855207,-0.24313201,-0.6828937
-0.6522936,-0.2179479,-0.24334385,-0.68395585
-0.6516921,-0.2176976,-0.24345754,-0.6845683
-0.65124166,-0.21676508,-0.24334764,-0.6853314
-0.65071684,-0.21650542,-0.24332155,-0.6859211
-0.65029365,-0.21564351,-0.24307995,-0.6866792
-0.64985526,-0.21500666,-0.24288881,-0.68736124
-0.64946556,-0.21433118,-0.2426052,-0.6880402
-0.6491123,-0.21336886,-0.24218757,-0.6888194
-0.6487066,-0.21275492,-0.24185717,-0.68950725
-0.64840144,-0.21174614,-0.241461,-0.6902433
-0.64807296,-0.21135135,-0.24114157,-0.6907842
-0.64775085,-0.21044141,-0.24075669,-0.691498
-0.64730245,-0.21001895,-0.24056868,-0.6921115
-0.6469151,-0.20922002,-0.24036826,-0.6927849
-0.6464759,-0.2087993,-0.24027637,-0.6933535
-0.6459997,-0.20834312,-0.24020928,-0.69395757
-0.6454842,-0.2081255,-0.2402387,-0.6944922
-0.64496547,-0.20803042,-0.24038255,-0.69495267
-0.6442968,-0.20758401,-0.24041303,-0.69569534
-0.6437396,-0.20766573,-0.2405665,-0.6961337
-0.6431378,-0.20747916,-0.24085638,-0.6966452
-0.64255285,-0.20759232,-0.2411759,-0.6970406
-0.64206,-0.20727696,-0.24125457,-0.6975612
-0.6415529,-0.20725724,-0.2413765,-0.69799113
-0.6410848,-0.20702876,-0.24147885,-0.6984536
-0.6405743,-0.2070944,-0.24166767,-0.69883704
-0.6401071,-0.20674203,-0.2416949,-0.69935995
-0.6396323,-0.20664716,-0.24186584,-0.6997632
-0.639194,-0.20632471,-0.24197237,-0.7002218
-0.63868344,-0.20618168,-0.24219754,-0.7006519
-0.6382074,-0.20583203,-0.2423725,-0.70112777
-0.6376612,-0.20585202,-0.24275173,-0.70148754
-0.63710207,-0.20569885,-0.2431758,-0.7018935
-0.63645643,-0.20569067,-0.24368453,-0.7023051
-0.6358553,-0.20521069,-0.24400793,-0.7028775
-0.6351997,-0.20508327,-0.2444361,-0.70335853
-0.6345789,-0.20441848,-0.24479692,-0.70398664
-0.6338792,-0.20421816,-0.24533069,-0.70448923
-0.6332562,-0.20352583,-0.24568926,-0.7051246
-0.63253355,-0.20338756,-0.24633315,-0.70558834
-0.63184,-0.20294838,-0.24692781,-0.7061282
-0.63107586,-0.20305817,-0.24759181,-0.7065472
-0.6303649,-0.20260999,-0.24810101,-0.70713174
-0.62953645,-0.20277599,-0.24879418,-0.7075784
-0.62869,-0.20256399,-0.24954844,-0.708126
-0.6277768,-0.2026105,-0.25042078,-0.7086147
-0.6269225,-0.20217305,-0.25108448,-0.7092608
-0.62603676,-0.20207754,-0.25183526,-0.709804
-0.6252107,-0.2016272,-0.25245038,-0.71044135
-0.6243801,-0.20163357,-0.25313097,-0.7109277
-0.6236465,-0.2011663,-0.25352994,-0.7115615
-0.622833,-0.20139614,-0.2541248,-0.71199673
-0.6221144,-0.20102035,-0.25451702,-0.71259075
-0.6212996,-0.20106664,-0.25516313,-0.7130574
-0.62045556,-0.20070581,-0.25573158,-0.7136901
-0.61945575,-0.20076713,-0.25659904,-0.71422976
-0.618487,-0.20041235,-0.25749767,-0.71484524
-0.6174538,-0.20036028,-0.2584312,-0.7154159
-0.6164958,-0.19976957,-0.25896794,-0.7162128
-0.6155383,-0.1993095,-0.25935963,-0.7170223
-0.6146528,-0.1986088,-0.25951713,-0.7179188
-0.6137003,-0.19783564,-0.25960487,-0.7189148
-0.6121034,-0.19618933,-0.2594677,-0.7207744
-0.61104155,-0.19484757,-0.258982,-0.72221255
-0.61003375,-0.19286682,-0.25809884,-0.72391033
-0.6089582,-0.19064908,-0.25678146,-0.7258693
-0.60794395,-0.1879061,-0.25481927,-0.7281227
-0.6069032,-0.18459179,-0.252066,-0.7307922
-0.60588074,-0.18083483,-0.2486095,-0.7337579
-0.6048433,-0.17644656,-0.24448001,-0.7370622
-0.60351723,-0.17224966,-0.24012801,-0.7405644
-0.60207075,-0.167216,-0.23522414,-0.74445903
-0.6003802,-0.162319,-0.22997753,-0.7485362
-0.5985547,-0.1565898,-0.2240057,-0.7530163
-0.5951617,-0.1486043,-0.21477118,-0.7599821
-0.5925218,-0.14303535,-0.20817736,-0.764932
-0.589567,-0.1378129,-0.20132184,-0.7699921
-0.5864098,-0.13225906,-0.19385707,-0.7752745
-0.5829256,-0.12709428,-0.18623748,-0.7806155
-0.57915634,-0.12196346,-0.17839326,-0.78605264
-0.57502526,-0.11698759,-0.17048202,-0.791578
-0.5707908,-0.11222413,-0.16228057,-0.7970375
-0.56616175,-0.10739659,-0.1542035,-0.8025884
-0.5612122,-0.103214726,-0.14625116,-0.8080831
-0.5559654,-0.09930019,-0.13825966,-0.81358856
-0.5504155,-0.09578434,-0.13048317,-0.8190497
-0.5446537,-0.092637144,-0.12292919,-0.8244144
-0.53865397,-0.08975422,-0.11561535,-0.8297164
-0.53243953,-0.08674082,-0.10852895,-0.83498836
-0.5260156,-0.08405699,-0.10206395,-0.840134
-0.5194714,-0.08139924,-0.09600568,-0.8451666
-0.5128323,-0.07880034,-0.09009857,-0.8501035
-0.50610614,-0.07641972,-0.08460825,-0.85490245
-0.49942163,-0.07419899,-0.079347014,-0.85952127
-0.4927086,-0.07206578,-0.07460418,-0.8639901
-0.4859642,-0.07003928,-0.07036925,-0.8683211
-0.4792773,-0.0678468,-0.0664455,-0.87251085
-0.47267485,-0.06563851,-0.06317152,-0.8765156
-0.46615785,-0.06337472,-0.06048648,-0.8803533
-0.45974028,-0.061212618,-0.0584458,-0.8840113
-0.45347562,-0.05903243,-0.056804366,-0.8874955
-0.44718817,-0.057473317,-0.056137975,-0.8908244
-0.44134238,-0.055565298,-0.055397935,-0.8939019
-0.43567467,-0.053810116,-0.0551738,-0.89679873
-0.4302179,-0.052116852,-0.055451415,-0.8995119
-0.42254642,-0.04965379,-0.056853883,-0.90319246
-0.41775605,-0.048017476,-0.058347628,-0.9054114
-0.4132331,-0.04640671,-0.06025473,-0.90744376
-0.409021,-0.044833604,-0.062404778,-0.9092841
-0.4051875,-0.043329965,-0.06473008,-0.9109093
-0.40165627,-0.041965388,-0.06725823,-0.9123528
-0.39847806,-0.040681537,-0.06990569,-0.9136047
-0.39571413,-0.039471272,-0.07270039,-0.91464037
-0.39332342,-0.038243636,-0.07565522,-0.9154837
-0.39118117,-0.037006937,-0.07886717,-0.9161811
-0.38936636,-0.035868824,-0.08218984,-0.9167073
-0.38794252,-0.0347894,-0.08569378,-0.9170315
-0.38692644,-0.033778016,-0.089196295,-0.9171647
-0.3862523,-0.032999832,-0.09272031,-0.91712767
-0.38588426,-0.03251562,-0.096292116,-0.9169318
-0.38594577,-0.031922556,-0.099520095,-0.91658205
-0.38641614,-0.031429764,-0.1025542,-0.91606635
-0.386877,-0.03083298,-0.105866216,-0.9155151
-0.38859653,-0.029812893,-0.109706,-0.91436785
-0.3900808,-0.028910758,-0.11211133,-0.9134726
-0.39191788,-0.0278316,-0.11396492,-0.9124899
-0.39394876,-0.026888566,-0.115968436,-0.91139066
-0.39625317,-0.025732217,-0.11715833,-0.91027206
-0.39877146,-0.024722397,-0.11834163,-0.90904653
-0.40158227,-0.02350959,-0.118830554,-0.90777653
-0.40595523,-0.021546902,-0.119311504,-0.905815
-0.40898824,-0.019952258,-0.119345345,-0.90448177
-0.41220027,-0.018064752,-0.11900914,-0.9031066
-0.4154847,-0.016234001,-0.11877172,-0.9016664
-0.41887933,-0.014308135,-0.117986046,-0.90023047
-0.42226216,-0.01241235,-0.1172555,-0.89877236
-0.42574754,-0.01054817,-0.11609338,-0.89730155
-0.42924812,-0.008617211,-0.11468218,-0.8958347
-0.4327038,-0.0066720983,-0.11328287,-0.8943657
-0.43611136,-0.0045671095,-0.111532554,-0.8929426
-0.43949407,-0.0019512915,-0.10938576,-0.89155823
-0.44273332,0.0005101948,-0.107777834,-0.8901522
-0.4459366,0.0031609426,-0.10601102,-0.8887589
-0.449014,0.005903402,-0.10450063,-0.8873732
-0.4520185,0.008679993,-0.10298857,-0.88600075
-0.45498207,0.0115963025,-0.10114582,-0.88466185
-0.4578158,0.014800673,-0.09905531,-0.8833877
-0.46047714,0.018028945,-0.09698921,-0.88217276
-0.4629555,0.021485815,-0.09473677,-0.8810423
-0.46519178,0.025041409,-0.092590615,-0.87999815
-0.46721175,0.028573457,-0.09066818,-0.87902
-0.4691418,0.03219647,-0.088639945,-0.87807316
-0.4709975,0.035731483,-0.08671146,-0.87713504
-0.47268456,0.03901026,-0.0850757,-0.8762475
-0.4741658,0.042100307,-0.08341749,-0.87546325
-0.47557253,0.044975273,-0.08150611,-0.874737
-0.4768798,0.04771283,-0.07949663,-0.8740649
-0.47807425,0.050051834,-0.077606775,-0.8734512
-0.47911015,0.051998377,-0.075769424,-0.8729311
-0.48057824,0.054757785,-0.07298121,-0.8721926
-0.4815066,0.056431387,-0.07120146,-0.8717209
-0.48228616,0.05820936,-0.0690707,-0.8713444
-0.48297712,0.05971713,-0.06743184,-0.8709879
-0.48360652,0.06102662,-0.06594695,-0.8706615
-0.4841493,0.062230147,-0.0643299,-0.8703956
-0.48455232,0.06318586,-0.06290499,-0.87020665
-0.48482776,0.06399509,-0.061706766,-0.87007993
-0.4850533,0.06478247,-0.060602922,-0.86997354
-0.485233,0.0656279,-0.059325386,-0.869898
-0.48535883,0.06662012,-0.058078635,-0.8698365
-0.48536333,0.067703016,-0.05706968,-0.86981714
-0.4853219,0.068724826,-0.056443717,-0.8698009
-0.4853007,0.069779545,-0.055906378,-0.8697636
-0.48517933,0.07073942,-0.055584095,-0.8697744
-0.48494884,0.07139842,-0.055415474,-0.86985976
-0.48470315,0.07173968,-0.055165697,-0.8699845
-0.48436394,0.071926534,-0.05473163,-0.87018543
-0.48398852,0.07219621,-0.054196782,-0.87040544
-0.4835286,0.072579645,-0.053833358,-0.87065166
-0.4830883,0.07320254,-0.053421985,-0.8708693
-0.48260143,0.073939815,-0.053245354,-0.8710877
-0.4821236,0.074537456,-0.053093053,-0.8713106
-0.48161238,0.07513294,-0.05280961,-0.8715594
-0.48110697,0.075460285,-0.052780855,-0.8718119
-0.48058462,0.075831085,-0.052333415,-0.8720948
-0.4799486,0.07627509,-0.05191924,-0.87243104
-0.47929513,0.076857544,-0.051576685,-0.87275934
-0.47860736,0.0775143,-0.05152456,-0.8730818
-0.47793743,0.078285836,-0.051610105,-0.8733748
-0.4772603,0.0789802,-0.05172245,-0.87367594
-0.47663748,0.07956474,-0.05189195,-0.8739528
-0.47606444,0.07990906,-0.052094862,-0.87422156
-0.47553158,0.08007959,-0.05246771,-0.87447363
-0.47498935,0.080150984,-0.052799754,-0.87474173
-0.4744413,0.08028263,-0.0533151,-0.8749959
-0.47388387,0.080560006,-0.05395622,-0.87523305
-0.47334072,0.08096347,-0.05459233,-0.8754504
-0.47280553,0.081366524,-0.05544785,-0.8756483
-0.47231424,0.08177897,-0.056105975,-0.87583315
-0.47184524,0.082191944,-0.056656595,-0.87601185
-0.47136822,0.082410716,-0.05730595,-0.87620574
-0.4709687,0.082592286,-0.0578076,-0.8763705
-0.47062936,0.08268911,-0.058264937,-0.8765134
-0.47026262,0.082909234,-0.05867659,-0.87666196
-0.46991634,0.08321588,-0.05916227,-0.87678593
-0.46944305,0.08372399,-0.060108393,-0.87692684
-0.4691586,0.08427532,-0.06072818,-0.87698346
-0.46888515,0.084856704,-0.06131922,-0.8770326
-0.46870166,0.0853395,-0.06199954,-0.877036
-0.46863672,0.08569103,-0.06277667,-0.876981
-0.46872917,0.08599739,-0.06349274,-0.8768501
-0.46890953,0.08625251,-0.06400541,-0.8766914
-0.4692206,0.08627923,-0.064530484,-0.8764837
-0.46973878,0.08613295,-0.06508262,-0.8761797
-0.4704424,0.0859562,-0.06552706,-0.8757863
-0.4713018,0.0858381,-0.065703526,-0.8753225
-0.47231257,0.08578367,-0.06580932,-0.8747749
-0.47358385,0.08571609,-0.06585635,-0.8740905
-0.47509098,0.0856359,-0.06585484,-0.8732802
-0.4767868,0.0855752,-0.06564062,-0.8723775
-0.4786878,0.085573845,-0.06521952,-0.87136763
-0.48089492,0.085429594,-0.06428736,-0.8702351
-0.4832854,0.08548586,-0.06347951,-0.8689636
-0.4858117,0.085725285,-0.0624553,-0.8676045
-0.48846632,0.08615638,-0.061168853,-0.8661617
-0.4913237,0.08662537,-0.059784018,-0.8645941
-0.49433297,0.087092154,-0.05822783,-0.8629366
-0.49742326,0.08751841,-0.05646479,-0.86123306
-0.5006491,0.08793649,-0.054385126,-0.85945326
-0.50404984,0.088277884,-0.052215297,-0.8575631
-0.5075818,0.088631175,-0.049905743,-0.8555786
-0.51113856,0.089103736,-0.047456034,-0.85354906
-0.514719,0.089760534,-0.044789102,-0.85147005
-0.5183996,0.09056828,-0.041971315,-0.8492925
-0.52214193,0.09140513,-0.039012633,-0.8470484
-0.52586424,0.09217479,-0.03600389,-0.8447924
-0.5314165,0.093055785,-0.03129024,-0.84140253
-0.53515655,0.09364932,-0.028187761,-0.8390725
-0.5388995,0.09426252,-0.025163025,-0.8367012
-0.5425756,0.09499989,-0.022314921,-0.83431935
-0.5461908,0.095816225,-0.019565014,-0.83193284
-0.54970896,0.09674417,-0.016311886,-0.8295749
-0.5533446,0.097347006,-0.013861251,-0.82712835
-0.55690825,0.09779448,-0.011424528,-0.8247176
-0.5603853,0.09814219,-0.0089105135,-0.8223485
-0.56380457,0.098403454,-0.0063531473,-0.8200006
-0.5672303,0.098686576,-0.0038758672,-0.81761587
-0.57060933,0.098988004,-0.0016913922,-0.81523216
-0.57393694,0.09931297,0.00033045106,-0.81285506
-0.5772082,0.09953445,0.0020680244,-0.8105056
-0.58044153,0.099573985,0.0037325758,-0.8081823
-0.5836023,0.09957047,0.0055751144,-0.80589277
-0.58669275,0.099381804,0.007474238,-0.8036536
-0.58968806,0.09898699,0.009432662,-0.8014866
-0.59256333,0.098386005,0.01118473,-0.79941463
-0.5953791,0.097770035,0.0128605915,-0.79737025
-0.598112,0.09731576,0.014505446,-0.79534984
-0.6020538,0.09661507,0.016778186,-0.792411
-0.6045797,0.09603583,0.018190017,-0.79052496
-0.60701007,0.09527024,0.01958437,-0.78871983
-0.6093518,0.09443335,0.02105159,-0.78697497
-0.6115328,0.093431175,0.022799011,-0.7853525
-0.613639,0.09242648,0.02412897,-0.7837872
-0.6156383,0.09145001,0.025375538,-0.78229314
-0.6175204,0.090397544,0.02648591,-0.7808939
-0.619309,0.0892328,0.027337385,-0.7795811
-0.6210098,0.088052996,0.02810667,-0.7783338
-0.62260514,0.08676941,0.028724309,-0.7771801
-0.6241339,0.085379794,0.029322306,-0.7760847
-0.62558645,0.08393111,0.029999034,-0.77504665
-0.6269374,0.08243926,0.030660288,-0.7740888
-0.6281499,0.0808791,0.03125204,-0.7732461
-0.62976825,0.078395486,0.031925313,-0.7721574
-0.63072175,0.07670137,0.032138117,-0.7715401
-0.6316031,0.0750167,0.032147724,-0.7709841
-0.6324041,0.07334797,0.031891692,-0.77049863
-0.63312477,0.071633495,0.03142146,-0.7700872
-0.6337457,0.069968164,0.030786209,-0.7697553
-0.63428766,0.06822756,0.030074297,-0.7694932
-0.63471395,0.06642648,0.029318605,-0.76932836
-0.63504046,0.064463556,0.028504843,-0.76925653
-0.635324,0.062203206,0.027531276,-0.76924396
-0.6354677,0.060109153,0.026517358,-0.76932734
-0.6355245,0.058158632,0.025406217,-0.7694678
-0.6354818,0.05628403,0.024275204,-0.76967907
-0.635363,0.0544696,0.022958826,-0.769948
-0.63517356,0.05267115,0.02159139,-0.77026886
-0.63492715,0.05096515,0.020280534,-0.7706224
-0.634619,0.049343344,0.019242944,-0.77100825
-0.63423765,0.047707595,0.018183224,-0.7714507
-0.63378644,0.046009168,0.017170615,-0.77194756
-0.6332696,0.044460323,0.016272213,-0.77248186
-0.63269466,0.043133248,0.015397133,-0.77304596
-0.632043,0.041940533,0.014609348,-0.7736597
-0.63136184,0.040821087,0.01380153,-0.7742903
-0.6306518,0.03970926,0.012940865,-0.7749414
-0.62988704,0.038638584,0.012143343,-0.77563006
-0.62905633,0.037584722,0.011375235,-0.77636737
-0.62820125,0.036574688,0.0106163565,-0.7771183
-0.6273136,0.035584368,0.009781999,-0.7778918
-0.62636626,0.03457729,0.0089315595,-0.77871054
-0.62536645,0.0336413,0.008078914,-0.7795639
-0.62381214,0.032330245,0.0068557374,-0.78087527
-0.62272614,0.031278823,0.0060281297,-0.7817912
-0.6215841,0.030092409,0.005144143,-0.7827524
-0.62044436,0.029004727,0.004269704,-0.7837023
-0.6192881,0.028096642,0.003391264,-0.7846538
-0.6181036,0.027282938,0.00254621,-0.785619
-0.6168696,0.026328607,0.001622766,-0.78662324
-0.61561596,0.025506854,0.00067492854,-0.7876332
-0.6143787,0.024801932,-0.00017766248,-0.7886214
-0.61310655,0.023651581,-0.001174314,-0.7896453
-0.611801,0.022506462,-0.0021743325,-0.7906884
-0.61048746,0.021633277,-0.0029561147,-0.7917249
-0.6085545,0.02020653,-0.004057835,-0.7932444
-0.6072439,0.019222017,-0.0048859753,-0.794268
-0.6059611,0.01872538,-0.0054741325,-0.7952551
-0.6046817,0.017945576,-0.006139098,-0.79624146
-0.60350025,0.017503554,-0.0065571414,-0.79714376
-0.60229284,0.016701216,-0.007013055,-0.79806966
-0.6011282,0.01609449,-0.0071894145,-0.7989582
-0.59995604,0.015229517,-0.0073575354,-0.7998543
-0.5988619,0.014550112,-0.007396918,-0.80068594
-0.5978222,0.013940391,-0.0073596607,-0.8014737
-0.5967848,0.013319418,-0.0072540846,-0.802258
-0.5957604,0.012721679,-0.007113312,-0.80302995
-0.5948057,0.01222941,-0.0068487637,-0.8037474
-0.59388715,0.011637834,-0.0066550807,-0.8044366
-0.59301466,0.01103016,-0.0064509255,-0.8050904
-0.59216607,0.010393973,-0.0062610293,-0.8057247
-0.59132195,0.009717936,-0.0060685487,-0.8063543
-0.5905159,0.009007343,-0.005934429,-0.80695397
-0.58974975,0.0083196275,-0.005786775,-0.80752254
-0.58898544,0.007598157,-0.0057052425,-0.80808777
-0.5882308,0.0068384586,-0.005516412,-0.8086454
-0.5875231,0.0060539804,-0.005272631,-0.8091677
-0.58684385,0.0052965255,-0.0049318806,-0.80966777
-0.5861879,0.0044896933,-0.004501805,-0.8101503
-0.5855507,0.0036864104,-0.004093711,-0.810617
-0.5849815,0.0029166995,-0.003675685,-0.8110331
-0.58441645,0.0022757798,-0.0032481144,-0.8114442
-0.58387953,0.001646178,-0.0027978527,-0.81183386
-0.58327794,0.00087504805,-0.0023610243,-0.8122688
-0.58279765,0.00030869877,-0.0019567234,-0.8126149
-0.5823444,-0.00016568264,-0.0013750026,-0.8129411
-0.5817805,-0.00085613516,-0.00033974016,-0.8133454
-0.5814627,-0.0011974081,0.00046177354,-0.81357205
-0.5811675,-0.0015386264,0.0013561996,-0.81378144
-0.5809245,-0.0018327604,0.0023204584,-0.813952
-0.5807325,-0.0021552052,0.0032396996,-0.81408525
-0.58057606,-0.0023839897,0.004161789,-0.814192
-0.58043087,-0.0025669977,0.0050595077,-0.81428987
-0.58031124,-0.0027678062,0.0059437086,-0.81436837
-0.5802105,-0.003094463,0.006692878,-0.8144332
-0.5801289,-0.003451032,0.0073689395,-0.81448406
-0.5800551,-0.0038101515,0.008007495,-0.814529
-0.58001083,-0.0042330604,0.008594644,-0.81455255
-0.5799955,-0.0047507384,0.009090002,-0.81455517
-0.5800397,-0.005247161,0.009555615,-0.81451535
-0.5800936,-0.0057613933,0.009930795,-0.814469
-0.58017004,-0.0063248016,0.010241658,-0.8144064
-0.580241,-0.00693538,0.010453073,-0.8143483
-0.5802516,-0.0076446454,0.010733872,-0.81433076
-0.5803454,-0.008271071,0.010897717,-0.81425554
-0.580478,-0.008962003,0.011116461,-0.8141508
-0.5806081,-0.009664782,0.011307311,-0.8140473
-0.5807844,-0.010348066,0.011525954,-0.81391007
-0.5811181,-0.011308505,0.011885587,-0.8136539
-0.58135605,-0.0119529525,0.012075131,-0.81347185
-0.5816198,-0.012567097,0.012167174,-0.8132727
-0.5819219,-0.0131213805,0.012285012,-0.81304604
-0.5822429,-0.013651118,0.012307441,-0.81280714
-0.58260334,-0.0141543,0.01231104,-0.81254023
-0.58294815,-0.014682266,0.012293727,-0.8122837
-0.5833087,-0.015125183,0.012398099,-0.81201506
-0.58372515,-0.015505978,0.012546934,-0.8117063
-0.5844081,-0.016096503,0.012731269,-0.8112004
-0.5848527,-0.016451817,0.012854174,-0.8108709
-0.58533126,-0.016735137,0.0130266985,-0.81051683
-0.5858748,-0.01700664,0.013231444,-0.8101152
-0.5864481,-0.01732822,0.013437503,-0.80968994
-0.5870068,-0.017640296,0.013645501,-0.80927485
-0.5874632,-0.017909994,0.014165669,-0.8089288
-0.5880865,-0.018223837,0.014532156,-0.80846214
-0.58873624,-0.018601175,0.014936244,-0.80797315
-0.589354,-0.019015878,0.015317138,-0.8075059
-0.58998984,-0.01941142,0.0157193,-0.8070243
-0.5906903,-0.019780818,0.016129104,-0.8064946
-0.59142303,-0.020195825,0.016541934,-0.8059388
-0.59214735,-0.020634737,0.017037736,-0.80538535
-0.5928724,-0.021019489,0.01755764,-0.8048307
-0.5936478,-0.021376774,0.01819213,-0.80423534
-0.5944493,-0.021758325,0.018811995,-0.80361855
-0.59524685,-0.022107655,0.019485587,-0.8030024
-0.59602386,-0.022383574,0.020187184,-0.8024008
-0.59682167,-0.022692442,0.020915559,-0.8017803
-0.59768295,-0.02288224,0.021690382,-0.8011125
-0.5985292,-0.023043325,0.022511346,-0.80045307
-0.5993565,-0.02317342,0.023360122,-0.79980564
-0.6001845,-0.023302108,0.024292517,-0.7991531
-0.6010587,-0.023392107,0.025326647,-0.798461
-0.60190797,-0.023448668,0.02639714,-0.79778457
-0.6026697,-0.023581984,0.027735671,-0.7971599
-0.60350925,-0.023751913,0.02890861,-0.7964777
-0.60437334,-0.023955474,0.030112471,-0.7957716
-0.6052354,-0.024086587,0.031332918,-0.79506505
-0.60607815,-0.024264846,0.03257193,-0.7943675
-0.60693425,-0.024498573,0.033828687,-0.7936538
-0.6077684,-0.024700075,0.03511969,-0.79295284
-0.60895795,-0.025022103,0.037221048,-0.79193354
-0.6097584,-0.025271118,0.038687427,-0.7912392
-0.6105559,-0.025628444,0.04007705,-0.79054314
-0.6113586,-0.025986396,0.041511815,-0.7898369
-0.6121282,-0.02633128,0.0429405,-0.7891526
-0.6128908,-0.02672798,0.044272702,-0.7884735
-0.6136323,-0.02716055,0.045510184,-0.7878112
-0.6143548,-0.027568864,0.046800464,-0.7871582
-0.61503667,-0.028127316,0.048012488,-0.78653264
-0.6160671,-0.029064363,0.049841233,-0.78557783
-0.6167219,-0.029827466,0.050993495,-0.7849612
-0.6172496,-0.03077424,0.05224302,-0.7844275
-0.6178901,-0.03151584,0.05334248,-0.7838197
-0.61853683,-0.03232547,0.054338682,-0.7832079
-0.61916536,-0.033086095,0.055268813,-0.7826142
-0.61975724,-0.033806685,0.056148406,-0.7820521
-0.62033457,-0.03464286,0.05698272,-0.78149724
-0.62091833,-0.03549977,0.05780553,-0.7809346
-0.621467,-0.036382806,0.0586003,-0.7803981
-0.6219984,-0.037323333,0.059445415,-0.7798662
-0.62250763,-0.038325086,0.06018816,-0.77935416
-0.62301666,-0.039359532,0.06089305,-0.7788409
-0.62351054,-0.040376484,0.061512392,-0.77834487
-0.62400925,-0.041362178,0.062083907,-0.7778479
-0.6244795,-0.04233715,0.06258154,-0.777378
-0.6249322,-0.04334261,0.06304596,-0.7769211
-0.62535787,-0.044338666,0.063439526,-0.7764903
-0.62575394,-0.045378868,0.063807905,-0.7760808
-0.62613434,-0.04645475,0.06410746,-0.7756855
-0.6264999,-0.0475506,0.064351745,-0.7753037
-0.62681603,-0.048733395,0.06457555,-0.7749559
-0.62714016,-0.049842153,0.064796984,-0.77460474
-0.62745106,-0.050922412,0.06494569,-0.7742702
-0.6277544,-0.05204505,0.06506405,-0.7739395
-0.62789345,-0.05325509,0.06518456,-0.77373433
-0.6281304,-0.05430115,0.06527096,-0.7734619
-0.6284893,-0.055837777,0.065461464,-0.7730447
-0.6286886,-0.056807484,0.06563879,-0.7727969
-0.62886745,-0.057776995,0.06580211,-0.77256566
-0.6290409,-0.058674037,0.06592207,-0.7723466
-0.6292258,-0.059508283,0.06601345,-0.77212435
-0.6294065,-0.060226165,0.066119745,-0.7719123
-0.62953734,-0.06087223,0.06618482,-0.7717492
-0.629684,-0.061469037,0.06621259,-0.77158004
-0.6298186,-0.062080473,0.06620677,-0.7714216
-0.6298979,-0.062688634,0.06626413,-0.7713028
-0.62996024,-0.06331207,0.06632679,-0.7711955
-0.6299948,-0.063961014,0.06641751,-0.7711058
-0.63001037,-0.06460609,0.06652789,-0.77102983
-0.6300118,-0.065165326,0.06668849,-0.7709677
-0.6300019,-0.06566291,0.066884674,-0.77091664
-0.6300135,-0.066055655,0.067114435,-0.77085364
-0.629951,-0.06654631,0.067417026,-0.7708362
-0.6299229,-0.06693016,0.067698374,-0.7708012
-0.629891,-0.06728748,0.06799607,-0.77077
-0.62986857,-0.067631096,0.068421215,-0.7707206
-0.6298499,-0.068053626,0.06886899,-0.77065885
-0.6298499,-0.06839224,0.06935054,-0.77058566
-0.6298494,-0.06871273,0.06987922,-0.7705097
-0.62989026,-0.06916025,0.07067565,-0.77036357
-0.6299196,-0.0694594,0.071120664,-0.7702717
-0.629964,-0.06974161,0.07167014,-0.77015907
-0.63002306,-0.07005319,0.07224435,-0.7700288
-0.63009804,-0.07036451,0.07283707,-0.7698832
-0.6301634,-0.070763946,0.07341986,-0.7697377
-0.6302414,-0.07112076,0.07394397,-0.76959074
-0.6303354,-0.071487196,0.07444086,-0.769432
-0.630421,-0.071878515,0.074828915,-0.76928765
-0.63050574,-0.07226933,0.07521118,-0.7691443
-0.63058347,-0.07277183,0.07552599,-0.76900244
-0.63068837,-0.07330654,0.075846285,-0.7688341
-0.63080204,-0.07389063,0.07626933,-0.768643
-0.63082534,-0.07457374,0.076882094,-0.7684969
-0.63096464,-0.07516213,0.07742176,-0.76827097
-0.63110155,-0.0757398,0.077826545,-0.7680608
-0.6312219,-0.07627456,0.07820417,-0.76787066
-0.6313567,-0.07672416,0.07850822,-0.767684
-0.63151133,-0.077119485,0.07882881,-0.76748425
-0.6316737,-0.0775763,0.079111904,-0.76727545
-0.6318425,-0.0780135,0.0793483,-0.7670678
-0.63199,-0.07845619,0.07967367,-0.76686734
-0.6321509,-0.07885979,0.079917155,-0.76666796
-0.6323426,-0.07924901,0.08015077,-0.76644534
-0.63252693,-0.07958499,0.08025213,-0.7662477
-0.63270265,-0.07985436,0.080262415,-0.7660736
-0.6328948,-0.08007002,0.080221646,-0.76589656
-0.63311636,-0.08024836,0.08008734,-0.76570874
-0.6333403,-0.08039126,0.0800308,-0.76551443
-0.6336487,-0.080541156,0.07996185,-0.7652506
-0.6338812,-0.08065505,0.07998603,-0.7650437
-0.6341106,-0.080848224,0.080022246,-0.7648293
-0.63433933,-0.08095452,0.08013802,-0.76461625
-0.63449585,-0.081148155,0.080376506,-0.7644408
-0.6347307,-0.08120162,0.08055773,-0.7642211
-0.6349617,-0.08127029,0.08075178,-0.76400137
-0.63519794,-0.08129064,0.08097926,-0.76377857
-0.63541895,-0.08129664,0.08126805,-0.7635635
-0.63565636,-0.081328556,0.08149621,-0.7633382
-0.6358917,-0.081416644,0.08165688,-0.76311564
-0.63608944,-0.08149361,0.081779726,-0.76292926
-0.63628083,-0.08153995,0.081906654,-0.76275116
-0.6364664,-0.08171047,0.081970945,-0.7625712
-0.63667136,-0.081880346,0.08198862,-0.76238
-0.63685167,-0.08202385,0.082116045,-0.76220006
-0.6370277,-0.08213507,0.082262345,-0.76202536
-0.637205,-0.0823128,0.08242089,-0.76184076
-0.63740724,-0.082816444,0.08254005,-0.761604
-0.63753766,-0.083144985,0.08278107,-0.7614328
-0.6376835,-0.0834717,0.083208546,-0.76122844
-0.6378444,-0.08380159,0.08364127,-0.7610099
-0.63797367,-0.08420245,0.084013976,-0.7608163
-0.63809913,-0.08446632,0.0843353,-0.76064616
-0.6381083,-0.084790304,0.084814034,-0.7605491
-0.6382769,-0.08472754,0.08525028,-0.760366
-0.6384345,-0.08463222,0.08564092,-0.7602003
-0.6385808,-0.084528774,0.08606203,-0.7600413
-0.6387241,-0.084339194,0.086598404,-0.759881
-0.6389049,-0.08398032,0.08724128,-0.75969523
-0.6390975,-0.08359876,0.08781628,-0.7595091
-0.6392858,-0.08313329,0.08832983,-0.7593421
-0.6394498,-0.082609676,0.0888269,-0.75920326
-0.63961023,-0.08203826,0.08935762,-0.75906765
-0.63976645,-0.08165625,0.08986201,-0.75891775
-0.63986623,-0.0813885,0.09033767,-0.7588059
-0.63987577,-0.08129379,0.0911349,-0.7587126
-0.6398536,-0.081420265,0.09155252,-0.7586674
-0.6397958,-0.08172232,0.09166695,-0.75867
-0.63965183,-0.082100876,0.09156733,-0.7587624
-0.6394687,-0.08238939,0.09139386,-0.7589065
-0.6393224,-0.08257469,0.09120309,-0.75903255
-0.6392039,-0.08276683,0.09092934,-0.75914425
-0.63903666,-0.082993336,0.09059912,-0.75929976
-0.6387481,-0.08323252,0.09033582,-0.75954777
-0.63859,-0.08321807,0.090072595,-0.7597134
-0.63844824,-0.083234034,0.089647785,-0.75988114
-0.6382967,-0.08320686,0.08912425,-0.76007295
-0.6380793,-0.08315999,0.088552155,-0.7603274
-0.63784933,-0.08303828,0.08794472,-0.7606042
-0.6376349,-0.08293285,0.08737532,-0.7608611
-0.637372,-0.082759246,0.08692031,-0.7611522
-0.637055,-0.08264125,0.0864726,-0.7614814
-0.6367422,-0.08247063,0.086068586,-0.7618072
-0.63627297,-0.082088,0.08552575,-0.7623017
-0.63597846,-0.081682466,0.085246325,-0.7626221
-0.6356756,-0.081194304,0.085055746,-0.7629479
-0.6353918,-0.08070027,0.084874,-0.7632571
-0.6351055,-0.080185264,0.084758885,-0.7635622
-0.63480115,-0.07963572,0.084776975,-0.7638708
-0.6344614,-0.07916148,0.08485188,-0.76419395
-0.6341297,-0.07871197,0.084927164,-0.7645073
-0.6337693,-0.078276835,0.085094735,-0.76483214
-0.6334205,-0.077813335,0.085316986,-0.7651435
-0.6329972,-0.0773485,0.08578518,-0.76548856
-0.6326356,-0.07692453,0.08609694,-0.76579523
-0.6322341,-0.076598875,0.08637636,-0.7661278
-0.6318372,-0.07636421,0.086618155,-0.76645136
-0.63142407,-0.07616941,0.08689573,-0.7667796
-0.6309854,-0.0760195,0.087241,-0.7671164
-0.6305414,-0.07586519,0.08764217,-0.76745105
-0.6300725,-0.075716525,0.08808259,-0.76780033
-0.6293503,-0.07574423,0.088549346,-0.768336
-0.62887496,-0.07579531,0.08880994,-0.76869
-0.62842035,-0.075849034,0.0890445,-0.7690292
-0.6279612,-0.076091,0.08914836,-0.7693683
-0.62749296,-0.07642909,0.0892242,-0.769708
-0.627049,-0.07681986,0.08931978,-0.7700197
-0.62661576,-0.07722096,0.08943365,-0.77031887
-0.6262173,-0.077592164,0.08946307,-0.77060217
-0.6258238,-0.07801923,0.08938186,-0.77088815
-0.6254927,-0.07834187,0.08925902,-0.77113837
-0.62520266,-0.07867625,0.088983335,-0.7713714
-0.6249443,-0.07897958,0.088630974,-0.7715901
-0.6247158,-0.07929842,0.088160895,-0.77179635
-0.62449294,-0.079576775,0.08765592,-0.7720056
-0.6243311,-0.07984743,0.08712254,-0.77216893
-0.624208,-0.08010741,0.08655509,-0.7723053
-0.6240956,-0.080455676,0.0858874,-0.7724345
-0.62402153,-0.080737874,0.085181676,-0.77254295
-0.62396455,-0.08101268,0.084391795,-0.77264696
-0.62397134,-0.08130785,0.0835374,-0.7727033
-0.62403095,-0.08157943,0.082681194,-0.7727186
-0.6241399,-0.081865475,0.08185193,-0.77268875
-0.6242755,-0.08212449,0.08112468,-0.77262837
-0.6244639,-0.08236061,0.08039846,-0.77252686
-0.62468964,-0.08258286,0.0796812,-0.7723949
-0.62496763,-0.08271402,0.07894236,-0.77223194
-0.6252722,-0.08282697,0.07814955,-0.7720538
-0.62563026,-0.08285375,0.07737389,-0.771839
-0.6260488,-0.08276661,0.076665774,-0.7715795
-0.62649477,-0.08264258,0.07603114,-0.77129364
-0.6269614,-0.08259346,0.07543392,-0.7709782
-0.6274754,-0.08248859,0.07496154,-0.7706173
-0.62800044,-0.08235103,0.074581854,-0.77024114
-0.6285462,-0.08220994,0.074225836,-0.76984537
-0.6291245,-0.08203799,0.0738347,-0.76942873
-0.6297043,-0.08175302,0.07346348,-0.7690202
-0.6303077,-0.08148839,0.073062025,-0.7685922
-0.6309262,-0.08120338,0.07270078,-0.76814896
-0.631798,-0.08087559,0.0721862,-0.7675152
-0.6323592,-0.08079931,0.07189348,-0.7670885
-0.63296336,-0.08071718,0.07162049,-0.7666242
-0.6335709,-0.08058801,0.07137358,-0.7661588
-0.63415504,-0.080478445,0.07112886,-0.76570976
-0.6347379,-0.080263056,0.07096408,-0.7652646
-0.63536406,-0.07999457,0.07084789,-0.7647837
-0.6359973,-0.079684526,0.07078038,-0.76429576
-0.63658506,-0.079426244,0.07081237,-0.76383024
-0.63748705,-0.07906379,0.071016155,-0.76309633
-0.6381086,-0.078935176,0.071183264,-0.7625744
-0.63870096,-0.078858666,0.07142182,-0.7620639
-0.6392977,-0.078651644,0.07175843,-0.76155317
-0.63993615,-0.07836151,0.07208154,-0.7610161
-0.6405523,-0.078022465,0.0725242,-0.7604904
-0.6412079,-0.07760998,0.07278788,-0.75995475
-0.64187175,-0.077141605,0.07313735,-0.7594082
-0.6425935,-0.07669933,0.073570974,-0.75880057
-0.6433239,-0.076311894,0.074139185,-0.7581651
-0.6440157,-0.075923815,0.07482218,-0.7575493
-0.64472216,-0.07558626,0.0754742,-0.75691724
-0.6454707,-0.075107396,0.07614089,-0.7562599
-0.64622337,-0.07462347,0.07675383,-0.75560284
-0.6469525,-0.074048996,0.07728244,-0.75498134
-0.6476621,-0.07346935,0.077782646,-0.75437796
-0.64838946,-0.072922274,0.07828437,-0.75375396
-0.6491096,-0.07243454,0.078778036,-0.7531296
-0.64981484,-0.071975715,0.07932219,-0.75250787
-0.65049165,-0.07158939,0.079825856,-0.75190663
-0.65117246,-0.07120652,0.08029693,-0.7513033
-0.65186346,-0.07077193,0.080761455,-0.750695
-0.6525415,-0.07021108,0.081155516,-0.7501158
-0.65318525,-0.0695827,0.0814614,-0.7495808
-0.6537665,-0.06895036,0.08160498,-0.7491167
-0.6543393,-0.06830871,0.08173221,-0.74866146
-0.65483755,-0.067562446,0.08201,-0.74826294
-0.6554919,-0.066538684,0.082188405,-0.747762
-0.6558336,-0.06585111,0.08219194,-0.7475229
-0.65610754,-0.06508989,0.08209312,-0.74736
-0.6562371,-0.06424009,0.08189413,-0.7473416
-0.6562431,-0.0632322,0.08161141,-0.7474533
-0.6561062,-0.062183093,0.0811979,-0.7477065
-0.65586656,-0.061078366,0.08070636,-0.7480608
-0.65550065,-0.05996053,0.08018977,-0.7485274
-0.65498954,-0.05889558,0.07957157,-0.7491252
-0.65435594,-0.05776981,0.078901015,-0.7498371
-0.6536462,-0.056624893,0.07816469,-0.7506202
-0.6528074,-0.05537838,0.077306874,-0.7515314
-0.65180624,-0.05409307,0.07637219,-0.7525889
-0.6506711,-0.052699268,0.075291716,-0.7537778
-0.6494213,-0.05130095,0.07395372,-0.7550835
-0.648049,-0.04979008,0.07249893,-0.7565035
-0.6465232,-0.04819906,0.07097787,-0.7580546
-0.64485973,-0.046519198,0.069409385,-0.75971985
-0.64308536,-0.04491965,0.06780881,-0.76146275
-0.64123505,-0.043223858,0.06596648,-0.763281
-0.63916516,-0.041670043,0.06417613,-0.76525354
-0.6369537,-0.04005704,0.06232891,-0.76733345
-0.6346181,-0.038469654,0.060359858,-0.76950425
-0.632128,-0.036929253,0.058249418,-0.7717884
-0.6295052,-0.035518333,0.056049053,-0.7741577
-0.6267395,-0.034142256,0.053838413,-0.77661663
-0.623888,-0.032887787,0.051642656,-0.7791118
-0.62091917,-0.03173573,0.049492117,-0.78166676
-0.6178701,-0.030818423,0.04724897,-0.7842541
-0.61311793,-0.029614326,0.043687496,-0.7882263
-0.60986054,-0.028872523,0.041264288,-0.7909069
-0.6065404,-0.028197663,0.038695615,-0.7936097
-0.60316277,-0.027832346,0.035944063,-0.7963216
-0.59973747,-0.027341515,0.03324549,-0.7990384
-0.596304,-0.027096802,0.030477218,-0.8017222
-0.5928041,-0.02706806,0.027668709,-0.80441594
-0.58932924,-0.02733913,0.02468617,-0.80705285
-0.58586174,-0.027618973,0.021807533,-0.8096467
-0.582225,-0.0285705,0.018400343,-0.81231725
-0.57871956,-0.029224148,0.015244121,-0.81486034
-0.57523966,-0.029980345,0.012056289,-0.8173464
-0.5717731,-0.030965598,0.008842086,-0.8197796
-0.56668043,-0.032499067,0.0038768463,-0.82328737
-0.5633675,-0.03356006,0.0006728098,-0.8255243
-0.56017643,-0.034590542,-0.0024656316,-0.8276472
-0.55705225,-0.035596136,-0.0056191073,-0.8296953
-0.5539844,-0.036729842,-0.008732939,-0.8316705
-0.55101573,-0.03773695,-0.011827791,-0.83355737
-0.5481574,-0.03877015,-0.0148394285,-0.8353443
-0.5453969,-0.039674286,-0.017714063,-0.8370511
-0.5427452,-0.040740624,-0.02058162,-0.8386563
-0.54020727,-0.04179758,-0.023485214,-0.84016514
-0.537784,-0.042885497,-0.026400002,-0.84157735
-0.5354628,-0.044005755,-0.029047849,-0.8429112
-0.5332801,-0.045104932,-0.03152333,-0.84414697
-0.5312038,-0.04610852,-0.03400939,-0.8453047
-0.5292362,-0.047227535,-0.036603093,-0.84636813
-0.52741694,-0.048060033,-0.03880353,-0.8473582
-0.52559584,-0.048992693,-0.04127559,-0.84831905
-0.52403575,-0.04972444,-0.043448757,-0.8491327
-0.5225857,-0.05029026,-0.04553252,-0.84988344
-0.5212704,-0.050786044,-0.047319595,-0.8505638
-0.52001286,-0.05120702,-0.049068604,-0.85120904
-0.51890707,-0.051421344,-0.050525613,-0.85178554
-0.5179066,-0.05149508,-0.051821053,-0.85231197
-0.5165315,-0.051191572,-0.053609386,-0.85305375
-0.515764,-0.05086916,-0.054746676,-0.85346514
-0.51510745,-0.050395925,-0.055769917,-0.8538233
-0.51456624,-0.049850266,-0.056673154,-0.85412216
-0.5140574,-0.04913596,-0.057481214,-0.854416
-0.5135995,-0.048334625,-0.05823114,-0.8546862
-0.5132014,-0.047444053,-0.058838174,-0.8549336
-0.5128632,-0.04644053,-0.05938624,-0.8551537
-0.5125918,-0.045266535,-0.059859022,-0.8553465
-0.5124154,-0.043965757,-0.060250968,-0.8554924
-0.51227427,-0.042454425,-0.060669184,-0.85562384
-0.5121406,-0.04082028,-0.061088942,-0.8557534
-0.51207364,-0.038951002,-0.061394457,-0.85585874
-0.51212496,-0.037066627,-0.061687086,-0.8558907
-0.51218265,-0.035144594,-0.061940864,-0.8559188
-0.51227814,-0.033258863,-0.062146667,-0.85592216
-0.5124068,-0.031356312,-0.06228397,-0.85590696
-0.5125604,-0.02942472,-0.06240281,-0.855875
-0.5127382,-0.027437702,-0.06255735,-0.8558232
-0.5129283,-0.025411962,-0.0626666,-0.85576385
-0.51315266,-0.023214,-0.06270669,-0.85568887
-0.51355785,-0.019706076,-0.06287479,-0.8555214
-0.51384836,-0.017145742,-0.06285006,-0.8554039
-0.51414275,-0.014601979,-0.062768616,-0.8552801
-0.5144448,-0.012153194,-0.06275203,-0.855138
-0.514803,-0.009766522,-0.0625816,-0.8549655
-0.51520586,-0.007357038,-0.06224235,-0.85477185
-0.51559615,-0.004953242,-0.061970793,-0.8545735
-0.5159586,-0.0025902747,-0.061806604,-0.8543769
-0.5162883,-0.0002656264,-0.061737772,-0.85418665
-0.5165996,0.0021694652,-0.061571024,-0.85400766
-0.5170012,0.0046249656,-0.061287295,-0.85377526
-0.5174,0.0069969487,-0.061062194,-0.8535337
-0.5178461,0.009571609,-0.06072081,-0.85326254
-0.51816905,0.0117007075,-0.060492165,-0.853056
-0.5185376,0.013754815,-0.060242333,-0.85281914
-0.51894855,0.015797656,-0.060009297,-0.8525501
-0.51933885,0.018005542,-0.059738345,-0.85228765
-0.5196988,0.020270955,-0.059333768,-0.85204566
-0.5200806,0.02264605,-0.0588848,-0.85178393
-0.5205049,0.02486388,-0.05850446,-0.8514892
-0.5209255,0.02701289,-0.05792361,-0.851206
-0.5213253,0.02905454,-0.057355896,-0.85093254
-0.52171427,0.031034945,-0.05669778,-0.8506682
-0.52204156,0.032982968,-0.055882897,-0.85044813
-0.5223308,0.034805268,-0.05511962,-0.85024756
-0.522651,0.036523398,-0.054536123,-0.85001636
-0.5229169,0.038160488,-0.054216605,-0.8498013
-0.5231014,0.039924886,-0.05393861,-0.8496244
-0.5231715,0.04179529,-0.05382575,-0.84949845
-0.52338415,0.044439968,-0.053811416,-0.84923404
-0.52348953,0.046120048,-0.053679634,-0.8490879
-0.5235259,0.047683626,-0.05349742,-0.84899056
-0.5236844,0.049439967,-0.053098824,-0.8488174
-0.5237643,0.051003087,-0.05296181,-0.84868413
-0.5237528,0.05263711,-0.052813407,-0.84860075
-0.5236988,0.05434017,-0.05255889,-0.8485425
-0.5236334,0.05724726,-0.051977627,-0.8484275
-0.52352315,0.059349794,-0.05148124,-0.8483814
-0.5232634,0.061638754,-0.05069247,-0.8484258
-0.52300787,0.06397709,-0.04946677,-0.8484826
-0.52275866,0.066423655,-0.047701366,-0.84854925
-0.5224459,0.06902483,-0.04549514,-0.84865546
-0.5220151,0.07185669,-0.0430006,-0.84881556
-0.5215054,0.0749707,-0.040277008,-0.8489931
-0.5209296,0.07819457,-0.03745937,-0.8491849
-0.5203313,0.08155215,-0.03438809,-0.84936565
-0.51960546,0.085076414,-0.031072307,-0.8495921
-0.5187834,0.08861461,-0.027560493,-0.84985405
-0.5178837,0.09222986,-0.02383302,-0.8501307
-0.5169031,0.09586667,-0.019964976,-0.85042477
-0.51582766,0.09953473,-0.015879171,-0.8507424
-0.5147105,0.10319826,-0.011567526,-0.851052
-0.51363343,0.10745674,-0.006786803,-0.8512272
-0.51234466,0.111268416,-0.002578478,-0.8515372
-0.5109699,0.115131125,0.0014482293,-0.85185236
-0.50953674,0.11898128,0.0054979348,-0.8521653
-0.5080828,0.122738004,0.0094905915,-0.8524654
-0.5065913,0.12639193,0.013509609,-0.8527649
-0.50501746,0.12991932,0.01749481,-0.85309565
-0.5033299,0.13335851,0.021467203,-0.8534716
-0.5016127,0.13675883,0.025457272,-0.85383475
-0.49986985,0.1402205,0.029505922,-0.854165
-0.49806193,0.14371945,0.033613246,-0.85448766
-0.49620438,0.14728345,0.037674442,-0.8547921
-0.49431536,0.1509317,0.041747924,-0.85506094
-0.49244195,0.1545758,0.045749977,-0.85528606
-0.49053547,0.15825367,0.049892735,-0.85547733
-0.4886053,0.16192308,0.054022625,-0.8556444
-0.48668006,0.16554376,0.058102585,-0.85578156
-0.48475093,0.16915177,0.062165562,-0.85588527
-0.48276034,0.172843,0.06631957,-0.8559612
-0.4807786,0.17645614,0.07049667,-0.85600543
-0.47883168,0.18063432,0.075354084,-0.8558114
-0.47691998,0.18428296,0.079449,-0.85573065
-0.47395557,0.18979067,0.08555565,-0.85558516
-0.4720118,0.19341883,0.08959691,-0.8554335
-0.47016203,0.19688283,0.09348632,-0.85524565
-0.46839622,0.20034754,0.097391404,-0.8549742
-0.46662492,0.20395812,0.10135496,-0.8546282
-0.46487856,0.20765086,0.10526177,-0.8542185
-0.46318772,0.21148282,0.10922001,-0.8536997
-0.46152133,0.21537566,0.11317814,-0.8531132
-0.45991212,0.21921599,0.11711479,-0.8524726
-0.45832738,0.22303039,0.121137254,-0.85177416
-0.45681432,0.22674583,0.1252084,-0.851017
-0.45534965,0.23036607,0.12926216,-0.8502232
-0.45396134,0.23393752,0.13324343,-0.84937537
-0.4520913,0.23915344,0.13885191,-0.8480209
-0.45092398,0.24278152,0.14253324,-0.84700006
-0.4498312,0.2464094,0.14611119,-0.8459231
-0.44880426,0.25000873,0.149694,-0.8447853
-0.44786915,0.25349152,0.15329644,-0.84359676
-0.44693276,0.25732693,0.15732169,-0.84218997
-0.44613758,0.26053938,0.16084924,-0.8409567
-0.44545314,0.2637186,0.16442923,-0.83963513
-0.44484627,0.26685944,0.16788915,-0.8382786
-0.4443814,0.26995495,0.17118847,-0.8368656
-0.4440611,0.27304736,0.17430156,-0.8353885
-0.4439031,0.2761401,0.17724226,-0.8338358
-0.44391924,0.2791512,0.17997962,-0.8322365
-0.44407368,0.28197712,0.18252088,-0.8306465
-0.44442272,0.28452888,0.18487298,-0.829068
-0.4448745,0.28693098,0.18719572,-0.82747513
-0.44550836,0.289116,0.18936059,-0.82587945
-0.4463166,0.29117346,0.19136785,-0.824256
-0.44727752,0.2931385,0.19327207,-0.8225926
-0.4484388,0.29504666,0.19489037,-0.82089454
-0.44982365,0.29687917,0.1963338,-0.8191304
-0.45141482,0.29860836,0.1976421,-0.81730974
-0.4531524,0.3001601,0.19884108,-0.81548715
-0.45501497,0.30157882,0.19998641,-0.8136444
-0.45696756,0.30282062,0.201155,-0.81179875
-0.45906946,0.30386645,0.20222276,-0.80995464
-0.4612448,0.30481732,0.20344815,-0.80805236
-0.46358037,0.30560878,0.2043916,-0.8061766
-0.4660435,0.3063531,0.20529783,-0.80424124
-0.46862197,0.30705944,0.20615377,-0.80225223
-0.47130743,0.30770534,0.20700352,-0.80021024
-0.47547728,0.30869624,0.20834859,-0.7970062
-0.47839,0.30911627,0.20917173,-0.7948821
-0.48129958,0.30946726,0.20999262,-0.7927698
-0.48429242,0.3097175,0.21087785,-0.79061157
-0.48732156,0.30995712,0.21174993,-0.7884201
-0.49044585,0.31005633,0.21260485,-0.7862106
-0.49360338,0.31021747,0.21340618,-0.78395075
-0.496839,0.3103379,0.21408717,-0.78167003
-0.5001427,0.31038046,0.2147544,-0.7793599
-0.5034805,0.31038198,0.21539082,-0.77703106
-0.50682354,0.31039697,0.21613705,-0.77464086
-0.5101965,0.31025034,0.21683353,-0.77228725
-0.5135744,0.31004405,0.2175603,-0.7699231
-0.5169617,0.30988115,0.21832731,-0.76750094
-0.52039075,0.30967557,0.21903199,-0.7650619
-0.5237465,0.30981594,0.22001083,-0.76242965
-0.52714086,0.30989996,0.22070245,-0.75985193
-0.5305364,0.30993834,0.22141717,-0.75726074
-0.53391737,0.30996025,0.22219524,-0.75464314
-0.5372228,0.3099739,0.22302255,-0.7520431
-0.5405217,0.30982813,0.22381724,-0.7494991
-0.54534966,0.30972242,0.2251413,-0.74563885
-0.5485088,0.30967396,0.22599022,-0.74308044
-0.55164444,0.309714,0.22678502,-0.740496
-0.55475664,0.30994377,0.22752985,-0.73784155
-0.55782,0.3102372,0.22820169,-0.7351965
-0.560828,0.310641,0.22882678,-0.7325384
-0.5638008,0.31102556,0.22943844,-0.72989714
-0.56669414,0.3114187,0.23001936,-0.7273014
-0.56950444,0.31187522,0.23060061,-0.724722
-0.5722549,0.3123961,0.23114707,-0.72215235
-0.574934,0.31302136,0.23161457,-0.7195993
-0.57759035,0.31365144,0.23195362,-0.71708417
-0.5801927,0.3143289,0.232081,-0.71464133
-0.58271796,0.3152095,0.23212518,-0.7121802
-0.58513147,0.3161354,0.23222858,-0.7097531
-0.58757216,0.31691507,0.23202056,-0.7074534
-0.5899334,0.31765622,0.23175757,-0.70523876
-0.59217805,0.31844383,0.23156326,-0.7030627
-0.5943574,0.3192315,0.23136154,-0.70092976
-0.596436,0.3199708,0.231172,-0.6988865
-0.5985049,0.320643,0.23095173,-0.6968796
-0.6015003,0.3215054,0.2305375,-0.6940348
-0.6033816,0.32210684,0.23032,-0.6921927
-0.60524464,0.32260424,0.23006068,-0.6904184
-0.6070842,0.32305205,0.22971988,-0.68870527
-0.60886747,0.32343262,0.22931704,-0.6870848
-0.6105827,0.32380068,0.22888196,-0.6855326
-0.6123048,0.32415107,0.2283558,-0.6840049
-0.6139776,0.3245284,0.2277076,-0.682541
-0.6156182,0.32495847,0.22700502,-0.68109107
-0.6171909,0.3252763,0.22619595,-0.67978394
-0.61875165,0.32557872,0.22535305,-0.678499
-0.62024784,0.32584143,0.2244778,-0.67729586
-0.6216267,0.32619178,0.22384016,-0.6760731
-0.62301594,0.3264011,0.22293629,-0.674991
-0.6243636,0.3266936,0.22199975,-0.6739121
-0.62565714,0.32695854,0.22098027,-0.6729183
-0.626992,0.3273158,0.21994714,-0.67183983
-0.62885886,0.327743,0.21823563,-0.67044336
-0.6300682,0.3281724,0.21715894,-0.66944677
-0.63126886,0.32841176,0.21597816,-0.66857976
-0.63237506,0.32875633,0.21490209,-0.66771126
-0.63344073,0.32901287,0.21379861,-0.6669285
-0.6345014,0.32938677,0.21267202,-0.6660953
-0.635543,0.3296502,0.21147797,-0.66535175
-0.6365215,0.33014852,0.21032634,-0.66453385
-0.6374672,0.3305856,0.2090511,-0.66381204
-0.63839555,0.33115712,0.20779265,-0.6630297
-0.63930154,0.33165976,0.20655857,-0.66229075
-0.64016646,0.33215448,0.2053025,-0.66159743
-0.6409847,0.33257696,0.20411056,-0.6609615
-0.64185053,0.33285144,0.20288281,-0.6603608
-0.64265525,0.33309418,0.20163225,-0.6598386
-0.6434656,0.3331725,0.20047863,-0.65936077
-0.64421916,0.33327788,0.19925982,-0.6589409
-0.6453853,0.33317629,0.19738062,-0.65841645
-0.64613813,0.332967,0.19609341,-0.6581686
-0.6469373,0.3326903,0.19481745,-0.65790236
-0.6477355,0.33243063,0.1935807,-0.65761334
-0.6485786,0.3320483,0.19234161,-0.6573389
-0.6494312,0.3315995,0.19110334,-0.65708476
-0.65033156,0.33101383,0.18981954,-0.65686166
-0.6512538,0.3304022,0.18859397,-0.6566089
-0.6522152,0.32970002,0.18742995,-0.65634084
-0.65317166,0.3288992,0.18623933,-0.65613043
-0.65423256,0.32794327,0.18495597,-0.65591484
-0.65536827,0.32700393,0.18356468,-0.65564084
-0.6565896,0.3259699,0.18208405,-0.65534663
-0.6578302,0.32499054,0.18060267,-0.6549988
-0.65907633,0.32412124,0.17918777,-0.6545652
-0.66035056,0.32330117,0.17783347,-0.65405566
-0.6616835,0.32255977,0.17658927,-0.65341145
-0.6629683,0.32192853,0.17544758,-0.65272754
-0.66495544,0.32112572,0.17377783,-0.6515474
-0.6662777,0.32071757,0.17278197,-0.65066177
-0.6676085,0.32045177,0.17184372,-0.6496764
-0.66892004,0.32021016,0.17098431,-0.6486724
-0.67028534,0.31995282,0.17018571,-0.64759916
-0.6716825,0.31965753,0.1694322,-0.64649403
-0.6730425,0.31941196,0.16882494,-0.64535886
-0.67444295,0.31904134,0.16819908,-0.6442425
-0.6758881,0.31862473,0.1676561,-0.6430747
-0.67729115,0.31830212,0.1672587,-0.6418606
-0.67868984,0.3180432,0.16694418,-0.6405921
-0.68010026,0.3177369,0.16664498,-0.63932514
-0.68157715,0.31746385,0.16637737,-0.637956
-0.68301165,0.31713313,0.16617854,-0.63663685
-0.684462,0.31683853,0.16599646,-0.63527197
-0.68592066,0.3165513,0.16588211,-0.6338701
-0.6874005,0.31622577,0.1658737,-0.63242996
-0.6888744,0.31590328,0.16595434,-0.6309648
-0.69030005,0.31557092,0.16612642,-0.629526
-0.6917317,0.31524476,0.16632606,-0.62806356
-0.69316596,0.3150414,0.16662033,-0.62650424
-0.6946042,0.3148119,0.16683435,-0.62496793
-0.69604945,0.314681,0.16708109,-0.62335783
-0.69747263,0.31454927,0.16729252,-0.62177485
-0.698926,0.31438044,0.16742034,-0.6201919
-0.70037156,0.3142859,0.16751492,-0.6185813
-0.7017864,0.31427458,0.16765374,-0.6169438
-0.7031917,0.31423697,0.16776569,-0.6153302
-0.7046417,0.31416228,0.16779272,-0.6137001
-0.7061119,0.31403962,0.16773891,-0.6120856
-0.7075782,0.31394717,0.16764866,-0.6104624
-0.70901006,0.31394142,0.16763589,-0.6088053
-0.71047103,0.31387654,0.16760767,-0.607141
-0.71194947,0.3137679,0.1675635,-0.6054752
-0.71339077,0.3136952,0.16761953,-0.60379857
-0.7148036,0.31365618,0.1677151,-0.6021191
-0.7162319,0.31363964,0.16780822,-0.60040194
-0.7183623,0.31358147,0.16789293,-0.59785813
-0.71974874,0.3137327,0.16791025,-0.59610385
-0.72113174,0.3139182,0.1679082,-0.5943326
-0.72254646,0.31429535,0.16792215,-0.592408
-0.7238463,0.31461692,0.16799785,-0.5906263
-0.7257563,0.31519827,0.1681704,-0.58791715
-0.72696227,0.31563863,0.16836229,-0.5861334
-0.7281353,0.31609032,0.16855551,-0.58437586
-0.7293189,0.31660593,0.16878283,-0.58255213
-0.73046875,0.3171625,0.16899283,-0.5807451
-0.7316183,0.31768057,0.16916512,-0.57896197
-0.7327182,0.31825924,0.16930133,-0.5772108
-0.7338473,0.31882092,0.16941327,-0.57543075
-0.7349461,0.31943834,0.16951993,-0.57365185
-0.735995,0.32012045,0.16963471,-0.5718901
-0.7370022,0.3207895,0.16972312,-0.5701895
-0.7380086,0.32148057,0.16980022,-0.5684729
-0.73897594,0.32219112,0.16988537,-0.5667861
-0.73991776,0.32287118,0.16996562,-0.565144
-0.74082106,0.32367158,0.17000753,-0.56348765
-0.74166864,0.324563,0.17002602,-0.561852
-0.742513,0.3254379,0.17001091,-0.560233
-0.74331766,0.32635573,0.16995458,-0.55864674
-0.74408585,0.32724482,0.16983944,-0.55713713
-0.7448964,0.3281503,0.16956519,-0.5556028
-0.7456091,0.3290491,0.16954142,-0.55412054
-0.7462669,0.32985887,0.16961123,-0.55273056
-0.7468943,0.3305801,0.16970192,-0.5514228
-0.74749917,0.3312554,0.16978034,-0.5501723
-0.74810225,0.33184987,0.1698959,-0.5489573
-0.7486796,0.33241183,0.17001209,-0.5477931
-0.74925977,0.33285937,0.17014726,-0.5466849
-0.7498647,0.33315924,0.17021222,-0.5456517
-0.7504671,0.33338222,0.17039053,-0.5446306
-0.7510744,0.33353236,0.17054904,-0.54365104
-0.75171274,0.33357885,0.17067358,-0.5427005
-0.75261337,0.3336965,0.17093076,-0.54129714
-0.75326717,0.33376393,0.17101137,-0.5403196
-0.7538889,0.33390126,0.17107968,-0.5393452
-0.75454754,0.33393502,0.17112716,-0.5383875
-0.7552023,0.33397198,0.17116094,-0.53743494
-0.755861,0.33401382,0.17117135,-0.5364788
-0.7565536,0.3340845,0.17112279,-0.535473
-0.7572927,0.33420807,0.17104952,-0.53437346
-0.758069,0.33424908,0.17084393,-0.53331167
-0.75888044,0.3342582,0.17049086,-0.532264
-0.7597538,0.33424097,0.16996786,-0.53119487
-0.76066834,0.3342198,0.16930784,-0.5301092
-0.76162857,0.33413535,0.16843314,-0.5290612
-0.76262814,0.33407626,0.16754368,-0.52794
-0.7636771,0.33391467,0.16662876,-0.5268142
-0.7648161,0.33364424,0.16564965,-0.52564085
-0.7659512,0.33330345,0.16463123,-0.5245227
-0.76712185,0.33295846,0.16363859,-0.52334034
-0.76830035,0.33260593,0.16273113,-0.5221175
-0.7694703,0.33229646,0.16190957,-0.52084535
-0.7706622,0.33191895,0.1610772,-0.5195805
-0.77188027,0.3315556,0.16023988,-0.51826155
-0.773082,0.33125326,0.15941703,-0.5169155
-0.7743196,0.33106777,0.1586,-0.51543134
-0.7755465,0.33092117,0.15786947,-0.51390284
-0.7767875,0.33077785,0.15719007,-0.51232666
-0.77800184,0.3306444,0.15656334,-0.5107595
-0.77921957,0.3305218,0.1560437,-0.5091391
-0.78062505,0.3304175,0.15523821,-0.50729686
-0.7824515,0.33030987,0.15447313,-0.5047804
-0.7836659,0.33025426,0.15395012,-0.5030898
-0.7849363,0.33019412,0.1533226,-0.50133735
-0.78617007,0.33024085,0.15262179,-0.4995841
-0.7874479,0.33022675,0.15188664,-0.49780166
-0.7887122,0.33026087,0.1511299,-0.49600464
-0.78998065,0.33028463,0.15040189,-0.49418813
-0.7912394,0.33031285,0.14966774,-0.4923753
-0.7924984,0.3303735,0.14896902,-0.49051815
-0.7937128,0.3305142,0.14827636,-0.488666
-0.7949297,0.3306459,0.14765257,-0.48678428
-0.7961209,0.3307656,0.14707239,-0.48492822
-0.79730725,0.33086547,0.14655612,-0.48306382
-0.7990073,0.3310123,0.14593583,-0.48033407
-0.8001442,0.3310507,0.1456066,-0.47851172
-0.80124867,0.33115542,0.14529784,-0.47668156
-0.8023443,0.33127913,0.14500625,-0.47483796
-0.8034484,0.33143517,0.14467862,-0.47295845
-0.80468166,0.33168837,0.14421707,-0.47082028
-0.8057721,0.3318953,0.14388014,-0.4689086
-0.8068392,0.33214062,0.14363118,-0.46697238
-0.80787754,0.3323399,0.14341854,-0.46509707
-0.80889124,0.3325363,0.14328063,-0.46323344
-0.8098885,0.33271375,0.14312291,-0.46140894
-0.8108686,0.33294532,0.14296728,-0.45956498
-0.8118387,0.33327314,0.14276898,-0.4576725
-0.81284016,0.33361265,0.14243096,-0.4557489
-0.8138128,0.33400798,0.14201134,-0.4538503
-0.81479007,0.33445624,0.14156085,-0.4519035
-0.81575334,0.33492202,0.14109121,-0.44996345
-0.8167292,0.33531997,0.14057784,-0.44805354
-0.81762254,0.33576438,0.14009547,-0.44623882
-0.81857246,0.33612475,0.13953193,-0.44439858
-0.8195279,0.3364227,0.13890028,-0.4426065
-0.82051253,0.33668128,0.13817169,-0.4408102
-0.8214684,0.33695155,0.13743278,-0.43905085
-0.8224476,0.33713892,0.13667138,-0.43730798
-0.82339084,0.3373017,0.1359889,-0.43561703
-0.8243172,0.33744523,0.13540274,-0.4339331
-0.8252395,0.33764565,0.13478528,-0.43221334
-0.8264409,0.33807018,0.13424394,-0.42974722
-0.8272186,0.33844513,0.13394183,-0.4280467
-0.8279795,0.3388553,0.13362552,-0.42634645
-0.8287245,0.33931905,0.13332517,-0.4246207
-0.82943535,0.33981863,0.13307817,-0.42290726
-0.83010656,0.3404137,0.13288563,-0.4211688
-0.8307193,0.34109193,0.13280846,-0.4194327
-0.8312757,0.3417965,0.132792,-0.41775838
-0.8318211,0.34255928,0.13276963,-0.41605192
-0.8323583,0.34333566,0.13268507,-0.41436088
-0.8328734,0.34431526,0.13253644,-0.41255668
-0.83336765,0.34539756,0.13223228,-0.4107476
-0.8338447,0.34655684,0.13185357,-0.40892056
-0.83437055,0.3476627,0.13135976,-0.40706396
-0.8348658,0.34881893,0.13083154,-0.40522528
-0.8353091,0.3501264,0.13025549,-0.40336582
-0.8360083,0.35190663,0.12930876,-0.40066338
-0.8364638,0.35313687,0.1286478,-0.39883894
-0.83703625,0.3544306,0.12781939,-0.3967511
-0.8375158,0.35553774,0.12708862,-0.39497942
-0.83800083,0.35655054,0.12633666,-0.39327514
-0.83853424,0.35746968,0.12553535,-0.3915569
-0.83910096,0.35829625,0.12470077,-0.38985026
-0.8396767,0.35900766,0.12381726,-0.38823414
-0.84035987,0.3594592,0.1228562,-0.38664034
-0.84107393,0.35982722,0.12182594,-0.38506815
-0.84181666,0.36013058,0.12076512,-0.38349253
-0.8425949,0.36028582,0.119623914,-0.38199225
-0.84340024,0.36033705,0.11846785,-0.38052443
-0.8442535,0.36032367,0.11718634,-0.3790386
-0.8451262,0.36019745,0.115908094,-0.37760413
-0.846004,0.36003044,0.11459354,-0.3761964
-0.84693724,0.35971144,0.11317889,-0.37482733
-0.8478753,0.359374,0.11173065,-0.37346247
-0.84886533,0.35895887,0.11020409,-0.37206373
-0.8498644,0.3584751,0.10860118,-0.37071803
-0.85142684,0.3576982,0.1060058,-0.3686288
-0.8525023,0.3571574,0.104124136,-0.36720115
-0.8536905,0.35650897,0.10203714,-0.36565346
-0.85474944,0.35594147,0.10014704,-0.3642523
-0.8558143,0.35533744,0.09840292,-0.3628142
-0.8568498,0.35476062,0.09673612,-0.36138022
-0.8578815,0.35416502,0.09517046,-0.35992944
-0.8588748,0.3535894,0.09366605,-0.35851848
-0.8598862,0.35302684,0.09213693,-0.35704133
-0.86088866,0.35249615,0.09063626,-0.35553098
-0.8618958,0.35195112,0.08917318,-0.3539974
-0.8629007,0.35142317,0.08770779,-0.3524366
-0.8638786,0.35094562,0.086343884,-0.35085008
-0.8648499,0.35042185,0.08504615,-0.34929404
-0.8658141,0.34991238,0.08383761,-0.34770483
-0.86670214,0.34954318,0.08278171,-0.34611312
-0.8675921,0.3492092,0.08170704,-0.3444721
-0.86883634,0.34891108,0.08011289,-0.34200364
-0.8696164,0.34889203,0.079030685,-0.3402879
-0.8703846,0.3489602,0.07788895,-0.33851266
-0.871128,0.34909666,0.07675918,-0.3367128
-0.8719022,0.34912956,0.075600445,-0.33493245
-0.87271607,0.34926918,0.07429977,-0.3329525
-0.8734352,0.34940693,0.07317355,-0.33116683
-0.8741692,0.34948424,0.072117686,-0.3293754
-0.8749188,0.3495078,0.0710475,-0.32758763
-0.875623,0.3496052,0.0700485,-0.32581255
-0.8763184,0.34966594,0.069027014,-0.32409126
-0.8770232,0.3496823,0.0681101,-0.32235637
-0.8776884,0.3497838,0.06720996,-0.32062006
-0.8783919,0.34977838,0.06629401,-0.3188852
-0.87907654,0.34978205,0.06544236,-0.3171659
-0.8797629,0.34983042,0.06459705,-0.315378
-0.8804147,0.3499032,0.06378247,-0.31363907
-0.8810177,0.35004494,0.06301164,-0.311939
-0.8818621,0.3503891,0.06187552,-0.30938354
-0.8823585,0.35077995,0.061133295,-0.3076684
-0.88279414,0.3512948,0.060402684,-0.30597055
-0.88324237,0.35174337,0.05963965,-0.30430713
-0.88370055,0.352227,0.058839146,-0.30256817
-0.8841238,0.35278547,0.05804727,-0.30082905
-0.8845482,0.35330698,0.05720879,-0.29912525
-0.8849738,0.35391518,0.0563826,-0.2972984
-0.88540494,0.35445482,0.055639796,-0.29550666
-0.88576615,0.3550671,0.054946132,-0.29381406
-0.88614726,0.35553077,0.054299664,-0.2922201
-0.8865101,0.35604355,0.053743534,-0.29059348
-0.8868961,0.35646582,0.053234667,-0.2889871
-0.88731277,0.3567647,0.05270207,-0.28743288
-0.887707,0.35710236,0.052149005,-0.28589302
-0.8881004,0.35750625,0.051551327,-0.2842701
-0.888506,0.3578435,0.050929703,-0.282686
-0.88892037,0.35813975,0.05025306,-0.28112507
-0.8893094,0.3584337,0.049566723,-0.27963793
-0.889682,0.35878688,0.04884473,-0.2781225
-0.89009154,0.35902706,0.048149537,-0.27661937
-0.89047146,0.3592589,0.047493886,-0.2752055
-0.89086056,0.35943395,0.046853274,-0.27382377
-0.8912868,0.35954803,0.046200372,-0.2723943
-0.89169556,0.3597267,0.045584388,-0.2709204
-0.892092,0.35990816,0.04494734,-0.26947674
-0.89248973,0.3600471,0.044401485,-0.2680613
-0.8928875,0.36014023,0.043959077,-0.26668084
-0.8933203,0.36012095,0.04361795,-0.26530972
-0.8937786,0.3601337,0.043171328,-0.2638177
-0.89418024,0.36017013,0.04288256,-0.26245058
-0.8945682,0.3602771,0.042642094,-0.26101688
-0.89496064,0.36038885,0.042334743,-0.2595633
-0.8953284,0.3605749,0.042045407,-0.25807956
-0.8958204,0.36095366,0.041679125,-0.25589263
-0.8961581,0.36118713,0.041472554,-0.2544105
-0.89652157,0.361327,0.041302547,-0.25295475
-0.8968653,0.36151612,0.041155074,-0.25148565
-0.89720774,0.36169457,0.041075204,-0.25001654
-0.8975737,0.3618528,0.04095414,-0.24848928
-0.8979376,0.36202434,0.040873185,-0.24693328
-0.8983051,0.36218977,0.040860143,-0.2453511
-0.8986537,0.36237755,0.04092174,-0.24378166
-0.8990341,0.36249754,0.04103533,-0.2421765
-0.8994368,0.36254153,0.04120531,-0.24058145
-0.8998235,0.3626111,0.041433595,-0.23898607
-0.9002184,0.36270708,0.041627716,-0.23731327
-0.9006341,0.36293176,0.04170533,-0.23537119
-0.90104705,0.3630232,0.041796174,-0.23362674
-0.9014533,0.3631442,0.041882418,-0.23184969
-0.90188557,0.36319578,0.04185518,-0.23008582
-0.902286,0.36332685,0.041965958,-0.22828151
-0.9027428,0.36330214,0.042063385,-0.22649021
-0.9031689,0.363333,0.04222551,-0.2247046
-0.90367043,0.36318025,0.042319782,-0.2229104
-0.9041417,0.36309958,0.042480633,-0.22109234
-0.9045891,0.36310562,0.04265791,-0.21921079
-0.9050338,0.36312646,0.042771146,-0.21730988
-0.90547824,0.36311564,0.042950008,-0.21543331
-0.9058666,0.36322582,0.043211225,-0.21355471
-0.90624905,0.3633478,0.043548632,-0.21164705
-0.9066176,0.3635032,0.043862168,-0.20972878
-0.9069846,0.36367333,0.04415533,-0.20777622
-0.9073514,0.36387938,0.044460203,-0.20573916
-0.9078796,0.36421067,0.04482916,-0.20272055
-0.9082593,0.36438003,0.044951677,-0.20067848
-0.90862024,0.36457527,0.04507765,-0.198651
-0.90898067,0.36479056,0.045170855,-0.1965747
-0.9093741,0.36489597,0.045270763,-0.19452567
-0.90981,0.36488977,0.045335047,-0.19247328
-0.9102668,0.36484256,0.04531506,-0.19039708
-0.9107554,0.36472288,0.045267597,-0.18828931
-0.91129905,0.36443076,0.04525895,-0.18621463
-0.912154,0.36388466,0.04526352,-0.18306917
-0.9127788,0.3633235,0.04529898,-0.18104978
-0.9133776,0.36281866,0.045358963,-0.17901537
-0.9139937,0.3622229,0.045485757,-0.1770347
-0.91460085,0.36165485,0.045602914,-0.1750188
-0.9151878,0.36113167,0.045743186,-0.17298225
-0.9156945,0.3608364,0.045790613,-0.1708916
-0.9162373,0.36042583,0.045944463,-0.16879435
-0.9166381,0.3604162,0.04601898,-0.1666044
-0.9170529,0.36033404,0.04615914,-0.16444685
-0.9174376,0.3603246,0.046264313,-0.16227782
-0.9177836,0.36039573,0.046336375,-0.1601283
-0.91810006,0.3605471,0.046374902,-0.15794776
-0.9183704,0.36080685,0.046364974,-0.1557713
-0.91862404,0.3611797,0.046232708,-0.15343252
-0.9188689,0.361482,0.046143405,-0.15126684
-0.9190696,0.3618798,0.04607573,-0.14910154
-0.9192585,0.362263,0.04599357,-0.14701729
-0.9194407,0.36263433,0.045932498,-0.14496708
-0.9196047,0.36302748,0.045869756,-0.14294818
-0.919765,0.36341968,0.045850538,-0.14091186
-0.9199454,0.3637247,0.045805436,-0.13894841
-0.92008644,0.3641124,0.045764886,-0.1369991
-0.92023396,0.36442727,0.045805193,-0.13514513
-0.92040414,0.364662,0.04590197,-0.13330741
-0.9205554,0.36490446,0.04604953,-0.13153705
-0.92075074,0.3650155,0.046198696,-0.12979805
-0.92092544,0.36515728,0.04633705,-0.12809935
-0.92110944,0.36526167,0.046441033,-0.12643012
-0.9212822,0.36538342,0.04654758,-0.124770254
-0.92144,0.36553195,0.046662536,-0.12311559
-0.9215857,0.36569956,0.046762265,-0.12147851
-0.9217125,0.3658964,0.046885867,-0.119865485
-0.92187536,0.36621755,0.047086824,-0.11753068
-0.9220061,0.3663731,0.04718664,-0.11596998
-0.92216283,0.36650681,0.047147986,-0.11430497
-0.9222901,0.3666826,0.047126427,-0.11271208
-0.92242056,0.36685535,0.047014218,-0.11111742
-0.9225475,0.3670406,0.046840295,-0.10951466
-0.92270136,0.36715937,0.046613745,-0.1079052
-0.9228315,0.36732385,0.04636883,-0.10632578
-0.923011866165491,0.367603723611538,0.0459307203784384,-0.103953412702256
