-14.3691410521692,17.6108595087967,-4.26568452391548
-14.31903,17.640743,-4.283646
-14.234284,17.69344,-4.3101544
-14.1465845,17.74565,-4.3457146
-14.060371,17.797924,-4.3725977
-13.971057,17.850187,-4.399943
-13.888284,17.899254,-4.424145
-13.802755,17.950657,-4.4488215
-13.717706,17.998846,-4.4803457
-13.629971,18.050667,-4.504656
-13.5410795,18.099806,-4.53335
-13.447111,18.150414,-4.562859
-13.355931,18.196732,-4.5940385
-13.266491,18.247007,-4.6173773
-13.171877,18.29324,-4.6582904
-13.088113,18.334986,-4.6796827
-12.995516,18.38299,-4.710675
-12.860336,18.458118,-4.745487
-12.762242,18.506735,-4.7795296
-12.670585,18.550974,-4.8112917
-12.572921,18.597708,-4.8431354
-12.477529,18.643318,-4.8711567
-12.381157,18.68754,-4.9027667
-12.28854,18.73063,-4.9271774
-12.189876,18.775837,-4.9571333
-12.097785,18.816622,-4.9828653
-11.956443,18.87052,-5.028526
-11.862719,18.911173,-5.055697
-11.771201,18.952848,-5.076076
-11.67738,18.991766,-5.10537
-11.584447,19.02791,-5.1343446
-11.491805,19.064768,-5.1650443
-11.403722,19.103151,-5.1811094
-11.304179,19.143263,-5.20004
-11.213767,19.1785,-5.2192945
-11.124794,19.212141,-5.246575
-11.037923,19.249966,-5.2660666
-10.942753,19.28327,-5.2953672
-10.854627,19.316452,-5.3165526
-10.760162,19.349686,-5.3436456
-10.667389,19.384123,-5.3648252
-10.566051,19.418072,-5.403728
-10.474611,19.450302,-5.422755
-10.37981,19.48266,-5.4508204
-10.293398,19.515417,-5.464191
-10.198179,19.549301,-5.488761
-10.109963,19.578743,-5.504616
-10.013572,19.610489,-5.534256
-9.921502,19.639626,-5.550754
-9.777725,19.6831,-5.5843267
-9.683268,19.710148,-5.61099
-9.590784,19.739119,-5.622694
-9.496649,19.768162,-5.6487856
-9.397487,19.805717,-5.6360626
-9.301321,19.832815,-5.6607413
-9.207424,19.859867,-5.6719604
-9.109485,19.889618,-5.692767
-9.015597,19.915558,-5.7107143
-8.918337,19.939743,-5.734028
-8.829433,19.964514,-5.742534
-8.733606,19.991756,-5.7607927
-8.646053,20.01694,-5.767952
-8.553174,20.040348,-5.7845807
-8.465587,20.06409,-5.795695
-8.370179,20.08684,-5.812518
-8.282526,20.112585,-5.8178773
-8.188188,20.132936,-5.834032
-8.050722,20.16875,-5.852162
-7.958887,20.191776,-5.8642707
-7.869227,20.211233,-5.874275
-7.7725325,20.231844,-5.886571
-7.676324,20.25005,-5.900371
-7.5818605,20.271812,-5.9095826
-7.4872084,20.288773,-5.929999
-7.38,20.300762,-5.9250717
-7.284369,20.319063,-5.937549
-7.192873,20.337444,-5.942062
-7.1034975,20.356281,-5.9536204
-7.0121655,20.373621,-5.955589
-6.914523,20.390545,-5.97452
-6.820166,20.407644,-5.977881
-6.7195396,20.422766,-5.994828
-6.624555,20.440046,-6.001067
-6.522328,20.453897,-6.018418
-6.426538,20.469059,-6.025146
-6.2812676,20.498663,-6.0413165
-6.187365,20.513071,-6.049613
-6.085699,20.524494,-6.061075
-5.9882197,20.539095,-6.0679555
-5.888149,20.551826,-6.080185
-5.7914815,20.56404,-6.0898566
-5.691675,20.574461,-6.1013513
-5.5626645,20.58724,-6.102292
-5.4617705,20.59885,-6.1096897
-5.362353,20.608185,-6.119073
-5.266519,20.617708,-6.128698
-5.163627,20.625317,-6.141628
-5.063928,20.635614,-6.1473
-4.965611,20.6432,-6.1552777
-4.8732038,20.653133,-6.15661
-4.7732935,20.659262,-6.1727324
-4.676605,20.666552,-6.1752114
-4.5797477,20.6734,-6.183425
-4.483907,20.679502,-6.187757
-4.3846927,20.685,-6.2012296
-4.2851224,20.688004,-6.2072773
-4.1812215,20.69213,-6.223904
-4.084428,20.698751,-6.22766
-3.9859588,20.700502,-6.2424307
-3.8843482,20.705635,-6.249672
-3.7803018,20.708595,-6.258699
-3.6822429,20.713228,-6.267529
-3.577768,20.713543,-6.284228
-3.4496732,20.721817,-6.2702045
-3.3408492,20.72166,-6.2858305
-3.2432892,20.726322,-6.2859764
-3.1425328,20.726038,-6.2964406
-3.0501282,20.727436,-6.300631
-2.8913589,20.724762,-6.315657
-2.7927089,20.723042,-6.3248253
-2.697957,20.720873,-6.3274655
-2.5985878,20.719172,-6.3384876
-2.5011108,20.719448,-6.338301
-2.4002874,20.717108,-6.345076
-2.3095798,20.717464,-6.3403015
-2.2148945,20.71421,-6.346837
-2.1211174,20.71307,-6.344508
-2.0204077,20.707966,-6.3541884
-1.9287658,20.706112,-6.3495755
-1.8329912,20.701136,-6.3544316
-1.7440813,20.700483,-6.3471856
-1.6496718,20.69871,-6.345602
-1.5617312,20.696856,-6.3362584
-1.4510261,20.684574,-6.3215346
-1.364944,20.683754,-6.3099985
-1.271008,20.679684,-6.307986
-1.1856997,20.677206,-6.2980103
-1.0915638,20.6709,-6.298017
-1.0060191,20.663593,-6.292667
-0.9142024,20.657738,-6.291489
-0.8265651,20.65072,-6.2886186
-0.73184484,20.640625,-6.291385
-0.6419258,20.63029,-6.29158
-0.5493236,20.620434,-6.2909203
-0.46488512,20.61215,-6.288878
-0.37768158,20.60013,-6.2884007
-0.2918703,20.590622,-6.286722
-0.20572779,20.578344,-6.285312
-0.0767926,20.556358,-6.283635
0.003364165,20.548819,-6.2790804
0.09131347,20.535082,-6.2790174
0.18134399,20.523464,-6.2761316
0.2721671,20.506845,-6.2811522
0.36196005,20.478634,-6.278646
0.46094584,20.46148,-6.2887197
0.5541124,20.445868,-6.287638
0.64733654,20.42827,-6.2940907
0.7318797,20.413074,-6.2939296
0.8212215,20.397226,-6.297622
0.9096618,20.381626,-6.294836
0.99932325,20.362843,-6.2987094
1.0850703,20.344965,-6.301359
1.1758971,20.32572,-6.3058524
1.2642473,20.307978,-6.3034987
1.3534563,20.289104,-6.303771
1.4366069,20.271925,-6.3048463
1.525186,20.250532,-6.305321
1.6127387,20.23233,-6.302818
1.73983,20.20433,-6.2989283
1.8275832,20.181782,-6.307503
1.9124184,20.163609,-6.302427
2.0028565,20.14088,-6.3074746
2.0852423,20.120573,-6.3032703
2.1764495,20.093138,-6.3008595
2.2592437,20.071514,-6.299563
2.3487957,20.05065,-6.2979217
2.4313796,20.028984,-6.296201
2.5198967,20.007774,-6.301307
2.6063027,19.98219,-6.3009877
2.7002761,19.957926,-6.2990775
2.7853127,19.933022,-6.2992616
2.8692262,19.909134,-6.3001924
2.951077,19.887043,-6.2999663
3.0411863,19.860584,-6.298008
3.1254177,19.835613,-6.298197
3.2127628,19.8077,-6.301722
3.2958524,19.781792,-6.301485
3.3839307,19.75613,-6.301629
3.4694765,19.727047,-6.300482
3.5510404,19.704048,-6.294071
3.6753128,19.6708,-6.2873483
3.7531724,19.647903,-6.2789283
3.8394246,19.621952,-6.277881
3.9135773,19.57529,-6.283492
3.9978683,19.546019,-6.282504
4.0813813,19.518951,-6.277839
4.1612577,19.492775,-6.2715063
4.242016,19.466457,-6.2690864
4.32489,19.437813,-6.265329
4.4067736,19.409946,-6.26185
4.492497,19.378439,-6.2607536
4.57208,19.349176,-6.2590423
4.658437,19.31888,-6.2570105
4.742043,19.28435,-6.259211
4.8253684,19.25425,-6.253941
4.905454,19.223623,-6.251626
4.986307,19.195137,-6.2425413
5.0661945,19.164791,-6.239698
5.145992,19.137064,-6.2278166
5.2264385,19.105076,-6.228243
5.304718,19.074347,-6.2186522
5.386686,19.038996,-6.2187786
5.464989,19.007177,-6.208984
5.5735197,18.948465,-6.212777
5.6478176,18.9179,-6.202204
5.7241783,18.884777,-6.1939254
5.796182,18.85197,-6.18803
5.867354,18.822256,-6.1793904
5.9376874,18.788094,-6.175504
6.0074916,18.75681,-6.1688013
6.075632,18.720798,-6.1686864
6.1424136,18.687126,-6.1651754
6.206736,18.653126,-6.1672473
6.268583,18.624002,-6.158241
6.329598,18.592878,-6.161178
6.3871684,18.566154,-6.150931
6.466613,18.525564,-6.14652
6.5183425,18.498856,-6.1425247
6.570167,18.470835,-6.1418567
6.6202245,18.440693,-6.1424
6.670396,18.414345,-6.139508
6.7138724,18.389359,-6.136997
6.7585917,18.368196,-6.129029
6.7468243,18.365637,-6.147607
6.786829,18.349804,-6.130057
6.8262987,18.330353,-6.12233
6.8658485,18.313192,-6.1014643
6.9041657,18.294378,-6.093911
6.94249,18.278131,-6.0771766
6.979954,18.259262,-6.0721903
7.014071,18.244541,-6.0545216
7.047703,18.231375,-6.0375023
7.0782065,18.221056,-6.0121856
7.110615,18.210592,-5.9955287
7.138884,18.202906,-5.965898
7.168836,18.194218,-5.9457374
7.196481,18.184683,-5.918995
7.224115,18.1767,-5.8927226
7.2512565,18.169395,-5.8624954
7.2787623,18.162832,-5.837401
7.301503,18.155989,-5.806873
7.32766,18.15035,-5.7764344
7.3531175,18.145975,-5.7405386
7.379169,18.138418,-5.71563
7.4000273,18.16432,-5.6807384
7.426092,18.155958,-5.6544547
7.451995,18.14953,-5.6258683
7.4951267,18.142834,-5.584062
7.516259,18.138723,-5.5615697
7.54051,18.130585,-5.538715
7.5610266,18.124191,-5.5191154
7.5904207,18.110956,-5.48061
7.6142,18.105322,-5.456539
7.6345983,18.099825,-5.4368443
7.6553655,18.09598,-5.409231
7.6717014,18.091957,-5.393967
7.6924424,18.089258,-5.3697257
7.707741,18.08706,-5.3494067
7.7275167,18.082235,-5.320892
7.740684,18.080133,-5.300876
7.7560887,18.07939,-5.274317
7.770422,18.078257,-5.2513747
7.789062,18.074457,-5.2259293
7.798865,18.073122,-5.200641
7.7871904,18.089993,-5.183942
7.7979326,18.085382,-5.1703916
7.812489,18.083149,-5.147524
7.8228745,18.079155,-5.1313033
7.833263,18.079494,-5.104813
7.8424425,18.07739,-5.088867
7.8549533,18.077648,-5.061733
7.865301,18.074162,-5.0434666
7.875907,18.074139,-5.024002
7.885234,18.071577,-5.0043683
7.897685,18.073036,-4.980965
7.911317,18.073214,-4.95996
7.9219017,18.072987,-4.9401417
7.93613,18.075344,-4.9143343
7.94485,18.077482,-4.892581
7.9596634,18.079391,-4.8620996
7.971464,18.080755,-4.840185
7.985227,18.081966,-4.8096647
7.9934263,18.085505,-4.790027
8.006471,18.088255,-4.7633953
7.9936614,18.12206,-4.7419333
7.997105,18.125319,-4.6915417
8.004766,18.131876,-4.653502
8.01055,18.140347,-4.6183286
8.018244,18.148226,-4.578838
8.02038,18.160295,-4.544601
8.025863,18.172483,-4.5014534
8.026686,18.183863,-4.4674687
8.031779,18.196157,-4.4290676
8.027523,18.210129,-4.3956146
8.027967,18.223185,-4.3600616
8.0246935,18.236958,-4.325146
8.024824,18.249636,-4.286545
8.016419,18.268213,-4.2513847
8.0145235,18.284634,-4.2090406
8.006434,18.303831,-4.1689553
8.003977,18.32031,-4.120129
7.993535,18.340569,-4.0762587
7.9844985,18.358873,-4.0287457
7.975904,18.379425,-3.9886885
7.934394,18.417376,-3.950108
7.919839,18.438465,-3.9145343
7.9067535,18.458227,-3.8662484
7.8938775,18.477722,-3.835029
7.880532,18.49783,-3.7965217
7.8616076,18.517395,-3.7641125
7.8433437,18.540087,-3.727523
7.822838,18.560608,-3.6997664
7.7959366,18.599743,-3.647959
7.774075,18.621267,-3.6175778
7.7451234,18.647648,-3.5919697
7.7196474,18.672512,-3.5592794
7.6912837,18.698006,-3.5305452
7.664958,18.720846,-3.502065
7.6342893,18.747997,-3.47334
7.604848,18.773912,-3.439436
7.570883,18.79998,-3.4204748
7.5377574,18.825153,-3.3925533
7.5020137,18.852243,-3.3669362
7.423131,18.90415,-3.3398724
7.3829336,18.931637,-3.3177752
7.3358674,18.976355,-3.278863
7.2970295,19.005001,-3.2557664
7.251799,19.037596,-3.2317915
7.2125607,19.068539,-3.2034612
7.1663947,19.09927,-3.1834152
7.123032,19.129145,-3.1605432
7.07546,19.161629,-3.1404192
7.0285482,19.193113,-3.1126356
6.980718,19.225231,-3.091448
6.935284,19.255726,-3.0666034
6.886926,19.28761,-3.0468197
6.841056,19.31863,-3.0194886
6.792252,19.35022,-2.9991748
6.748582,19.381794,-2.9736562
6.702099,19.411444,-2.9551415
6.652991,19.443504,-2.934282
6.607094,19.476376,-2.9118786
6.555011,19.50748,-2.8928165
6.476185,19.552269,-2.8796759
6.423713,19.586021,-2.8579078
6.3763804,19.619057,-2.8347483
6.3266277,19.65323,-2.8138037
6.2827516,19.683474,-2.7919126
6.1973023,19.732853,-2.7601085
6.149655,19.76495,-2.729076
6.0973754,19.794632,-2.7093673
6.0503254,19.827316,-2.6841908
5.999771,19.857676,-2.6651523
5.9477124,19.891607,-2.6432834
5.89562,19.924366,-2.6213596
5.836529,19.955988,-2.6045725
5.7859282,19.987959,-2.5838094
5.7262373,20.020557,-2.5641348
5.6731524,20.055178,-2.5448806
5.609727,20.089067,-2.5297635
5.5531173,20.121923,-2.5090606
5.4873857,20.157907,-2.4942966
5.426203,20.190426,-2.4771395
5.329439,20.228535,-2.4625099
5.26863,20.262894,-2.4444308
5.194046,20.298246,-2.4270327
5.12688,20.33122,-2.4085858
5.053153,20.365776,-2.390882
4.9852242,20.397787,-2.367334
4.9103947,20.433504,-2.3505952
4.839785,20.465845,-2.3277097
4.760068,20.500492,-2.3088658
4.6869807,20.533281,-2.284192
4.6096005,20.565474,-2.2689128
4.535027,20.598263,-2.242445
4.459734,20.630177,-2.220133
4.380527,20.66435,-2.1941373
4.268982,20.718697,-2.1685581
4.1866956,20.752195,-2.1484542
4.110508,20.784292,-2.126552
4.026571,20.816717,-2.1054835
3.9063575,20.85826,-2.0758271
3.8128266,20.88886,-2.0606709
3.7295434,20.920158,-2.0471427
3.6526313,20.951952,-2.0306346
3.5717213,20.982824,-2.0185928
3.4911828,21.010208,-2.0051925
3.4041636,21.043528,-1.9980497
3.322861,21.07185,-1.99068
3.2365863,21.102259,-1.9857615
3.1580696,21.127619,-1.9784317
3.0772023,21.153866,-1.9737586
3.0101366,21.177881,-1.9667745
2.9334633,21.203316,-1.9659439
2.8623734,21.226606,-1.9543464
2.7893627,21.25011,-1.9513283
2.7301588,21.270796,-1.9395535
2.6683612,21.292465,-1.9310818
2.6144273,21.315271,-1.9124792
2.562893,21.33903,-1.8927886
2.5109992,21.360928,-1.8733461
2.4656532,21.382835,-1.8606893
2.4148097,21.404354,-1.8444172
2.353029,21.429476,-1.8345861
2.304212,21.451956,-1.8201661
2.2595024,21.47508,-1.8019946
2.210949,21.496635,-1.7919629
2.1667879,21.515461,-1.7724558
2.1235251,21.538412,-1.7558382
2.08787,21.553192,-1.7327411
2.0438435,21.565262,-1.716868
2.014348,21.580402,-1.6920314
1.9898165,21.59627,-1.6639042
1.9627368,21.610394,-1.6449015
1.9310805,21.630621,-1.6309726
1.901339,21.65467,-1.6094893
1.8715981,21.672237,-1.5913037
1.8378615,21.69161,-1.5722202
1.8119513,21.705187,-1.5401764
1.7848198,21.71244,-1.516447
1.754829,21.743645,-1.4885079
1.7312984,21.75613,-1.4567425
1.7049717,21.764496,-1.4315096
1.6840556,21.775217,-1.3916986
1.6705339,21.785007,-1.3588053
1.6524621,21.804216,-1.3318797
1.6354725,21.825478,-1.3094851
1.6102147,21.842646,-1.2867469
1.5959065,21.85229,-1.2317964
1.5755502,21.870096,-1.2114468
1.5476696,21.886492,-1.1906698
1.5312595,21.891914,-1.1507125
1.5194701,21.898136,-1.1170415
1.5219933,21.90566,-1.0738503
1.5209876,21.922121,-1.0367807
1.5012145,21.946753,-1.002061
1.4852113,21.962769,-0.97302467
1.4734122,21.969023,-0.9287706
1.46495,21.972507,-0.8899736
1.4590095,21.981144,-0.8522709
1.4442717,22.001966,-0.81784815
1.4299943,22.024376,-0.79060614
1.408244,22.037748,-0.7530694
1.3925459,22.052841,-0.6918602
1.3897368,22.06035,-0.6478138
1.3846352,22.077442,-0.6113519
1.374245,22.099297,-0.5729873
1.3396982,22.119003,-0.554762
1.3159741,22.128746,-0.5123941
1.3024262,22.134897,-0.48012316
1.2960547,22.142353,-0.43853834
1.2817242,22.16572,-0.41006085
1.2482965,22.192673,-0.38691247
1.2328246,22.20405,-0.3427208
1.2126044,22.212023,-0.30659187
1.2038707,22.215387,-0.26262006
1.155458,22.251507,-0.22436887
1.1455112,22.2596,-0.1887739
1.1308811,22.278372,-0.15401357
1.1143361,22.299679,-0.12159867
1.0834504,22.324553,-0.09440927
1.0642072,22.334602,-0.04697188
1.0525523,22.344418,-0.008160599
1.0137955,22.352358,0.040439088
0.988398,22.379492,0.062237814
0.9529007,22.4081,0.08105733
0.9194973,22.42587,0.11320702
0.89957637,22.429716,0.1527387
0.8907831,22.43808,0.20131803
0.8796921,22.45705,0.23327972
0.8559202,22.488224,0.26905498
0.8283575,22.510736,0.30004972
0.80492234,22.519993,0.35150662
0.78777343,22.528484,0.39476997
0.7788006,22.543304,0.43760642
0.7569054,22.566166,0.47105268
0.73130846,22.592302,0.51133287
0.6946293,22.61351,0.5507815
0.67164415,22.626043,0.6025945
0.65970427,22.637106,0.6510184
0.6451776,22.652905,0.69802564
0.61509264,22.683699,0.7309855
0.56826365,22.715372,0.75642794
0.5291346,22.73386,0.79073966
0.47176167,22.733435,0.8342458
0.44496763,22.747147,0.8745429
0.41011837,22.769733,0.9001798
0.36900282,22.798635,0.9276473
0.31106478,22.814037,0.9782527
0.26590493,22.84483,0.9987278
0.21823615,22.875986,1.0254093
0.16746886,22.898794,1.0419883
0.11887336,22.91539,1.0717784
0.07441316,22.93056,1.1043814
0.040388104,22.947044,1.1404516
0.0063827415,22.96373,1.1757298
-0.035029028,22.99354,1.200568
-0.08712709,23.02075,1.2226763
-0.13560474,23.043669,1.2536495
-0.1810298,23.051647,1.2912552
-0.21492118,23.066984,1.3278927
-0.25045514,23.08565,1.3611754
-0.2957304,23.113644,1.3910079
-0.34286976,23.139006,1.4180144
-0.4050255,23.151983,1.4435347
-0.45143697,23.162697,1.4798987
-0.49391353,23.17625,1.5102013
-0.5372391,23.189735,1.5398061
-0.6132855,23.223927,1.5713762
-0.6430704,23.237375,1.6073992
-0.68818223,23.258928,1.6326058
-0.7366466,23.28439,1.6550295
-0.79498464,23.310722,1.6679143
-0.83298993,23.319258,1.7041562
-0.8710782,23.328121,1.7337759
-0.9061987,23.342426,1.7631015
-0.9478112,23.370031,1.7845954
-1.001982,23.397308,1.7995265
-1.0396626,23.408688,1.8377981
-1.0806643,23.417261,1.868987
-1.1058571,23.42473,1.9099367
-1.1517205,23.45436,1.9289445
-1.2068493,23.478325,1.9392196
-1.2802715,23.487654,1.9896606
-1.3372409,23.510859,1.9978907
-1.3848045,23.524454,2.0244694
-1.4150441,23.529842,2.0578225
-1.4510351,23.547237,2.0848792
-1.4978848,23.569468,2.1071649
-1.5421576,23.587065,2.1289916
-1.5815991,23.594921,2.1586313
-1.6122704,23.608206,2.193043
-1.6519879,23.634445,2.2138
-1.702306,23.652025,2.2335267
-1.7406499,23.656038,2.2700713
-1.7700294,23.66195,2.2999153
-1.829106,23.689447,2.309849
-1.8893237,23.71054,2.3145156
-1.9361842,23.7143,2.3390749
-1.9803183,23.729322,2.3575017
-2.032863,23.752327,2.373413
-2.0896568,23.768238,2.3837469
-2.132664,23.770578,2.4123478
-2.1942196,23.786547,2.439141
-2.2541037,23.810904,2.4476995
-2.303268,23.818508,2.4707952
-2.337573,23.822182,2.4949958
-2.3990972,23.8428,2.5093746
-2.4666188,23.866583,2.5096045
-2.5171025,23.869331,2.5305455
-2.5590372,23.879131,2.5485413
-2.6219273,23.902798,2.5593555
-2.6866648,23.917713,2.569201
-2.7596393,23.938345,2.588036
-2.8076754,23.93908,2.614567
-2.848144,23.946617,2.6329813
-2.9180055,23.970253,2.6380458
-2.9799817,23.98289,2.6464198
-3.019846,23.984615,2.6668892
-3.074629,24.001091,2.6797185
-3.1375961,24.021805,2.6863039
-3.1849062,24.02385,2.7040474
-3.2280436,24.027857,2.719958
-3.3026385,24.044775,2.726397
-3.3778048,24.06179,2.7149513
-3.4660337,24.082588,2.7142665
-3.5124853,24.08129,2.7328184
-3.5516655,24.087973,2.7442632
-3.614332,24.108528,2.7500718
-3.6689148,24.119005,2.7617602
-3.711406,24.12079,2.7726734
-3.7660096,24.134985,2.7790346
-3.836062,24.159065,2.768176
-3.8879108,24.157465,2.7816358
-3.927897,24.161636,2.7930117
-3.9880333,24.179806,2.788978
-4.0569406,24.193806,2.7785683
-4.105345,24.194721,2.7911005
-4.146997,24.206274,2.8010678
-4.211486,24.230425,2.7939916
-4.2601614,24.230486,2.8100429
-4.2898784,24.232347,2.829702
-4.350996,24.25121,2.8343353
-4.42534,24.254578,2.8382165
-4.4676614,24.254229,2.8539138
-4.5163364,24.264616,2.8652387
-4.5783696,24.285694,2.8681724
-4.6291575,24.28774,2.8805087
-4.7053313,24.301977,2.891063
-4.751264,24.300598,2.9042919
-4.799904,24.316502,2.9078982
-4.8690104,24.333864,2.90119
-4.9172964,24.33332,2.9137084
-4.955289,24.340801,2.9275155
-5.022013,24.35609,2.9299219
-5.075357,24.357445,2.94017
-5.1048555,24.358341,2.9532466
-5.1725636,24.374113,2.9542787
-5.2313776,24.38074,2.9570796
-5.2693286,24.377247,2.9658313
-5.332128,24.393404,2.9660673
-5.393244,24.4028,2.9656847
-5.421545,24.399002,2.9845564
-5.4850082,24.41594,2.9855947
-5.5473943,24.408237,2.996871
-5.5748816,24.40434,3.011543
-5.641068,24.416943,3.0118062
-5.696462,24.41933,3.016941
-5.7301526,24.415836,3.0257595
-5.805389,24.43195,3.019241
-5.8555408,24.428589,3.0318696
-5.8936434,24.429514,3.0460489
-5.964067,24.442644,3.043867
-6.004594,24.434446,3.061108
-6.0645003,24.444376,3.0613248
-6.1281433,24.44671,3.0659587
-6.175072,24.44594,3.073499
-6.245894,24.457535,3.0724714
-6.3289514,24.461107,3.0785875
-6.363998,24.452745,3.0892904
-6.4406104,24.466625,3.0891702
-6.4978085,24.461344,3.0926156
-6.6027017,24.462845,3.1051276
-6.670961,24.46965,3.0997252
-6.7304893,24.46608,3.09871
-6.790802,24.466482,3.0970423
-6.858262,24.469467,3.0969229
-6.9057474,24.465912,3.101731
-6.9853945,24.471418,3.0890353
-7.028859,24.464817,3.0935416
-7.1021147,24.46752,3.0874226
-7.159983,24.460245,3.0881882
-7.224928,24.462757,3.0813522
-7.283699,24.461815,3.0766973
-7.3301044,24.459843,3.0722997
-7.405321,24.457685,3.0623715
-7.45372,24.454834,3.0565732
-7.5217566,24.454596,3.047038
-7.5682898,24.44823,3.043793
-7.6459966,24.44768,3.0318623
-7.718999,24.441093,3.0314243
-7.7751365,24.43968,3.027485
-7.850852,24.433165,3.038634
-7.9004807,24.428207,3.0350988
-7.967569,24.425444,3.0299273
-8.020312,24.421602,3.0259926
-8.08719,24.41955,3.023662
-8.131187,24.41456,3.0272985
-8.199113,24.41116,3.0246537
-8.2438135,24.404469,3.0310585
-8.303401,24.402332,3.030601
-8.342596,24.396048,3.0372608
-8.399569,24.394056,3.0396318
-8.437561,24.388714,3.0524788
-8.489137,24.387577,3.0603983
-8.515229,24.384975,3.0791504
-8.572303,24.384102,3.0839567
-8.610614,24.379086,3.0950987
-8.668571,24.37302,3.0950718
-8.710162,24.367247,3.1023188
-8.771695,24.359283,3.0944684
-8.823134,24.352312,3.0880833
-8.8803215,24.34579,3.0856962
-8.927568,24.340622,3.0993812
-8.980582,24.331495,3.0960004
-9.036095,24.328953,3.09819
-9.081329,24.322824,3.1019423
-9.130731,24.319395,3.1052306
-9.184486,24.31007,3.102892
-9.249479,24.304886,3.1011364
-9.306327,24.292158,3.097638
-9.369647,24.288166,3.0914445
-9.421153,24.27273,3.0823789
-9.489182,24.269432,3.0769446
-9.528622,24.254772,3.0895858
-9.579699,24.251389,3.0958583
-9.611272,24.242567,3.105605
-9.672158,24.24145,3.1080196
-9.701444,24.229242,3.1211665
-9.765703,24.225557,3.1184301
-9.8013735,24.208574,3.1202264
-9.881269,24.202774,3.1134918
-9.920871,24.19107,3.1160803
-9.977271,24.182371,3.1089563
-10.034498,24.1492,3.1149912
-10.097594,24.146397,3.1180017
-10.125598,24.135803,3.1192575
-10.196359,24.128906,3.1027257
-10.224357,24.118332,3.0986466
-10.290526,24.11037,3.084924
-10.329327,24.100399,3.0779243
-10.380643,24.091627,3.058611
-10.416057,24.08492,3.034003
-10.460162,24.071157,3.0103464
-10.506366,24.068754,2.983515
-10.541162,24.057365,2.952918
-10.601814,24.052216,2.8829863
-10.647025,24.040565,2.8342679
-10.700981,24.032358,2.7780015
-10.747892,24.018833,2.7164516
-10.80911,24.015251,2.6393244
-10.8421,24.006855,2.5669694
-10.905456,23.99786,2.471548
-10.929595,24.00252,2.3868208
-10.975784,23.9884,2.291858
-11.02849,23.985327,2.199929
-11.071911,23.979906,2.102911
-11.122921,23.973635,2.0079195
-11.174353,23.969461,1.9301302
-11.213622,23.968634,1.8577251
-11.256649,23.963432,1.7852037
-11.311744,23.96129,1.7166399
-11.359028,23.955599,1.6474388
-11.406753,23.949102,1.5782447
-11.460272,23.939363,1.5110909
-11.513435,23.930382,1.4435749
-11.565273,23.918787,1.3916683
-11.614045,23.908455,1.3473235
-11.665018,23.895954,1.3137393
-11.719268,23.880804,1.2786584
-11.770926,23.863165,1.2415893
-11.823908,23.84561,1.185235
-11.878089,23.824736,1.1346855
-11.993797,23.782007,1.0854843
-12.047951,23.75608,1.0332972
-12.103098,23.72658,0.9868662
-12.160422,23.697638,0.92790043
-12.252747,23.649982,0.8528468
-12.306909,23.61898,0.7988712
-12.367001,23.580952,0.7433502
-12.42934,23.540663,0.6818689
-12.490758,23.497059,0.6062249
-12.550489,23.454077,0.527141
-12.615912,23.40187,0.4473329
-12.679348,23.35177,0.37632495
-12.740677,23.30401,0.30410466
-12.801136,23.26008,0.23496458
-12.867364,23.206398,0.15226817
-12.935422,23.148775,0.056881998
-12.996563,23.08675,-0.03329098
-13.058762,23.035294,-0.12071672
-13.126076,22.974901,-0.21815613
-13.193335,22.903954,-0.32801703
-13.2546,22.845282,-0.40558192
-13.314835,22.758469,-0.5069045
-13.408542,22.669058,-0.6151118
-13.46962,22.604723,-0.7026804
-13.5279,22.54789,-0.78896785
-13.584637,22.487947,-0.893977
-13.64502,22.420195,-0.9801854
-13.702343,22.35719,-1.0769997
-13.753439,22.303854,-1.1456466
-13.82338,22.226547,-1.2660356
-13.868186,22.175154,-1.3405302
-13.912586,22.123812,-1.3962423
-13.952051,22.071438,-1.4768156
-13.988346,22.024837,-1.5439498
-14.021989,21.972904,-1.6175649
-14.056507,21.92734,-1.6908534
-14.084368,21.881891,-1.7522421
-14.107105,21.841253,-1.8127689
-14.125622,21.811268,-1.8552998
-14.12629,21.792625,-1.9181112
-14.1474905,21.7564,-1.9615664
-14.162761,21.726244,-1.9987035
-14.168511,21.693268,-2.0372922
-14.177457,21.662043,-2.0699534
-14.190204,21.632137,-2.1014264
-14.194598,21.599253,-2.1362534
-14.196469,21.571213,-2.1786344
-14.192395,21.549936,-2.214532
-14.1865015,21.524006,-2.2613347
-14.187869,21.491898,-2.324132
-14.188849,21.459356,-2.3880966
-14.183563,21.429955,-2.4594917
-14.176061,21.398167,-2.5424304
-14.168832,21.366812,-2.6300807
-14.165202,21.336132,-2.7098346
-14.1613245,21.296412,-2.8009293
-14.149146,21.258783,-2.8860936
-14.140153,21.226768,-2.9711874
-14.133606,21.173628,-3.077741
-14.118428,21.147514,-3.1374748
-14.085514,21.12998,-3.2050474
-14.074218,21.094141,-3.262537
-14.066765,21.060326,-3.3187616
-14.049325,21.033495,-3.362388
-14.0225115,21.012613,-3.4012384
-14.011146,20.97869,-3.4476924
-14.000427,20.947615,-3.4863322
-13.986764,20.926537,-3.5047581
-13.973998,20.90562,-3.5223632
-13.959742,20.879137,-3.542816
-13.946522,20.853765,-3.5671787
-13.931661,20.832085,-3.59216
-13.915216,20.80077,-3.638458
-13.890785,20.772228,-3.6909368
-13.877028,20.744343,-3.7381852
-13.858435,20.703314,-3.7964542
-13.8466835,20.676601,-3.8267941
-13.831509,20.654133,-3.847571
-13.823192,20.63138,-3.8580294
-13.814629,20.599663,-3.8907719
-13.805717,20.575233,-3.92265
-13.790731,20.546309,-3.95871
-13.775022,20.512947,-3.998672
-13.765975,20.487722,-4.0159073
-13.750147,20.463432,-4.028749
-13.738548,20.443382,-4.0302916
-13.730943,20.419832,-4.0366793
-13.720745,20.393627,-4.0441155
-13.708933,20.366201,-4.0607123
-13.6974,20.336885,-4.084309
-13.685615,20.310081,-4.1025453
-13.673703,20.280836,-4.1177373
-13.660286,20.258886,-4.124099
-13.651985,20.236263,-4.1270742
-13.646022,20.21025,-4.12635
-13.63935,20.18184,-4.1287575
-13.630637,20.156054,-4.1412954
-13.623046,20.128036,-4.1604986
-13.612892,20.099838,-4.185149
-13.60166,20.06967,-4.2099714
-13.595367,20.037455,-4.234711
-13.594341,20.005573,-4.242563
-13.5891905,19.979362,-4.253122
-13.578492,19.956656,-4.2603035
-13.573964,19.917295,-4.2765794
-13.5690365,19.89045,-4.2876415
-13.564613,19.860191,-4.310664
-13.558051,19.828224,-4.338102
-13.558188,19.793667,-4.370015
-13.557504,19.75501,-4.405294
-13.552715,19.720114,-4.440526
-13.552641,19.682869,-4.4747725
-13.555408,19.648163,-4.5032616
-13.561465,19.609678,-4.526483
-13.564717,19.57759,-4.5446496
-13.572683,19.539364,-4.5598664
-13.583101,19.502003,-4.5746346
-13.589684,19.466045,-4.5903134
-13.597476,19.428518,-4.6029925
-13.607926,19.39073,-4.6211085
-13.618543,19.37754,-4.642899
-13.626384,19.345257,-4.647937
-13.632543,19.314482,-4.6495337
-13.638966,19.284256,-4.656711
-13.645513,19.251404,-4.6682773
-13.641844,19.224194,-4.683697
-13.640042,19.197004,-4.697011
-13.642811,19.165771,-4.7130766
-13.641795,19.138569,-4.726675
-13.636094,19.11823,-4.730741
-13.629986,19.100248,-4.731381
-13.6252985,19.081905,-4.7288256
-13.621416,19.06179,-4.727375
-13.607085,19.046808,-4.7284408
-13.591321,19.031939,-4.7317896
-13.56968,19.013096,-4.72687
-13.557781,19.002443,-4.7103114
-13.542431,18.99703,-4.6827383
-13.519758,18.990814,-4.659097
-13.500071,18.987694,-4.63457
-13.442986,19.012457,-4.619789
-13.417738,19.00643,-4.6075764
-13.39195,19.003214,-4.5901074
-13.368849,18.997202,-4.5795326
-13.346742,18.992447,-4.5608726
-13.325096,18.991404,-4.5303774
-13.301244,18.989779,-4.5006585
-13.27414,18.992775,-4.474323
-13.246514,18.992355,-4.452119
-13.213035,18.99208,-4.4431286
-13.183763,18.992487,-4.4316525
-13.149302,18.991188,-4.419618
-13.113727,18.99662,-4.4037914
-13.080747,18.997631,-4.3827596
-13.048126,19.002626,-4.3507633
-13.019979,19.00478,-4.3178887
-12.966414,19.010206,-4.2786436
-12.933735,19.011868,-4.2575593
-12.898939,19.014212,-4.2336073
-12.861934,19.021666,-4.2038093
-12.819392,19.049675,-4.1765113
-12.783311,19.052898,-4.14278
-12.750036,19.06126,-4.1035037
-12.71388,19.067282,-4.065627
-12.673614,19.073212,-4.0237656
-12.636935,19.08208,-3.984531
-12.600887,19.08396,-3.949806
-12.5665865,19.08656,-3.914988
-12.531524,19.090279,-3.874458
-12.493864,19.0939,-3.8225882
-12.459835,19.099922,-3.7717133
-12.4113035,19.109266,-3.6893184
-12.380917,19.116491,-3.6278913
-12.347651,19.120653,-3.5564103
-12.316188,19.123707,-3.4847093
-12.282991,19.126455,-3.4183376
-12.249842,19.13017,-3.3584652
-12.215137,19.132069,-3.2982712
-12.1811,19.132988,-3.2490199
-12.143541,19.133965,-3.1939964
-12.129134,19.146925,-3.1272736
-12.09902,19.149927,-3.0644715
-12.071299,19.14924,-2.9998407
-12.041667,19.151203,-2.9378479
-12.011712,19.149805,-2.8731074
-11.9834,19.14858,-2.8042433
-11.962636,19.144365,-2.7682037
-11.9333,19.142805,-2.721204
-11.901586,19.138208,-2.6672783
-11.87742,19.136122,-2.6249514
-11.853883,19.133652,-2.5705502
-11.829783,19.12949,-2.5003977
-11.810046,19.123995,-2.4501777
-11.785358,19.123081,-2.4001653
-11.759985,19.117619,-2.3485434
-11.735912,19.114994,-2.2986596
-11.714859,19.110584,-2.2380354
-11.692693,19.1052,-2.1952796
-11.665612,19.098303,-2.1417155
-11.641556,19.09429,-2.099725
-11.622057,19.088083,-2.0482714
-11.596784,19.069788,-1.9776183
-11.574324,19.062363,-1.9392565
-11.550393,19.058746,-1.8954184
-11.53337,19.053879,-1.8542289
-11.519221,19.043514,-1.8028582
-11.493021,19.031609,-1.7487106
-11.472856,19.027905,-1.7037872
-11.465166,19.019676,-1.6727746
-11.444115,19.004908,-1.6313019
-11.420848,19.000546,-1.5965838
-11.409773,18.99404,-1.5690887
-11.391934,18.978369,-1.5162991
-11.371944,18.965912,-1.4511305
-11.360939,18.960417,-1.4203134
-11.348178,18.944735,-1.3768328
-11.342662,18.935234,-1.3419522
-11.330981,18.919027,-1.3069274
-11.32431,18.90948,-1.2924291
-11.308288,18.896725,-1.2581111
-11.314852,18.888334,-1.2331841
-11.303729,18.876143,-1.1967678
-11.296185,18.862568,-1.1700295
-11.2888365,18.851494,-1.1395341
-11.281443,18.839361,-1.1115887
-11.267639,18.826578,-1.0729016
-11.262567,18.813868,-1.0421746
-11.253722,18.800924,-1.0117097
-11.241224,18.789013,-0.97191495
-11.233187,18.777414,-0.938346
-11.2240305,18.76503,-0.9037141
-11.214409,18.753607,-0.8685201
-11.202147,18.742367,-0.836305
-11.193845,18.731026,-0.8078273
-11.186145,18.718525,-0.77015626
-11.175945,18.706203,-0.73684233
-11.166787,18.695215,-0.6997952
-11.159676,18.683474,-0.6595224
-11.1530905,18.671324,-0.61080474
-11.14353,18.661215,-0.554744
-11.1357975,18.650887,-0.507879
-11.128775,18.65373,-0.47025374
-11.123027,18.641376,-0.431975
-11.116616,18.629417,-0.39269447
-11.109295,18.61198,-0.33054772
-11.100434,18.599281,-0.29857707
-11.09423,18.588278,-0.26517645
-11.087676,18.577873,-0.22789392
-11.082325,18.568321,-0.19314657
-11.071947,18.559479,-0.15196535
-11.066681,18.548094,-0.10106121
-11.057077,18.538334,-0.057954658
-11.046602,18.530386,-0.015524442
-11.036337,18.5232,0.027752768
-11.028751,18.512201,0.067895964
-11.01981,18.501936,0.11648315
-11.012747,18.490612,0.15762801
-11.003761,18.481031,0.20227335
-10.994094,18.471987,0.24388586
-10.982731,18.464453,0.2850074
-10.972843,18.456274,0.33205083
-10.965322,18.4568,0.3744678
-10.95638,18.445107,0.4166377
-10.946728,18.436707,0.4607713
-10.936756,18.427515,0.5061487
-10.930686,18.418556,0.55071706
-10.920048,18.404224,0.63396984
-10.909676,18.395157,0.6853474
-10.899404,18.386742,0.7394001
-10.892804,18.378391,0.79475063
-10.885296,18.368656,0.8440501
-10.877046,18.360264,0.8989841
-10.864637,18.352816,0.9487207
-10.861021,18.344082,0.99795276
-10.855355,18.335323,1.0463178
-10.839112,18.322857,1.1174403
-10.830787,18.315382,1.1662327
-10.827618,18.304712,1.2067915
-10.821241,18.295624,1.2477846
-10.8126135,18.288061,1.2858906
-10.802753,18.280022,1.3248724
-10.785005,18.276257,1.3571757
-10.779992,18.267048,1.4009912
-10.770509,18.259037,1.438711
-10.757126,18.252712,1.4783658
-10.753747,18.246834,1.5161695
-10.751564,18.235619,1.553953
-10.741853,18.229094,1.5952095
-10.731507,18.22285,1.6330255
-10.7255125,18.215351,1.6675879
-10.722052,18.206705,1.7064426
-10.712485,18.20064,1.7446048
-10.70382,18.195179,1.7813178
-10.695349,18.18789,1.8269533
-10.689575,18.18096,1.8675448
-10.6835375,18.175577,1.9054446
-10.671626,18.17104,1.9422153
-10.660852,18.16463,1.9758435
-10.655407,18.159382,2.0100589
-10.648553,18.154768,2.046423
-10.639343,18.150919,2.0726244
-10.626713,18.156004,2.099794
-10.616577,18.151493,2.129675
-10.609381,18.147902,2.1591537
-10.599018,18.143724,2.1918423
-10.588202,18.139835,2.2321162
-10.57664,18.138573,2.264051
-10.566397,18.135904,2.2921007
-10.549981,18.132538,2.336504
-10.538858,18.128016,2.366041
-10.527414,18.125443,2.4032223
-10.516618,18.124094,2.43345
-10.505036,18.12067,2.466743
-10.49255,18.120358,2.5023637
-10.480719,18.119534,2.5307956
-10.467412,18.117552,2.5688627
-10.455273,18.118582,2.5951793
-10.437015,18.11578,2.642654
-10.4215765,18.116547,2.672037
-10.414046,18.138552,2.7090163
-10.4045315,18.135967,2.7480843
-10.390926,18.137472,2.7840545
-10.376887,18.13788,2.821074
-10.36352,18.137676,2.856964
-10.351545,18.13823,2.8890142
-10.339076,18.139557,2.9201286
-10.325447,18.138945,2.9599373
-10.312139,18.139868,2.9945426
-10.299047,18.140696,3.0286272
-10.287966,18.141779,3.0644076
-10.273283,18.142216,3.1042988
-10.26277,18.143135,3.1499343
-10.249712,18.14238,3.1915934
-10.236198,18.143843,3.2308033
-10.222403,18.145504,3.2682486
-10.208593,18.14582,3.3077955
-10.196403,18.148708,3.3443
-10.183364,18.148663,3.385593
-10.170936,18.152517,3.4203534
-10.158158,18.153059,3.4627266
-10.146583,18.152905,3.5023892
-10.130244,18.155468,3.5472631
-10.1168785,18.166191,3.5962405
-10.106327,18.166077,3.639494
-10.088538,18.166529,3.7064333
-10.072776,18.168032,3.7492347
-10.061585,18.17029,3.7895856
-10.050527,18.170258,3.838328
-10.039729,18.171316,3.8846922
-10.027777,18.173462,3.9281135
-10.013556,18.175024,3.9712431
-10.003767,18.17766,4.010628
-9.991142,18.178669,4.0470757
-9.977287,18.183365,4.0840783
-9.966517,18.1888,4.1118793
-9.954447,18.191408,4.141115
-9.943936,18.195532,4.1704392
-9.933325,18.199045,4.202014
-9.925153,18.20364,4.238483
-9.916673,18.206503,4.270581
-9.90748,18.221075,4.297642
-9.897724,18.228222,4.321175
-9.889102,18.231613,4.3456855
-9.881855,18.234768,4.371287
-9.873463,18.242027,4.3994403
-9.867926,18.245245,4.4238424
-9.858885,18.250154,4.4524746
-9.8489275,18.256174,4.492959
-9.84131,18.261333,4.522043
-9.835033,18.266296,4.5418935
-9.829185,18.273945,4.5637317
-9.822685,18.278124,4.587421
-9.813924,18.28505,4.612025
-9.808103,18.289816,4.635774
-9.800849,18.29495,4.6683693
-9.791687,18.302208,4.6901717
-9.782474,18.308725,4.710036
-9.7740345,18.317162,4.7306905
-9.7684145,18.321688,4.7508245
-9.760929,18.329748,4.7684026
-9.756248,18.348673,4.794976
-9.7484255,18.355236,4.82341
-9.739271,18.360765,4.853369
-9.728175,18.366783,4.884517
-9.719573,18.371416,4.9174185
-9.713364,18.375212,4.952026
-9.703979,18.383875,4.977545
-9.694272,18.388605,5.0036235
-9.685299,18.394434,5.035247
-9.679359,18.401281,5.0614533
-9.671343,18.40536,5.094716
-9.660376,18.412003,5.133912
-9.651974,18.41613,5.168262
-9.646667,18.423532,5.197715
-9.640554,18.427896,5.2266145
-9.6299925,18.435846,5.2543507
-9.617447,18.449226,5.286134
-9.611743,18.45597,5.3025794
-9.603712,18.466839,5.3186817
-9.5965605,18.474749,5.3352103
-9.587943,18.493582,5.34889
-9.5814495,18.500334,5.3721914
-9.573749,18.511124,5.3899508
-9.566191,18.520052,5.4070935
-9.559312,18.52929,5.4224205
-9.551006,18.53995,5.4390388
-9.542222,18.550014,5.4523478
-9.532559,18.563314,5.470823
-9.526728,18.572432,5.481841
-9.517539,18.584776,5.4928937
-9.507832,18.597425,5.5009785
-9.500581,18.609274,5.5112615
-9.494153,18.621584,5.522435
-9.484106,18.633259,5.526008
-9.468139,18.652107,5.542197
-9.463879,18.661402,5.5490937
-9.458162,18.672863,5.5613427
-9.447099,18.68107,5.586481
-9.434197,18.690767,5.6107383
-9.423478,18.697151,5.643648
-9.421395,18.72039,5.668504
-9.413551,18.726028,5.6987534
-9.402398,18.73564,5.7228866
-9.392105,18.743221,5.7514277
-9.384893,18.753508,5.77333
-9.379796,18.759907,5.797718
-9.367702,18.770523,5.819849
-9.356654,18.780884,5.837599
-9.346758,18.7934,5.8570924
-9.337038,18.80327,5.8670893
-9.325717,18.816542,5.8730617
-9.308292,18.830109,5.878767
-9.28942,18.846035,5.891855
-9.275268,18.857136,5.913076
-9.257661,18.863537,5.9428635
-9.238715,18.873081,5.9756546
-9.229251,18.879284,6.004838
-9.22152,18.887402,6.0356207
-9.209126,18.89241,6.0661917
-9.190213,18.904228,6.092466
-9.183886,18.918554,6.110045
-9.178159,18.92473,6.135276
-9.165449,18.93482,6.158231
-9.148931,18.942636,6.1822
-9.134462,18.95428,6.210198
-9.124189,18.962307,6.229944
-9.114819,18.973675,6.244775
-9.100427,18.98396,6.2571764
-9.087357,18.99776,6.265259
-9.077319,19.006012,6.2791805
-9.064638,19.026209,6.2901
-9.054948,19.039675,6.295964
-9.044975,19.05128,6.301904
-9.038284,19.067213,6.3039875
-9.028596,19.079159,6.3078065
-9.0185585,19.094494,6.3055596
-9.00745,19.111286,6.3014708
-8.999392,19.127033,6.292442
-8.989894,19.144009,6.285027
-8.980496,19.159412,6.2757545
-8.955698,19.186462,6.2713084
-8.944474,19.201656,6.264476
-8.935998,19.219814,6.255939
-8.92507,19.23488,6.250207
-8.915931,19.250452,6.242726
-8.908545,19.266485,6.235431
-8.898272,19.282677,6.226922
-8.888375,19.300493,6.2187715
-8.872247,19.32325,6.2083197
-8.868025,19.339289,6.2025094
-8.858928,19.35261,6.2003045
-8.850776,19.368755,6.1907125
-8.84294,19.382893,6.185329
-8.837754,19.396366,6.181415
-8.830332,19.409616,6.180125
-8.822986,19.420881,6.1880207
-8.817056,19.4335,6.1963186
-8.812354,19.442543,6.2071295
-8.809202,19.453348,6.2135825
-8.803947,19.464277,6.2205806
-8.796939,19.475794,6.22822
-8.787803,19.484472,6.230312
-8.781915,19.493591,6.2376366
-8.778999,19.504738,6.2424474
-8.773818,19.518353,6.244339
-8.767338,19.52848,6.2514005
-8.765258,19.539036,6.2573943
-8.763281,19.548384,6.2635756
-8.761161,19.55837,6.263623
-8.758523,19.56934,6.2618937
-8.753344,19.579885,6.2633586
-8.752916,19.59046,6.2664104
-8.749635,19.601671,6.2740536
-8.745195,19.612055,6.2788095
-8.741525,19.622776,6.2823653
-8.741252,19.634325,6.2829676
-8.737443,19.645008,6.281486
-8.73607,19.658976,6.273161
-8.73114,19.673372,6.265095
-8.727475,19.68338,6.2617264
-8.726261,19.697178,6.2553725
-8.713327,19.70809,6.2417393
-8.708472,19.720314,6.2412267
-8.703475,19.73272,6.2448773
-8.700247,19.745655,6.2390523
-8.692458,19.75877,6.2311687
-8.682648,19.780458,6.213227
-8.679208,19.793854,6.19854
-8.67511,19.808598,6.1883955
-8.668598,19.823935,6.177835
-8.663442,19.838676,6.165347
-8.658262,19.85363,6.157185
-8.656292,19.866703,6.1448855
-8.651996,19.882113,6.1349716
-8.645478,19.897924,6.1121864
-8.6378355,19.915562,6.0932484
-8.632531,19.93056,6.0778418
-8.624988,19.944498,6.065316
-8.62304,19.956509,6.0611362
-8.619623,19.968506,6.060871
-8.603696,19.993235,6.0470023
-8.595463,20.005878,6.037598
-8.594786,20.017788,6.0207644
-8.592205,20.032501,6.0029635
-8.586625,20.047073,5.9808836
-8.579647,20.061459,5.96663
-8.5747595,20.075123,5.952244
-8.570587,20.088177,5.944858
-8.562048,20.103064,5.936811
-8.551561,20.11598,5.9337254
-8.54475,20.129927,5.9183693
-8.539742,20.145824,5.902983
-8.531816,20.160765,5.8814807
-8.521447,20.175806,5.8650765
-8.510931,20.189102,5.85172
-8.503703,20.202099,5.8448973
-8.493366,20.217403,5.8375688
-8.479484,20.23021,5.8367896
-8.462859,20.243286,5.8366537
-8.446512,20.258396,5.83577
-8.437451,20.271769,5.826403
-8.411595,20.287554,5.8118033
-8.382127,20.310228,5.8003254
-8.362957,20.326818,5.7922015
-8.344298,20.342777,5.7875247
-8.317875,20.36064,5.7785687
-8.29121,20.377449,5.773977
-8.266167,20.396334,5.7586465
-8.245755,20.41518,5.7433686
-8.222643,20.436245,5.719128
-8.196172,20.45599,5.6970673
-8.171067,20.475067,5.672993
-8.149912,20.493963,5.656236
-8.126737,20.515371,5.6338625
-8.10308,20.537092,5.611579
-8.079073,20.55855,5.5871687
-8.056323,20.578598,5.5609345
-8.03401,20.600704,5.530734
-8.00925,20.620207,5.500691
-7.9889326,20.640858,5.459191
-7.966394,20.66349,5.421235
-7.9456105,20.667006,5.3706694
-7.9212165,20.687853,5.333575
-7.899528,20.709307,5.2964206
-7.8780727,20.730217,5.257792
-7.857511,20.752357,5.2103863
-7.8378277,20.774246,5.1539116
-7.818101,20.796225,5.090785
-7.806012,20.815615,5.0232506
-7.791981,20.832558,4.956931
-7.7821383,20.855265,4.887162
-7.7627835,20.883875,4.793536
-7.753141,20.904448,4.7305703
-7.7493563,20.919191,4.6609254
-7.7462087,20.943628,4.5896764
-7.736968,20.957647,4.520047
-7.7445917,20.976494,4.430216
-7.7352223,20.990692,4.355514
-7.747241,21.00719,4.2542872
-7.7456317,21.014618,4.1825786
-7.7756867,21.030214,4.0723667
-7.790499,21.040209,3.988727
-7.7997484,21.044819,3.9146125
-7.8088274,21.052805,3.8378937
-7.8412104,21.063484,3.7228818
-7.860845,21.069199,3.6465642
-7.883852,21.071753,3.5718198
-7.9042726,21.073418,3.4974918
-7.9319715,21.07953,3.4166706
-7.958943,21.082483,3.3383434
-7.9852085,21.084803,3.2644615
-8.011697,21.087004,3.192279
-8.043247,21.085999,3.117935
-8.076531,21.08239,3.0364776
-8.112465,21.07663,2.9497867
-8.145525,21.076862,2.8745012
-8.179955,21.075064,2.8118799
-8.218087,21.065998,2.7441795
-8.259438,21.06236,2.672688
-8.293925,21.061869,2.607536
-8.353613,21.049936,2.528804
-8.393732,21.04767,2.461072
-8.436051,21.03706,2.3914406
-8.47353,21.032402,2.332175
-8.516496,21.02273,2.2594817
-8.558559,21.013708,2.2000542
-8.600455,21.006466,2.1425076
-8.661262,20.992735,2.0455933
-8.702258,20.986115,1.9886719
-8.747006,20.975428,1.9256262
-8.78523,20.970041,1.8609546
-8.822894,20.965687,1.80758
-8.861368,20.959028,1.7562689
-8.89915,20.951979,1.705188
-8.93688,20.946436,1.6553473
-8.977806,20.938955,1.5988061
-9.016467,20.931269,1.5486971
-9.053164,20.92471,1.50299
-9.091072,20.921444,1.445614
-9.13069,20.909882,1.3878561
-9.162563,20.899855,1.3052181
-9.202056,20.891668,1.2374887
-9.239156,20.88538,1.1737297
-9.275646,20.878849,1.1140138
-9.305779,20.877218,1.0604478
-9.341982,20.870241,0.99875575
-9.376623,20.867336,0.93189436
-9.410788,20.860226,0.87011015
-9.464831,20.850279,0.7798828
-9.497174,20.842472,0.7100621
-9.53091,20.834906,0.63520193
-9.564907,20.829165,0.5501486
-9.595439,20.821619,0.47962427
-9.626196,20.815619,0.4085115
-9.653054,20.810986,0.33775297
-9.67904,20.808485,0.26804966
-9.707841,20.803244,0.19842291
-9.737688,20.792747,0.12123953
-9.764215,20.783897,0.050774045
-9.784162,20.777048,-0.02898576
-9.776407,20.768011,-0.12644817
-9.803085,20.753382,-0.20213148
-9.829138,20.743183,-0.27380916
-9.848065,20.736912,-0.3428183
-9.868095,20.728214,-0.41115707
-9.8879795,20.723593,-0.47811145
-9.911458,20.70999,-0.5593817
-9.928336,20.69719,-0.6416926
-9.944131,20.684416,-0.72502726
-9.957249,20.669708,-0.8011535
-9.967977,20.659746,-0.8729775
-9.974493,20.652304,-0.93676066
-9.987292,20.6386,-1.0002265
-9.996431,20.626245,-1.0620401
-10.002861,20.620817,-1.1077892
-10.0067625,20.6184,-1.1520017
-10.012027,20.608418,-1.2030755
-10.027145,20.585514,-1.2954075
-10.029544,20.5719,-1.3658037
-10.030143,20.559282,-1.429196
-10.016654,20.551668,-1.4969581
-10.023516,20.537605,-1.5526574
-10.0230665,20.523014,-1.6053268
-10.031727,20.509893,-1.6507632
-10.038778,20.494085,-1.7246727
-10.038845,20.485043,-1.7739444
-10.038005,20.470194,-1.833358
-10.048487,20.448082,-1.8938763
-10.051683,20.42657,-1.9588883
-10.049735,20.409302,-2.0233145
-10.047248,20.396502,-2.0742936
-10.044926,20.381836,-2.1259062
-10.0456705,20.361881,-2.1780062
-10.040807,20.347698,-2.2286732
-10.034124,20.332031,-2.2860646
-10.022563,20.32223,-2.3362541
-10.015042,20.310307,-2.3837876
-10.0021,20.297039,-2.4358845
-9.991099,20.28093,-2.4892101
-9.980238,20.268757,-2.5406687
-9.902647,20.2754,-2.5989816
-9.888685,20.266792,-2.6383536
-9.869932,20.257301,-2.6805418
-9.850982,20.242908,-2.7304819
-9.826819,20.232239,-2.7826395
-9.804832,20.22541,-2.8301718
-9.776959,20.220106,-2.87776
-9.753935,20.213215,-2.919076
-9.733692,20.203247,-2.9608428
-9.711844,20.19451,-2.995298
-9.684909,20.19043,-3.0333807
-9.659392,20.184635,-3.0658746
-9.633607,20.177843,-3.1033776
-9.607838,20.169191,-3.144418
-9.5785,20.1615,-3.184178
-9.549751,20.154099,-3.2213256
-9.521428,20.148766,-3.256046
-9.490535,20.145664,-3.2857056
-9.459386,20.141998,-3.3103383
-9.431321,20.138895,-3.3375688
-9.344332,20.158678,-3.3664782
-9.312344,20.156612,-3.3900232
-9.265054,20.154472,-3.420903
-9.23413,20.149197,-3.446047
-9.20111,20.145987,-3.4760125
-9.16841,20.143064,-3.4948866
-9.137383,20.14115,-3.5112793
-9.100791,20.14023,-3.5340083
-9.068634,20.136421,-3.5524762
-9.035173,20.131859,-3.5702107
-8.995567,20.129078,-3.5938926
-8.9544935,20.126038,-3.614492
-8.915062,20.123661,-3.6313019
-8.872556,20.122519,-3.650205
-8.833436,20.121555,-3.6614344
-8.7808275,20.121449,-3.661785
-8.744075,20.12341,-3.6668777
-8.70277,20.121948,-3.6769323
-8.658226,20.118732,-3.6915193
-8.612496,20.115911,-3.704389
-8.50515,20.129166,-3.708494
-8.45987,20.127867,-3.7108004
-8.41909,20.124367,-3.7112844
-8.375111,20.122934,-3.711909
-8.334163,20.124516,-3.7028286
-8.294292,20.124313,-3.699293
-8.253558,20.123663,-3.691206
-8.207955,20.121498,-3.6919243
-8.155968,20.122921,-3.692689
-8.102742,20.12276,-3.6929622
-8.050779,20.123814,-3.688958
-7.9993258,20.122509,-3.6893125
-7.950094,20.126131,-3.681882
-7.9044814,20.127975,-3.6733012
-7.857982,20.12788,-3.66156
-7.814223,20.12659,-3.6560967
-7.761984,20.12766,-3.6552026
-7.706985,20.13111,-3.6505885
-7.6484947,20.135593,-3.646436
-7.5916033,20.137201,-3.6445537
-7.5252433,20.137865,-3.6503258
-7.445339,20.147728,-3.644005
-7.385651,20.152178,-3.6417286
-7.3304505,20.155466,-3.6382544
-7.272047,20.15968,-3.6369221
-7.2132683,20.163881,-3.6291957
-7.124313,20.16906,-3.620048
-7.058672,20.17404,-3.6163385
-6.993964,20.178474,-3.6113484
-6.932477,20.182898,-3.5995317
-6.8713827,20.186687,-3.5925353
-6.811833,20.196306,-3.5825748
-6.746003,20.202812,-3.5683413
-6.6876607,20.210693,-3.5580082
-6.6265583,20.21931,-3.5458655
-6.562313,20.22577,-3.534344
-6.4957576,20.232292,-3.5236723
-6.4236937,20.2408,-3.5151627
-6.3574457,20.251394,-3.4992125
-6.297895,20.259348,-3.485132
-6.236767,20.269526,-3.468869
-6.1418567,20.28491,-3.4371016
-6.078959,20.294157,-3.4147794
-6.010869,20.304749,-3.401843
-5.937805,20.315144,-3.3870645
-5.866622,20.324352,-3.374389
-5.7952824,20.335964,-3.3587654
-5.690803,20.353167,-3.3271346
-5.622315,20.366564,-3.3043454
-5.5571103,20.377943,-3.2742767
-5.490115,20.391584,-3.2422183
-5.420631,20.406301,-3.2162457
-5.347098,20.41724,-3.1960833
-5.274601,20.429733,-3.1730573
-5.1964345,20.44121,-3.1483996
-5.1190453,20.453615,-3.1241796
-5.042698,20.467789,-3.0989957
-4.965925,20.478989,-3.074067
-4.888622,20.493546,-3.0463867
-4.8118734,20.507584,-3.0135705
-4.7295084,20.520206,-2.985125
-4.622498,20.535637,-2.9649088
-4.535354,20.547358,-2.943347
-4.447147,20.558136,-2.926838
-4.3563714,20.567204,-2.9097114
-4.2644906,20.577343,-2.893557
-4.1708994,20.587494,-2.8833747
-4.077632,20.595327,-2.8673415
-3.942496,20.608156,-2.8459337
-3.8545966,20.6152,-2.8300033
-3.7626667,20.624758,-2.814001
-3.669077,20.632238,-2.7919393
-3.5794687,20.640865,-2.7773201
-3.491549,20.648464,-2.7587783
-3.405506,20.657661,-2.7366323
-3.3164093,20.664062,-2.7145
-3.225629,20.67205,-2.6990657
-3.1345608,20.676922,-2.6835234
-3.044584,20.685284,-2.6674466
-2.9530447,20.689596,-2.6507723
-2.8378582,20.704624,-2.6380856
-2.7508235,20.710459,-2.625057
-2.6651251,20.71731,-2.6010969
-2.5799873,20.724037,-2.5828075
-2.4924695,20.728086,-2.5591023
-2.360474,20.733305,-2.5370378
-2.2681763,20.736319,-2.5269585
-2.1779077,20.737162,-2.5184808
-2.0903738,20.740835,-2.5011406
-2.0035496,20.743006,-2.4835737
-1.9162481,20.744398,-2.4706087
-1.8288078,20.749058,-2.4564338
-1.7473087,20.74974,-2.4401827
-1.6606983,20.751736,-2.4264045
-1.5696332,20.749615,-2.4143898
-1.475392,20.74952,-2.41088
-1.3823735,20.746805,-2.4045076
-1.2891884,20.743452,-2.4017239
-1.192383,20.737522,-2.3948414
-1.0980783,20.733694,-2.3919468
-0.9960983,20.7354,-2.3892643
-0.9083072,20.735199,-2.3809094
-0.7752377,20.730648,-2.3676844
-0.6863022,20.725025,-2.3664916
-0.600442,20.717003,-2.3615496
-0.51628894,20.710646,-2.364246
-0.43158996,20.703043,-2.3628259
-0.34933126,20.696014,-2.3610523
-0.26998878,20.689867,-2.3521144
-0.19076875,20.681787,-2.3506951
-0.1103871,20.673008,-2.3502607
-0.032381885,20.666256,-2.3461077
0.038230147,20.661024,-2.3354237
0.10739824,20.652195,-2.3243577
0.1767382,20.646807,-2.3145628
0.24591579,20.640469,-2.3073623
0.31330556,20.632208,-2.303982
0.37906003,20.622288,-2.297541
0.4433908,20.612854,-2.2890966
0.5100125,20.606634,-2.2824779
0.60270387,20.589808,-2.2667358
0.6657304,20.581593,-2.257171
0.72537494,20.571968,-2.2477272
0.7911752,20.56393,-2.241473
0.85719347,20.554125,-2.2328794
0.92683756,20.544334,-2.2278755
0.99847883,20.531948,-2.2266173
1.0655445,20.519783,-2.2228231
1.1301368,20.511473,-2.2149394
1.1943743,20.50166,-2.206036
1.2634856,20.492111,-2.1984684
1.3307232,20.481314,-2.1954157
1.3976952,20.46961,-2.189905
1.4619453,20.461288,-2.1839743
1.5304341,20.450369,-2.1728117
1.5981878,20.43737,-2.1684327
1.6690892,20.425455,-2.1650355
1.7374893,20.413355,-2.1610668
1.8055198,20.403648,-2.1538754
1.8704603,20.393173,-2.1411846
1.9459577,20.383635,-2.1288981
2.0122342,20.375097,-2.1166892
2.0719259,20.365742,-2.101967
2.135339,20.355976,-2.08699
2.1990561,20.344717,-2.066858
2.2606575,20.332836,-2.0451517
2.3235438,20.323261,-2.0299113
2.386197,20.314375,-2.0092072
2.4478376,20.304493,-1.9876684
2.509041,20.29245,-1.9652523
2.5681503,20.282202,-1.9419886
2.629615,20.270294,-1.9237405
2.6926105,20.257872,-1.9041541
2.7555554,20.244846,-1.8877246
2.8163393,20.235128,-1.8676114
2.8757174,20.223684,-1.8439082
2.9397054,20.210632,-1.8241227
3.0285225,20.196411,-1.7865988
3.08733,20.186304,-1.7587026
3.149034,20.175817,-1.7411109
3.2173212,20.155664,-1.7209765
3.283348,20.145147,-1.7013978
3.3795521,20.124268,-1.6744282
3.4485447,20.110561,-1.6612397
3.5151784,20.095425,-1.6468499
3.5832522,20.080843,-1.6291189
3.6528044,20.065908,-1.6123921
3.7257357,20.051926,-1.5996903
3.7959976,20.0381,-1.5850976
3.8663747,20.023966,-1.5712212
3.938048,20.007927,-1.5536146
4.013655,19.990324,-1.5396526
4.092838,19.972963,-1.5316904
4.1682506,19.954254,-1.5220107
4.242704,19.93647,-1.5115825
4.322154,19.918121,-1.5007231
4.4012375,19.897816,-1.4889307
4.482106,19.878876,-1.4797632
4.562682,19.861172,-1.4735436
4.6445217,19.840742,-1.4641367
4.7278333,19.819181,-1.4574043
4.8056903,19.78258,-1.4639319
4.8935423,19.758175,-1.4663248
4.9850855,19.734758,-1.4710674
5.0744967,19.710342,-1.4721277
5.160661,19.686184,-1.4724971
5.2467046,19.662785,-1.4688803
5.337163,19.637373,-1.4692327
5.4265428,19.610964,-1.4765562
5.511751,19.585018,-1.4813464
5.5940156,19.561783,-1.4821082
5.6773767,19.536888,-1.4751223
5.7590146,19.511814,-1.4711208
5.873104,19.482286,-1.4598825
5.9486814,19.459545,-1.4478742
6.0241547,19.438549,-1.4344037
6.0993876,19.41743,-1.428156
6.17405,19.395445,-1.4172168
6.246179,19.3738,-1.4071149
6.3166533,19.352547,-1.3885497
6.4001017,19.328384,-1.3806239
6.4729667,19.304941,-1.3683248
6.538923,19.284622,-1.3505387
6.6048126,19.267378,-1.3294424
6.6759043,19.246525,-1.3060973
6.7463255,19.223242,-1.2874211
6.8145075,19.200949,-1.2796986
6.8844743,19.17843,-1.2728988
6.9557366,19.153057,-1.2666891
7.030441,19.128132,-1.2560551
7.1003313,19.102901,-1.2489245
7.1713057,19.075996,-1.2475555
7.2422996,19.04896,-1.2429087
7.311317,19.024162,-1.236528
7.3772597,19.003143,-1.2268666
7.442637,18.978024,-1.2174364
7.5065517,18.95344,-1.2061807
7.573989,18.92843,-1.2011164
7.6461396,18.899649,-1.1972404
7.7138457,18.871397,-1.1983705
7.7806187,18.845596,-1.1895094
7.8394966,18.796713,-1.1917654
7.942878,18.75547,-1.1780864
8.007737,18.729261,-1.1673636
8.072144,18.702675,-1.1479733
8.139735,18.67319,-1.136106
8.207372,18.644802,-1.1272542
8.27586,18.614655,-1.1201389
8.342977,18.583937,-1.1157601
8.412028,18.553682,-1.1077266
8.479795,18.522043,-1.0980204
8.547941,18.488705,-1.0885174
8.618277,18.456741,-1.0839206
8.691553,18.422928,-1.0812304
8.761833,18.388292,-1.078018
8.865129,18.335,-1.0688046
8.934481,18.30154,-1.0638468
8.999943,18.2688,-1.0569754
9.063319,18.238386,-1.047253
9.129999,18.205015,-1.037682
9.193742,18.157135,-1.028692
9.262212,18.122635,-1.0201751
9.329587,18.085808,-1.0142465
9.399405,18.048656,-1.008806
9.467792,18.011774,-1.00056
9.533837,17.975058,-0.992852
9.598341,17.942791,-0.9798742
9.660866,17.909552,-0.96382123
9.725589,17.87476,-0.9439692
9.788796,17.840107,-0.927759
9.853764,17.803413,-0.9187539
9.921352,17.7647,-0.9079902
9.9891,17.72376,-0.89721054
10.057113,17.684912,-0.88540316
10.123648,17.645756,-0.8750068
10.190126,17.606342,-0.8604068
10.257021,17.567377,-0.8473908
10.327128,17.524485,-0.84029233
10.397726,17.47973,-0.83993065
10.470314,17.435013,-0.83936846
10.541383,17.389032,-0.8422325
10.602069,17.3361,-0.85242945
10.704398,17.272512,-0.8459595
10.768813,17.232779,-0.8416646
10.838211,17.191221,-0.8372742
10.905675,17.149927,-0.8315149
10.9713745,17.109383,-0.8210871
11.039767,17.066355,-0.81670946
11.11207,17.020596,-0.81454635
11.180246,16.978317,-0.80903846
11.246469,16.939901,-0.8003441
11.310499,16.902538,-0.78659767
11.374498,16.863413,-0.76927364
11.438521,16.82591,-0.7534817
11.505087,16.786564,-0.7449278
11.571235,16.74604,-0.73318505
11.639077,16.704594,-0.72174233
11.70668,16.659397,-0.7075767
11.813736,16.591873,-0.70094615
11.882629,16.546144,-0.69014007
11.954021,16.480068,-0.69428813
12.024935,16.432257,-0.68670225
12.0976,16.389013,-0.6816621
12.167588,16.3406,-0.6733862
12.244942,16.289326,-0.6718514
12.317811,16.239235,-0.6700492
12.392637,16.19146,-0.6653999
12.462623,16.143278,-0.658045
12.541589,16.091578,-0.65843666
12.6135,16.043425,-0.65378034
12.685897,15.996409,-0.64558405
12.758076,15.949013,-0.6402118
12.832412,15.898787,-0.63725126
12.903328,15.851189,-0.631214
12.974279,15.797439,-0.62760854
13.049175,15.748659,-0.62733585
13.118529,15.697529,-0.6253398
13.186461,15.65007,-0.61671937
13.289609,15.575584,-0.613688
13.356136,15.526221,-0.60968935
13.407236,15.465944,-0.63548595
13.478615,15.409125,-0.6456227
13.546157,15.356083,-0.64963603
13.617656,15.300081,-0.6616099
13.685396,15.245492,-0.6701516
13.755636,15.191522,-0.67284524
13.824802,15.137889,-0.6801416
13.891408,15.085136,-0.69005716
13.957343,15.034148,-0.69747096
14.025634,14.975994,-0.7071549
14.094542,14.915822,-0.7208979
14.16219,14.861407,-0.73187196
14.226421,14.80406,-0.7433002
14.294584,14.747796,-0.75361496
14.359486,14.692987,-0.76421005
14.4509115,14.615271,-0.7679347
14.511043,14.564084,-0.7689808
14.574797,14.507845,-0.77387863
14.636199,14.451727,-0.7840455
14.697966,14.395324,-0.7906007
14.758326,14.320223,-0.8107794
14.821903,14.258668,-0.8229528
14.886046,14.198295,-0.83504546
14.948086,14.137536,-0.8414788
15.014106,14.075181,-0.8542588
15.079044,14.013636,-0.8695983
15.141329,13.954184,-0.8782681
15.2061615,13.889474,-0.8887393
15.266607,13.827387,-0.9042187
15.327816,13.76761,-0.9132188
15.391918,13.703726,-0.9257262
15.454481,13.635668,-0.9418338
15.518669,13.573212,-0.94852304
15.612544,13.477876,-0.9661001
15.6733675,13.412689,-0.97708875
15.733666,13.346577,-0.9911052
15.792581,13.286862,-0.99710363
15.850302,13.223016,-1.0036007
15.909698,13.157814,-1.0120019
15.968606,13.093801,-1.0212799
16.032173,13.017196,-1.0480582
16.093496,12.94737,-1.0576189
16.15229,12.877323,-1.0696143
16.21052,12.806556,-1.0801123
16.267866,12.735663,-1.0937269
16.322823,12.664839,-1.1083844
16.380518,12.59425,-1.11735
16.434519,12.52715,-1.1218679
16.486916,12.460524,-1.1259698
16.541054,12.39012,-1.1341002
16.59555,12.318837,-1.1387311
16.646547,12.247423,-1.146491
16.695278,12.174624,-1.1517307
16.747463,12.100683,-1.1593287
16.80002,12.02618,-1.1644125
16.847847,11.957472,-1.1699176
16.894592,11.887703,-1.176661
16.939194,11.8206625,-1.1791996
16.98838,11.746175,-1.1804779
17.03321,11.672617,-1.1912918
17.07778,11.598389,-1.1992631
17.12088,11.526897,-1.2104445
17.149725,11.445064,-1.2188375
17.192085,11.372327,-1.2216762
17.231888,11.303965,-1.2214315
17.270567,11.234643,-1.2228479
17.311184,11.163083,-1.2218646
17.367556,11.054193,-1.22897
17.40286,10.984654,-1.2293209
17.438898,10.911888,-1.225921
17.47273,10.844551,-1.2203027
17.505177,10.77941,-1.2152249
17.538942,10.71263,-1.2113146
17.57174,10.644693,-1.2059246
17.602428,10.576112,-1.2032423
17.633162,10.507316,-1.2019701
17.665596,10.43448,-1.20031
17.696426,10.363682,-1.1974353
17.72651,10.294908,-1.191565
17.756008,10.229763,-1.1808249
17.785328,10.144538,-1.1629988
17.813152,10.079901,-1.1489705
17.840467,10.014144,-1.1339098
17.865198,9.94559,-1.1241833
17.888372,9.880468,-1.1157514
17.91249,9.808474,-1.104145
17.938616,9.74085,-1.0885264
17.96055,9.674083,-1.0795408
17.985874,9.609279,-1.0630639
18.008373,9.547517,-1.044945
18.027954,9.481564,-1.0304679
18.048521,9.41353,-1.0196929
18.071041,9.347761,-1.0038102
18.093922,9.280267,-0.99251026
18.114983,9.21299,-0.97644997
18.131443,9.1482725,-0.9623919
18.149588,9.089423,-0.94211984
18.181591,8.992049,-0.90704995
18.201176,8.92287,-0.8891474
18.220528,8.857723,-0.8674109
18.245674,8.785904,-0.85731643
18.264492,8.716137,-0.8397702
18.282202,8.653375,-0.8165278
18.298393,8.586046,-0.79664713
18.30999,8.522772,-0.7781993
18.328936,8.452465,-0.7570956
18.353016,8.351593,-0.7253593
18.372541,8.282521,-0.7061834
18.384806,8.219686,-0.68612665
18.39869,8.156305,-0.65943474
18.411417,8.095334,-0.6367847
18.42361,8.032413,-0.6084436
18.434864,7.9725814,-0.5839402
18.451674,7.9116526,-0.5623756
18.458242,7.8495965,-0.53635365
18.471521,7.7859983,-0.51347786
18.483877,7.721092,-0.48973826
18.497938,7.654361,-0.46480227
18.51122,7.5907617,-0.44183594
18.525894,7.5227604,-0.4166691
18.536608,7.43633,-0.3995574
18.548155,7.367793,-0.37449855
18.560347,7.2992454,-0.35270712
18.575062,7.226709,-0.32812932
18.58805,7.1555233,-0.31033403
18.60002,7.0855002,-0.28819713
18.610868,7.01668,-0.2659606
18.626421,6.94555,-0.2402451
18.637434,6.875581,-0.21770608
18.65018,6.801296,-0.19548446
18.662449,6.7265487,-0.18334484
18.674566,6.6552105,-0.16046482
18.68579,6.583304,-0.13821846
18.697857,6.5184383,-0.108561106
18.708551,6.4511156,-0.08264227
18.719242,6.3846016,-0.059432816
18.730268,6.3169546,-0.033209775
18.739029,6.2520337,-0.0070500355
18.748264,6.1852646,0.020735914
18.763577,6.0879946,0.06433801
18.773138,6.022619,0.090012416
18.7751,5.9520097,0.1052212
18.785147,5.8888516,0.1364003
18.793526,5.8280945,0.16511849
18.803535,5.764023,0.19979413
18.812689,5.70063,0.2264822
18.821531,5.6350236,0.2534833
18.8344899918176,5.5374289478775,0.293082979597082
