-0,-0,-0,-0,-0.016477427006939,-0.218927349152316,0.0255489408571996,0
-0,-0,-0,-0,-0.0166822313416921,-0.221786020561484,0.0256077106099519,0
-0,-0,-0,-0,-0.0167994763030102,-0.224652240418677,0.0255584410262762,0
-0,-0,-0,-0,-0.0169448531496605,-0.227509383195031,0.0255228150518913,0
-0,-0,-0,-0,-0.0169977013296622,-0.230392263275846,0.0255108247869467,0
-0,-0,-0,-0,-0.0173489819412547,-0.233251431758473,0.0255497987921457,0
-0,-0,-0,-0,-0.017785557274465,-0.236128343930267,0.0255740205909454,0
-0,-0,-0,-0,-0.0179045018825135,-0.238979208573579,0.0258093190782155,0
-0,-0,-0,-0,-0.0181185441779016,-0.241845104521779,0.0256871685348021,0
-0,-0,-0,-0,-0.0184011010677725,-0.244713822184096,0.0256626350741304,0
-0,-0,-0,-0,-0.0189048434402802,-0.247562690409254,0.0258112038125347,0
-0,-0,-0,-0,-0.0191994736906135,-0.250434461515896,0.025859324388385,0
-0,-0,-0,-0,-0.0193584189098922,-0.253302241713111,0.0257450568267302,0
-0,-0,-0,-0,-0.0195010626011402,-0.256169268404589,0.0255569740159576,0
-0,-0,-0,-0,-0.0195701799314718,-0.259034086081396,0.0256542379272453,0
-0,-0,-0,-0,-0.0200700538974256,-0.261904728071211,0.0257302911233061,0
-0,-0,-0,-0,-0.0204463170626,-0.264769029414385,0.0256514235491145,0
-0,-0,-0,-0,-0.0204972044550962,-0.267636193953171,0.0254267379418901,0
-0,-0,-0,-0,-0.0207684604908578,-0.270488466827904,0.0254364979126721,0
-0,-0,-0,-0,-0.0208580753049638,-0.273357567437711,0.0254563826858654,0
-0,-0,-0,-0,-0.0211940290120268,-0.276219708217592,0.0254100231764415,0
-0,-0,-0,-0,-0.0213334909515901,-0.279081648647635,0.0254503100947789,0
-0,-0,-0,-0,-0.0216454805418051,-0.281953592767155,0.0253547820897794,0
-0,-0,-0,-0,-0.0220063350775017,-0.284820329949259,0.0254454455141586,0
-0,-0,-0,-0,-0.0221374136795523,-0.287696562146708,0.0254508462216036,0
-0,-0,-0,-0,-0.0225581573192305,-0.290559159395047,0.0251979717558117,0
-0,-0,-0,-0,-0.0227198361152382,-0.293424240157741,0.0250789719358507,0
-0,-0,-0,-0,-0.0230053208294881,-0.296293963307617,0.027211923458084,0
-0,-0,-0,-0,-0.0232479869665601,-0.29913366193914,0.0271671944991696,0
-0,-0,-0,-0,-0.0237614289373333,-0.302009631189974,0.0267688922078765,0
-0,-0,-0,-0,-0.0240100378509362,-0.304871526460836,0.0269763184028167,0
-0,-0,-0,-0,-0.0241820061507764,-0.307727715460967,0.0269751823228701,0
-0,-0,-0,-0,-0.0244515951082284,-0.310602694028058,0.0249657581171139,0
-0,-0,-0,-0,-0.0248018293501687,-0.313467372341078,0.0250207821245473,0
-0,-0,-0,-0,-0.0255000515169347,-0.316343656417356,0.0252599716470114,0
-0,-0,-0,-0,-0.0254800764068095,-0.319212256800039,0.0253681070608799,0
-0,-0,-0,-0,-0.0257103128764755,-0.322064438203806,0.0256752581372907,0
-0,-0,-0,-0,-0.0260287075429337,-0.324939450243113,0.0269274803712722,0
-0,-0,-0,-0,-0.0260656741313516,-0.32778496351705,0.0270287851240083,0
-0,-0,-0,-0,-0.0264021983131009,-0.330652911070231,0.02714385205726,0
-0,-0,-0,-0,-0.0263220486115042,-0.333522459687135,0.0270597344270274,0
-0,-0,-0,-0,-0.0263442915039845,-0.336383508382344,0.0260061023443107,0
-0,-0,-0,-0,-0.0266024158947338,-0.339246947472811,0.0252914588106797,0
-0,-0,-0,-0,-0.0267100156807322,-0.342116669510201,0.0252004419532193,0
-0,-0,-0,-0,-0.0267293692835402,-0.344985790993528,0.0251377763596627,0
-0,-0,-0,-0,-0.0267615480480521,-0.347850082716188,0.0252947839935694,0
-0,-0,-0,-0,-0.0270475449949084,-0.350714057040505,0.025321760816602,0
-0,-0,-0,-0,-0.0272558913588832,-0.353576356882552,0.0253462690493211,0
-0,-0,-0,-0,-0.0272885638368709,-0.356442201507197,0.0255008376494354,0
-0,-0,-0,-0,-0.0270378392114679,-0.359301224241663,0.0270890066663081,0
-0,-0,-0,-0,-0.0274053270115926,-0.362172606221214,0.0274709766148463,0
-0,-0,-0,-0,-0.0273053509154048,-0.365051394871266,0.0275526704171415,0
-0,-0,-0,-0,-0.0270374300207893,-0.367920205244875,0.0273784905136484,0
-0,-0,-0,-0,-0.027553469077767,-0.370767402992071,0.0276192302997223,0
-0,-0,-0,-0,-0.0274889289163594,-0.373635286349915,0.0277972230248556,0
-0,-0,-0,-0,-0.0274582696510998,-0.376507076759921,0.0276316480836719,0
-0,-0,-0,-0,-0.0276984986985329,-0.37935767449337,0.0275047762751574,0
-0,-0,-0,-0,-0.0277949845977937,-0.382232717354718,0.0276586787757361,0
-0,-0,-0,-0,-0.0282545361847591,-0.385093628723301,0.0279506714086219,0
-0,-0,-0,-0,-0.0282655552282781,-0.387950008264613,0.0278672314916434,0
-0,-0,-0,-0,-0.0285101683144982,-0.390801406185529,0.0279092915413367,0
-0,-0,-0,-0,-0.0289984079835687,-0.393688017156536,0.0279779709760011,0
-0,-0,-0,-0,-0.0290516560737165,-0.396558138868149,0.0278375314533582,0
-0,-0,-0,-0,-0.0292772379771609,-0.399423083520033,0.0268778300691832,0
-0,-0,-0,-0,-0.0295785263644474,-0.402282512790734,0.0259136779482777,0
-0,-0,-0,-0,-0.0299138876867331,-0.40515104187203,0.0259022070299119,0
-0,-0,-0,-0,-0.030272101069624,-0.40801228084767,0.0260611197164173,0
-0,-0,-0,-0,-0.0307725081701831,-0.410869332477196,0.0257834395550523,0
-0,-0,-0,-0,-0.0311847339546754,-0.413745155282021,0.0256764273526269,0
-0,-0,-0,-0,-0.0312270794484118,-0.416615956077912,0.0255192599617853,0
-0,-0,-0,-0,-0.0315295161384381,-0.419487939323383,0.0255423045012395,0
0,-0,-0,-0,-0.00980875491025338,-0.217680976535828,0.0464289759396264,0
0,-0,-0,-0,-0.0099727296183012,-0.220535843184873,0.0420059769218225,0
0,-0,-0,-0,-0.010130939387367,-0.223405344239798,0.0423621663882712,0
0,-0,-0,-0,-0.00997816711296388,-0.226268521132911,0.0402799073793731,0
0,-0,-0,-0,-0.0100466457820775,-0.22912252965086,0.0404273177595412,0
0,-0,-0,-0,-0.0103362966826086,-0.231989115596867,0.0407971059061993,0
-0,-0,-0,-0,-0.0105300710724769,-0.234858529083034,0.0388931195848714,0
-0,-0,-0,-0,-0.0106260585991719,-0.237719155064583,0.036977293760193,0
-0,-0,-0,-0,-0.0110609598054618,-0.240596647285923,0.0352176994517035,0
-0,-0,-0,-0,-0.0113885389513808,-0.243452085040382,0.0354882781257893,0
-0,-0,-0,-0,-0.0113715722265843,-0.246321624597139,0.0356391129922951,0
-0,-0,-0,-0,-0.0116092502573714,-0.249187450229247,0.0358320454932919,0
-0,-0,-0,-0,-0.0119408162022033,-0.252041111930523,0.0358504728028395,0
-0,-0,-0,-0,-0.0120569330497393,-0.254922515621939,0.0437751492175367,0
0,-0,-0,-0,-0.0120784857564155,-0.257776779713311,0.043772150229803,0
-0,-0,-0,-0,-0.0126792894645594,-0.260633978043871,0.0422633601939499,0
-0,-0,-0,-0,-0.0131647729104152,-0.263520526165142,0.0422820425550982,0
-0,-0,-0,-0,-0.0131813194045568,-0.266388252361604,0.0423382546066576,0
-0,-0,-0,-0,-0.013634704219631,-0.269250588054657,0.0404706585703861,0
-0,-0,-0,-0,-0.0143003974867867,-0.272102606933331,0.0407128258445006,0
-0,-0,-0,-0,-0.0148155973319544,-0.274968353983866,0.0388047308161182,0
-0,-0,-0,-0,-0.0152391480631913,-0.277832431820038,0.0389657079886586,0
-0,-0,-0,-0,-0.0158272336617936,-0.280700756309688,0.038679739911407,0
-0,-0,-0,-0,-0.0165009511249592,-0.283560307902795,0.0371833494558447,0
-0,-0,-0,-0,-0.016828629764949,-0.286435261407719,0.0373396107716885,0
-0,-0,-0,-0,-0.0174125809431812,-0.289286307055083,0.0334002049849665,0
-0,-0,-0,-0,-0.0181011352823441,-0.292161803104872,0.0333897414801964,0
-0,-0,-0,-0,-0.0189175161486201,-0.295028232954442,0.0335963275514052,0
-0,-0,-0,-0,-0.0196404227925561,-0.297891821026442,0.0336624967249669,0
-0,-0,-0,-0,-0.0202883173440606,-0.300757864506931,0.0336136339168477,0
-0,-0,-0,-0,-0.0208768793261983,-0.303619923183137,0.0376242037656002,0
-0,-0,-0,-0,-0.021587598051301,-0.306481292012939,0.0377040814823485,0
-0,-0,-0,-0,-0.0221833031482652,-0.309344864671819,0.0350332245934761,0
-0,-0,-0,-0,-0.0229488647908229,-0.312217704292729,0.0337196558211072,0
-0,-0,-0,-0,-0.0233178997980727,-0.315078435989248,0.0335975300569675,0
-0,-0,-0,-0,-0.0241830459431938,-0.317950406593718,0.0238463345442014,0
-0,-0,-0,-0,-0.0249371342333039,-0.320821073369377,0.0237453046173525,0
-0,-0,-0,-0,-0.025088908112842,-0.323677506155637,0.0166492885873768,0
-0,-0,-0,-0,-0.0256120362716753,-0.326538951787477,0.0158434113487318,0
-0,-0,-0,-0,-0.0264138281611867,-0.329404825093228,0.0155819645776067,0
-0,-0,-0,-0,-0.0271717352165643,-0.332264283793358,0.00812291035737587,0
-0,-0,-0,-0,-0.0277467349053544,-0.335128351212404,0.00819514937478484,0
-0,-0,-0,-0,-0.027912159892926,-0.337997466699273,0.0271628573275413,0
-0,-0,-0,-0,-0.0282098286127654,-0.340852268011954,0.0270279695576484,0
-0,-0,-0,-0,-0.0286011395470743,-0.343740143655217,0.0347962897682571,0
-0,-0,-0,-0,-0.0293353204708805,-0.346594039655144,0.058439731525192,0
-0,-0,-0,-0,-0.029711544234983,-0.349469050883919,0.0581890459738253,0
-0,-0,-0,-0,-0.0298690980805716,-0.352311177565831,0.0698172128299172,0
-0,-0,-0,-0,-0.029955911890793,-0.355184425699856,0.0699122674994959,0
-0,-0,-0,-0,-0.0303298920788745,-0.358053655784835,0.079091733645439,0
-0,-0,-0,-0,-0.0306131010203519,-0.360921122484368,0.0891119493825479,0
-0,-0,-0,-0,-0.03072972604449,-0.363782137794201,0.0890313214847887,0
-0,-0,-0,-0,-0.0311411056200609,-0.366654028015326,0.0891381242824931,0
-0,-0,-0,-0,-0.0316594761461985,-0.369516046220814,0.0888765911258473,0
-0,-0,-0,-0,-0.0320929736903878,-0.372384355736947,0.103509704281995,0
-0,-0,-0,-0,-0.0322950300308693,-0.375254957824088,0.109778363261527,0
-0,-0,-0,-0,-0.0322936814571172,-0.378116194749593,0.109687890828703,0
-0,-0,-0,-0,-0.0327396389919478,-0.380982419932246,0.109486528662714,0
-0,-0,-0,-0,-0.033204597933163,-0.383834427943101,0.108999254587843,0
-0,-0,-0,-0,-0.0336532952923734,-0.386701553855147,0.108900086581665,0
-0,-0,-0,-0,-0.0340362047098048,-0.389567397205114,0.108663236561147,0
-0,-0,0,-0,-0.0336471202363259,-0.392422442569439,0.108002158084145,0
-0,-0,0,-0,-0.0341066693567935,-0.395296918356064,0.0961138747141004,0
-0,-0,0,-0,-0.0339789116795967,-0.398161270619235,0.0955257882130462,0
-0,-0,0,-0,-0.0341346095418464,-0.401036938482608,0.0855354090933482,0
-0,-0,0,-0,-0.033828350672491,-0.403895357776301,0.0851593824296105,0
-0,-0,0,-0,-0.0338574656224494,-0.406761509808221,0.0843740257028534,0
-0,-0,0,-0,-0.0337051404234257,-0.409629233575298,0.0824829978988621,0
-0,-0,0,-0,-0.0333767761542857,-0.412488323905871,0.0820696699161481,0
-0,-0,0,-0,-0.0333915312541382,-0.415350866260652,0.0760193849491382,0
-0,-0,0,-0,-0.0331444935046854,-0.418217624598372,0.0757655510934984,0
-0,-0,-0,-0,-0.0233181284677334,-0.174285678902216,-0.0690392114448503,0
-0,-0,-0,-0,-0.0240149810195702,-0.176205559991475,-0.0688444863839763,0
-0,-0,-0,-0,-0.0246912422285238,-0.17811936273244,-0.0646495358075366,0
-0,-0,-0,-0,-0.0250585768386296,-0.180030730234988,-0.0628249755751387,0
-0,-0,-0,-0,-0.0258936812143307,-0.181943134302651,-0.0625653840794731,0
-0,-0,-0,-0,-0.0262243650853741,-0.18384762791826,-0.0680837149564753,0
-0,-0,-0,-0,-0.0274860817040464,-0.185755937187026,-0.0679756095526986,0
-0,-0,-0,-0,-0.0277154982278984,-0.187660124580048,-0.0699091423534288,0
-0,-0,-0,-0,-0.0286083242945524,-0.189576561668552,-0.0696029225884666,0
-0,-0,-0,-0,-0.0297484820172715,-0.191494108486776,-0.0698884587889895,0
-0,-0,-0,-0,-0.0305549266087427,-0.193406516260659,-0.0752414526139315,0
-0,-0,-0,-0,-0.0314008215533502,-0.195306735590809,-0.075029857173287,0
-0,-0,-0,-0,-0.0319059104277336,-0.197213870040938,-0.0847442177405386,0
-0,-0,-0,-0,-0.0330538564209518,-0.199131727249284,-0.0844911202205305,0
-0,-0,-0,-0,-0.033419451980996,-0.201031181884189,-0.0840863753586607,0
-0,-0,-0,-0,-0.0344530072755829,-0.202948450818117,-0.0826387784022625,0
-0,-0,-0,-0,-0.0352807995886554,-0.204853656450274,-0.0825152036168101,0
-0,-0,-0,-0,-0.0359895841530108,-0.206763210749606,-0.0776314618224019,0
-0,-0,-0,-0,-0.0374543357167149,-0.208667925247211,-0.0708607734681098,0
-0,-0,-0,-0,-0.0382112406191044,-0.21058578278163,-0.060890977578128,0
-0,-0,-0,-0,-0.0391384520854311,-0.212500544322295,-0.0512694535438689,0
-0,-0,-0,-0,-0.0401010286669504,-0.214409780330946,-0.0513797612618042,0
-0,-0,-0,-0,-0.0406349518833189,-0.216318842490889,-0.0438333227293351,0
-0,-0,-0,-0,-0.0415949848611418,-0.21822788854506,-0.0436778786287549,0
-0,-0,-0,-0,-0.0423348336610782,-0.220143793808681,-0.0307054549471047,0
-0,-0,-0,-0,-0.0429736026666286,-0.222041153951185,-0.0263157309417201,0
-0,-0,-0,-0,-0.0442173123835917,-0.223961719976177,-0.0265387505808606,0
-0,-0,-0,-0,-0.0444962715174203,-0.22587490072731,0.00804948095811479,0
-0,-0,-0,-0,-0.0452634807022763,-0.22779120833701,0.00818733969410724,0
-0,-0,-0,-0,-0.0462051086915842,-0.229686246043023,0.0360163303644478,0
-0,-0,-0,-0,-0.0465060928792658,-0.231600024441359,0.0364348250685272,0
-0,-0,-0,-0,-0.0469991396755797,-0.233510907868931,0.0369607571432226,0
-0,-0,-0,-0,-0.0473754790565997,-0.235409845796961,0.0496616419938216,0
-0,-0,-0,-0,-0.0477723940282219,-0.237324349913957,0.049206924348286,0
-0,-0,-0,-0,-0.0480121223370179,-0.239236423105834,0.0719290101413561,0
-0,-0,-0,-0,-0.0483056223157758,-0.241142639949237,0.0713378743011553,0
-0,-0,-0,-0,-0.0484773515282765,-0.243047794004444,0.0714118498836596,0
-0,-0,-0,-0,-0.0482618473235835,-0.244969236721282,0.072343203167089,0
-0,-0,-0,-0,-0.0485821955304229,-0.246879751159034,0.0716869185407257,0
-0,-0,0,-0,-0.0485981659364575,-0.248790740110376,0.0904054961654667,0
-0,-0,0,-0,-0.0481790138609252,-0.2506948496786,0.0899344434108507,0
-0,-0,0,-0,-0.048285464462995,-0.252606518153026,0.0925932562551599,0
-0,-0,0,-0,-0.0480291955376383,-0.254513792837707,0.094513048799819,0
-0,-0,0,-0,-0.0475116906694392,-0.256422921523892,0.0938520296430053,0
-0,-0,0,-0,-0.0470276037100569,-0.258337034905008,0.0895093417768644,0
-0,-0,0,-0,-0.0469381245186344,-0.260248462853467,0.0887832690823446,0
-0,-0,0,-0,-0.0465227651433703,-0.262165539452762,0.0879961000925641,0
-0,-0,0,-0,-0.0457402463557128,-0.264065063180339,0.0875415296500135,0
-0,-0,0,-0,-0.0452297435804818,-0.265978194334691,0.0868875819492567,0
-0,-0,0,-0,-0.0444861585423108,-0.267884998895177,0.0939602115077118,0
-0,-0,0,-0,-0.0441806469788069,-0.269791574352093,0.0933930011327699,0
-0,-0,0,-0,-0.0431592002004816,-0.271707029512199,0.10056649640359,0
0,-0,0,-0,-0.0421848592974918,-0.273615541910338,0.100462319359274,0
0,-0,0,-0,-0.0411405383084335,-0.275525199673404,0.100003331876351,0
0,-0,0,-0,-0.0403897838725114,-0.277435983431415,0.103096486491043,0
0,-0,0,-0,-0.0390128402932449,-0.279346274996227,0.102832233853377,0
0,-0,0,-0,-0.0380565079737613,-0.281264844156092,0.100654217811267,0
0,-0,0,-0,-0.037095521113449,-0.283164561244562,0.100381924463093,0
0,-0,0,-0,-0.0364955513744418,-0.285075321313194,0.0987615941204429,0
0,-0,0,-0,-0.0351279552595123,-0.286985289038015,0.0954790196258891,0
0,-0,0,-0,-0.0335847279900185,-0.288893479390728,0.0952719258773455,0
0,-0,0,-0,-0.0319868952466676,-0.290803314112723,0.0912055318168467,0
0,-0,0,-0,-0.0310420850524118,-0.292720164627668,0.0909825237802852,0
0,-0,0,-0,-0.0296757046387952,-0.294630175499534,0.088762447272933,0
0,-0,0,-0,-0.0282368886580471,-0.296539639347272,0.0867045323627626,0
0,-0,0,-0,-0.0264949229286021,-0.298446578912015,0.086721886581002,0
0,-0,0,-0,-0.0249253723076969,-0.300358651790412,0.0790390665042426,0
0,-0,0,-0,-0.0235108862852063,-0.302264261685493,0.0792673268746855,0
0,-0,0,-0,-0.0222989929613017,-0.304173462428998,0.0749183530904658,0
0,-0,0,-0,-0.0208839786846096,-0.306089957704776,0.0734971870943727,0
0,-0,0,-0,-0.01962733640065,-0.307998139363154,0.0738436416415491,0
0,-0,0,-0,-0.0181633338722321,-0.309904590335981,0.0702146976248642,0
0,-0,0,-0,-0.0169134510464687,-0.311816948609889,0.0703533926487349,0
0,-0,0,-0,-0.0159498187066647,-0.313729600513006,0.0591910257336199,0
0,-0,0,-0,-0.0149846177357933,-0.315641852987298,0.0595900511074288,0
0,-0,0,-0,-0.013867839204169,-0.317540841554977,0.0596666233364436,0
0,-0,0,-0,-0.0128396979078463,-0.319454575949731,0.0581974052887309,0
0,-0,0,-0,-0.011893256701517,-0.321365896182277,0.0587187000776464,0
0,-0,0,-0,-0.0108373974147418,-0.323268819671915,0.0570610314152673,0
0,-0,0,-0,-0.00971909078412248,-0.325203428716026,0.0573394132577738,0
0,-0,0,-0,-0.00907386727146783,-0.327102394249293,0.0579037867870376,0
-0,-0,-0,-0,-0.0239999680347177,-0.195870547912248,-0.0556249184185266,0
-0,-0,-0,-0,-0.0241065495551427,-0.197301809982032,-0.0550630238327179,0
-0,-0,-0,-0,-0.0243427924139176,-0.198738415756163,-0.054903518564631,0
-0,-0,-0,-0,-0.0245792062023702,-0.200162586450522,-0.0530588151950602,0
-0,-0,-0,-0,-0.0245281406468966,-0.20159819161561,-0.0530580718149606,0
-0,-0,-0,-0,-0.0249107316951945,-0.20303460600669,-0.0586614938605911,0
-0,-0,-0,-0,-0.0251680530301643,-0.204464176217595,-0.0587295669309401,0
-0,-0,-0,-0,-0.0255633454023707,-0.205900297988342,-0.0590801274595921,0
-0,-0,-0,-0,-0.0255531719040684,-0.207329375842742,-0.0589611313564943,0
-0,-0,-0,-0,-0.0258849039792862,-0.208767496245254,-0.0589204755839025,0
-0,-0,-0,-0,-0.0259976231553118,-0.210196309465493,-0.0569958866716518,0
-0,-0,-0,-0,-0.02615987354008,-0.211624945931235,-0.0570470044677391,0
-0,-0,-0,-0,-0.0261736229301636,-0.21305960301159,-0.0551635992228489,0
-0,-0,-0,-0,-0.0266071773122009,-0.21449104662601,-0.0532569556448334,0
-0,-0,-0,-0,-0.0266823895214995,-0.215918976694412,-0.0533038733669671,0
-0,-0,-0,-0,-0.0270342103165453,-0.217356911608174,-0.053326475654426,0
-0,-0,-0,-0,-0.027249337161197,-0.218791124065731,-0.0533737869950494,0
-0,-0,-0,-0,-0.027175118279078,-0.220227975764063,-0.0490758099754526,0
-0,-0,-0,-0,-0.0273621882456704,-0.221655732958983,-0.0473949123683969,0
-0,-0,-0,-0,-0.0279416668972651,-0.223091255727496,-0.0476049944406423,0
-0,-0,-0,-0,-0.028027389919221,-0.224520542072304,-0.0398838262545944,0
-0,-0,-0,-0,-0.0281864270882551,-0.225947957059619,-0.0399221664233302,0
-0,-0,-0,-0,-0.0282708158087625,-0.227392199817572,-0.0325297632228844,0
-0,-0,-0,-0,-0.0283292619290631,-0.228822236597631,-0.0322717739633701,0
-0,-0,-0,-0,-0.0287559163506383,-0.230258949010015,-0.0321786439419553,0
-0,-0,-0,-0,-0.0289317984943101,-0.231682451292037,-0.0302711680516554,0
-0,-0,-0,-0,-0.0293778475531875,-0.233113017268861,-0.0303323102162889,0
-0,-0,-0,-0,-0.0294846593278682,-0.234550927126483,-0.0304833135838444,0
-0,-0,-0,-0,-0.0296812481792832,-0.235971009937381,-0.0303997688575171,0
-0,-0,-0,-0,-0.030076155735176,-0.237410586273767,-0.0304858488925195,0
-0,-0,-0,-0,-0.0304270842066972,-0.238847635536236,-0.0306907724606897,0
-0,-0,-0,-0,-0.0308413081372356,-0.240274226401955,-0.03081157429859,0
-0,-0,-0,-0,-0.0311010092617775,-0.241703072008543,-0.0309696780103107,0
-0,-0,-0,-0,-0.0311715764339819,-0.24314080436263,-0.0308131955697129,0
-0,-0,-0,-0,-0.0314373491338126,-0.244578223182658,-0.0318901311049812,0
-0,-0,-0,-0,-0.0315462370086843,-0.24600989510296,-0.0330278272044219,0
-0,-0,-0,-0,-0.0317497987264746,-0.247436595628117,-0.0330373639367796,0
-0,-0,-0,-0,-0.0319411544900298,-0.248872714789353,-0.0332010746768749,0
-0,-0,-0,-0,-0.0323815066039042,-0.25030380614179,-0.0332819723203669,0
-0,-0,-0,-0,-0.0325544689828333,-0.251736020496315,-0.0348394259636341,0
-0,-0,-0,-0,-0.0327626335117743,-0.253170710430162,-0.0354446659386844,0
-0,-0,0,-0,-0.0326881283572466,-0.254607242629476,-0.0354516266046114,0
-0,-0,0,-0,-0.0327396663074767,-0.256038251362803,-0.0356042070182005,0
-0,-0,0,-0,-0.0328838064679842,-0.257466178476989,-0.0358262788257629,0
-0,-0,0,-0,-0.0332160136200224,-0.258900364984364,-0.0338798630880314,0
-0,-0,0,-0,-0.0334909603291544,-0.260330913473684,-0.0337926400232096,0
-0,-0,0,-0,-0.0333485812603262,-0.261761954508179,-0.0339798482298964,0
-0,-0,0,-0,-0.0336373013260507,-0.263196043761632,-0.0343926393871086,0
-0,-0,0,-0,-0.0338551518876274,-0.264629311928525,-0.0341975032352531,0
-0,-0,0,-0,-0.033845361325187,-0.266063821629092,-0.0400106734370686,0
-0,-0,0,-0,-0.0341394231775549,-0.267500091205243,-0.0401012353758101,0
-0,-0,0,-0,-0.0341333277334734,-0.268928402723525,-0.0418856709103082,0
-0,-0,0,-0,-0.0344824992846542,-0.270365304337548,-0.0460938071925812,0
-0,-0,0,-0,-0.0345057494668931,-0.271790238534747,-0.0461314867891272,0
-0,-0,0,-0,-0.0344860881786498,-0.273222641070373,-0.0442228151043521,0
-0,-0,0,-0,-0.034891837185598,-0.274657335919191,-0.0444993945698504,0
-0,-0,0,-0,-0.0348693733972868,-0.27608704709366,-0.0442966052705881,0
-0,-0,0,-0,-0.0350114222149456,-0.277524998012801,-0.0441507422321138,0
-0,-0,0,-0,-0.0353046952572891,-0.278960890751322,-0.0442725684044754,0
-0,-0,0,-0,-0.0354139854924166,-0.28039139237907,-0.0441643315616216,0
-0,-0,0,-0,-0.0356042376567367,-0.281822876125383,-0.0439590141575394,0
-0,-0,0,-0,-0.0356107885558384,-0.283247252445499,-0.0441794671148986,0
-0,-0,0,-0,-0.0354120537569077,-0.284686242735764,-0.0442739342102299,0
-0,-0,0,-0,-0.0352874403010333,-0.286120071968285,-0.0441561753491044,0
-0,-0,0,-0,-0.0354892924143798,-0.287552901280881,-0.0460414849375083,0
-0,-0,0,-0,-0.0350533699058543,-0.288982033330031,-0.0459425907037509,0
-0,-0,0,-0,-0.0352136520839699,-0.290415836989113,-0.0458502569880904,0
-0,-0,-0,-0,-0.0350361121948678,-0.291844772516883,-0.0438907094552757,0
-0,-0,-0,-0,-0.0344838080896603,-0.293276853887984,-0.0437336816754206,0
-0,-0,-0,-0,-0.0344349044596545,-0.294710669703356,-0.037920085050102,0
-0,-0,-0,-0,-0.0344919218993024,-0.296141391300163,-0.0379102553913364,0
-0,-0,-0,-0,-0.0342838626058721,-0.297572711975611,-0.0339449371969557,0
-0,-0,-0,-0,-0.0343315717995048,-0.299015335706371,-0.0337782860431157,0
-0,-0,-0,-0,-0.0344106515514281,-0.300441690134298,-0.0330996950991225,0
-0,-0,-0,-0,-0.0345849974519757,-0.301880101892708,-0.0316746187845848,0
-0,-0,-0,-0,-0.034408474863681,-0.30330246710134,-0.0314784950677559,0
-0,-0,-0,-0,-0.0345199321594804,-0.304739495623007,-0.0237025867745853,0
-0,-0,-0,-0,-0.0348248713744154,-0.306175085149599,-0.0236418555481246,0
-0,-0,-0,-0,-0.0346870316327194,-0.307602972987713,-0.0147369296180808,0
-0,-0,-0,-0,-0.034916121797017,-0.309038439394115,-0.00601738277673404,0
-0,-0,-0,-0,-0.0355510404349108,-0.310473672403889,-0.00594888259065537,0
-0,-0,-0,-0,-0.0353172198935121,-0.311904085778972,0.0211207766221437,0
-0,-0,-0,-0,-0.0352338316482418,-0.313338243090251,0.0211821454360945,0
-0,-0,-0,-0,-0.0353479214663283,-0.314771500906523,0.0383471694027633,0
-0,-0,-0,-0,-0.0352437794220226,-0.316196543209682,0.0443634557099692,0
-0,-0,-0,-0,-0.0350739253027786,-0.317634980977094,0.0442982212845924,0
-0,-0,-0,-0,-0.0353598150211866,-0.319073179594064,0.0540979316823382,0
-0,-0,-0,-0,-0.0350139294603878,-0.32049268847547,0.0539803720987824,0
-0,-0,-0,-0,-0.0348579363846681,-0.321930273311317,0.0576143341352256,0
-0,-0,-0,-0,-0.0353721400064763,-0.32336573127474,0.057523321572606,0
-0,-0,-0,-0,-0.0351565141976005,-0.324793656730169,0.0576752658909501,0
-0,-0,-0,-0,-0.0348957409813953,-0.326226339540296,0.0590988080988549,0
-0,-0,-0,-0,-0.0350032246342608,-0.327663225648073,0.0588414037055181,0
-0,-0,-0,-0,-0.034854431531234,-0.329090003631495,0.0587217548143717,0
-0,-0,0,-0,-0.034598965455764,-0.330530479114876,0.0586502151537356,0
-0,-0,0,-0,-0.0344795416290123,-0.331957853171713,0.0570028702776099,0
-0,-0,0,-0,-0.0341013013542437,-0.33339796872844,0.0538499658292891,0
-0,-0,0,-0,-0.0339660284063535,-0.334823695405713,0.053771960433063,0
-0,-0,0,-0,-0.0338165610071959,-0.336255015445272,0.0516145076051995,0
-0,-0,0,-0,-0.0335839389014887,-0.337689652349374,0.0511369109304142,0
-0,-0,0,-0,-0.0332861024290088,-0.339124652519866,0.0508889707267107,0
-0,-0,-0,-0,-0.0396496281775769,-0.105392792131441,-0.0272270734146281,0
-0,-0,-0,-0,-0.0399954168688232,-0.106826289157651,-0.0274200816278365,0
-0,-0,-0,-0,-0.0401943703259093,-0.108262768628807,-0.0259869775760378,0
-0,-0,-0,-0,-0.0405470827331084,-0.109696213699505,-0.0259031032501308,0
-0,-0,-0,-0,-0.0403952522124722,-0.111128526507074,-0.0260931100333117,0
-0,-0,-0,-0,-0.0404952151844546,-0.112567535148554,-0.026156368234837,0
-0,-0,-0,-0,-0.0408026671526878,-0.113986495395131,-0.0262302114073199,0
-0,-0,-0,-0,-0.041267861600343,-0.115419187703843,-0.0263662157410282,0
-0,-0,-0,-0,-0.0416802975286035,-0.116854248503892,-0.026608968689569,0
-0,-0,-0,-0,-0.042022467941349,-0.118284186993451,-0.0268413728586419,0
-0,-0,-0,-0,-0.0420935200390797,-0.119722479604784,-0.0269133373823632,0
-0,-0,0,-0,-0.0422708858330793,-0.121151040723743,-0.0293839816287652,0
-0,-0,0,-0,-0.0427548366864157,-0.122587496883381,-0.0311930331012858,0
-0,-0,0,-0,-0.0429630653920429,-0.124014626240148,-0.0312866247443488,0
-0,-0,0,-0,-0.0428766582497478,-0.1254465770017,-0.0334212323058004,0
-0,-0,0,-0,-0.0426566848340533,-0.126882605341509,-0.0337132944286082,0
-0,-0,0,-0,-0.0425222993814356,-0.128318332184213,-0.038548052073448,0
-0,-0,0,-0,-0.0424305531876715,-0.129750278018191,-0.0397030684569093,0
-0,-0,0,-0,-0.0427122069838373,-0.131183298389028,-0.039717644694345,0
-0,-0,0,-0,-0.042362065825867,-0.132612572446253,-0.0474590330729137,0
-0,-0,0,-0,-0.0423575066176097,-0.134047835764702,-0.0475600884350807,0
-0,-0,0,-0,-0.0422639745324769,-0.135476454857585,-0.0514543564515336,0
-0,-0,0,-0,-0.0417166003061834,-0.136908638826276,-0.051536647421835,0
-0,-0,0,-0,-0.0413549514699572,-0.138341965810642,-0.0518125064665453,0
-0,-0,0,-0,-0.0415183632644947,-0.139770343137818,-0.0533619354076595,0
-0,-0,0,-0,-0.0413643806016295,-0.141214184260611,-0.0533196129080758,0
-0,-0,0,-0,-0.0410236575845497,-0.142639103661436,-0.0550495703599866,0
-0,-0,0,-0,-0.0409631488467153,-0.144074999736719,-0.0548663525208956,0
-0,-0,0,-0,-0.0411037584575727,-0.145500464775366,-0.0555408730262197,0
-0,-0,0,-0,-0.0409692445108521,-0.146934402620902,-0.0568199421818241,0
-0,-0,-0,-0,-0.040574524852693,-0.148369088332497,-0.0566571288592343,0
-0,-0,-0,-0,-0.0404509376144869,-0.149799175354036,-0.0564538114497639,0
-0,-0,-0,-0,-0.0401916379464216,-0.151237085120536,-0.0563741568367383,0
-0,-0,-0,-0,-0.0396160913755459,-0.152666396604627,-0.0563343884465569,0
-0,-0,-0,-0,-0.039311443783904,-0.154101288221544,-0.0561065732451668,0
-0,-0,-0,-0,-0.0390432617395206,-0.155534485088452,-0.055940979364926,0
-0,-0,-0,-0,-0.0384596255834978,-0.156964410159155,-0.0557334307932983,0
-0,-0,-0,-0,-0.0381918061809935,-0.158401685976613,-0.0555986548123451,0
-0,-0,-0,-0,-0.0379798545093054,-0.159837295626565,-0.057057550409249,0
-0,-0,-0,-0,-0.0375140037553027,-0.161268901006068,-0.0573045535011833,0
-0,-0,-0,-0,-0.0375454142255268,-0.16269375431692,-0.0570695108679971,0
-0,-0,-0,-0,-0.0373825973622957,-0.164126679193625,-0.0608133886842932,0
-0,-0,-0,-0,-0.0371024876641584,-0.165565071730749,-0.0606682270260679,0
-0,-0,-0,-0,-0.0372355006870837,-0.166992017574969,-0.0605007715464482,0
-0,-0,-0,-0,-0.0367864713954517,-0.168422560096058,-0.0622078644027415,0
-0,-0,-0,-0,-0.0364541039740753,-0.169857963175088,-0.0623251362591831,0
-0,-0,-0,-0,-0.0364617066993714,-0.171278615104951,-0.0619259723590976,0
-0,-0,-0,-0,-0.0358980164638166,-0.172728053263088,-0.0617747888462191,0
-0,-0,-0,-0,-0.0360405602868887,-0.174155225548412,-0.0616369609673609,0
-0,-0,-0,-0,-0.0357366138444409,-0.175592046235209,-0.0614857363459671,0
-0,-0,-0,-0,-0.0354392832508026,-0.177012286873835,-0.0629271817461546,0
-0,-0,-0,-0,-0.0354392350906184,-0.17845135880128,-0.0651584689309922,0
-0,-0,-0,-0,-0.0350752873799965,-0.179886792880637,-0.0651125053922863,0
-0,-0,-0,-0,-0.0353201514976043,-0.18131492791566,-0.0670732819262366,0
-0,-0,-0,-0,-0.0351266445957394,-0.182748629246919,-0.0667098790530869,0
-0,-0,-0,-0,-0.0349248314066502,-0.184185807528335,-0.0654049939623558,0
-0,-0,-0,-0,-0.0350403297951291,-0.185616224642043,-0.064525582714788,0
-0,-0,-0,-0,-0.034654088490794,-0.187048322293065,-0.0646140897587226,0
-0,-0,-0,-0,-0.0350304171478126,-0.18848293600358,-0.064561555740822,0
-0,-0,-0,-0,-0.0344609251355396,-0.189913887575494,-0.0642773846460687,0
-0,-0,-0,-0,-0.0344100025156674,-0.191343914435219,-0.0610620056054575,0
-0,-0,-0,-0,-0.0341602610788628,-0.192771319626274,-0.0604567457436265,0
-0,-0,-0,-0,-0.034040684651635,-0.194208233070559,-0.0602277098902431,0
-0,-0,-0,-0,-0.0341765576755495,-0.195641171778568,-0.0583012550347245,0
-0,-0,-0,-0,-0.034024241556992,-0.197067124337098,-0.0581040964146291,0
-0,-0,-0,-0,-0.0343796112629636,-0.198509997519524,-0.0578679375172855,0
-0,-0,-0,-0,-0.0339662380218218,-0.199940282808154,-0.0581814407042773,0
-0,-0,-0,-0,-0.0343917699597845,-0.201375296308003,-0.0570951621787962,0
-0,-0,-0,-0,-0.0345551830856101,-0.20280114622507,-0.0521693126530897,0
-0,-0,-0,-0,-0.035222992000353,-0.204238365089166,-0.0520460059174328,0
-0,-0,-0,-0,-0.0350023268015205,-0.205670167251269,-0.0484311415890816,0
-0,-0,-0,-0,-0.0358495413904261,-0.207103821057156,-0.0486201648081481,0
-0,-0,-0,-0,-0.0356351396396001,-0.208535916081674,-0.0485926700268521,0
-0,-0,-0,-0,-0.0362045834126768,-0.209968606764499,-0.0487246446924583,0
-0,-0,-0,-0,-0.0358720285559268,-0.211403700694182,-0.0490962881105905,0
-0,-0,-0,-0,-0.0365364270892431,-0.212829818114916,-0.0492039147111242,0
-0,-0,-0,-0,-0.0360781492694831,-0.214262412570085,-0.0490574840694151,0
-0,-0,-0,-0,-0.0361356329964533,-0.215696521600222,-0.0494136080586106,0
-0,-0,-0,-0,-0.0359015079328871,-0.217127588793311,-0.049992809107814,0
-0,-0,-0,-0,-0.0362306145572053,-0.218559184599518,-0.0500920599005951,0
-0,-0,-0,-0,-0.0360731960849323,-0.219994944600543,-0.048274477821126,0
-0,-0,-0,-0,-0.0364584861678379,-0.221429715412004,-0.0484623313688401,0
-0,-0,-0,-0,-0.036310107443999,-0.222858946381184,-0.0488555732006774,0
-0,-0,-0,-0,-0.0366667427665237,-0.224287499606544,-0.0488927345742972,0
-0,-0,-0,-0,-0.0372583942892878,-0.225720783336229,-0.0489091037874862,0
-0,-0,-0,-0,-0.0372576402044655,-0.227159848149229,-0.0490743915466407,0
-0,-0,-0,-0,-0.0376383445585645,-0.228587081294853,-0.0494778368164471,0
-0,-0,0,-0,-0.037425161205079,-0.230022419503195,-0.0498900260507679,0
-0,-0,0,-0,-0.0385084158537514,-0.231454122048159,-0.0499937612231057,0
-0,-0,0,-0,-0.0385106422663173,-0.232889650387337,-0.0500937063293443,0
-0,-0,0,-0,-0.0391639153384491,-0.234314328635009,-0.0503559153293824,0
-0,-0,0,-0,-0.0397037771049276,-0.235754640159293,-0.0507311819034998,0
-0,-0,0,-0,-0.0395554726297045,-0.237184907489904,-0.0508010389498688,0
-0,-0,0,-0,-0.0398332157223636,-0.238614802449915,-0.0508937116354297,0
-0,-0,0,-0,-0.0394467803923226,-0.240050983154353,-0.0521322012346915,0
-0,-0,0,-0,-0.0394647660820994,-0.241482547345625,-0.0534309837264232,0
-0,-0,0,-0,-0.0394201498789379,-0.242916040755113,-0.0533829694253035,0
-0,-0,0,-0,-0.0392876780130844,-0.244348647568314,-0.0534605071633216,0
-0,-0,0,-0,-0.0395559083613549,-0.245776226393364,-0.0538319792595597,0
-0,-0,0,-0,-0.0389871885455105,-0.247207563923328,-0.054015542054363,0
-0,-0,0,-0,-0.0388699556927914,-0.248644027406218,-0.053796473841966,0
-0,-0,0,-0,-0.0389895536495739,-0.250082282609796,-0.0538373487006232,0
-0,-0,0,-0,-0.0387400582336747,-0.251510466609873,-0.0538992218571427,0
-0,-0,0,-0,-0.0385820385463411,-0.252945086244268,-0.0538934637899674,0
-0,-0,0,-0,-0.038021183190879,-0.254378406879467,-0.053782556993287,0
-0,-0,0,-0,-0.0381332682380042,-0.255803743095419,-0.053946027528541,0
-0,-0,0,-0,-0.0385382715958692,-0.257244241981765,-0.0538981095446474,0
-0,-0,0,-0,-0.0382905857258628,-0.258670966884129,-0.0538751262707613,0
-0,-0,0,-0,-0.0382741276820407,-0.260102080877204,-0.0538982984602363,0
-0,-0,0,-0,-0.0387712607229197,-0.26153639554519,-0.0518987502974048,0
-0,-0,0,-0,-0.0389165830968314,-0.262968440749141,-0.0518353264901932,0
-0,-0,0,-0,-0.0387430795382478,-0.264404583948311,-0.0517203984264173,0
-0,-0,0,-0,-0.038784443800077,-0.265835076578877,-0.0516531022539965,0
-0,-0,0,-0,-0.0388893618899033,-0.267266297987056,-0.051665515845937,0
-0,-0,0,-0,-0.0388349904014301,-0.268704453283411,-0.0515014104233061,0
-0,-0,0,-0,-0.0390858927618566,-0.270129214336338,-0.0516498206942371,0
-0,-0,0,-0,-0.0390587739829454,-0.271563036123502,-0.0521855410536936,0
-0,-0,0,-0,-0.0391232455129983,-0.272992802877296,-0.0533653569628065,0
-0,-0,-0,-0,-0.0394831922760442,-0.274429213528897,-0.053281101571809,0
-0,-0,-0,-0,-0.0398757490887777,-0.275864114460129,-0.0532375477050326,0
-0,-0,-0,-0,-0.0395805725999242,-0.277293470602681,-0.0532495572418431,0
-0,-0,-0,-0,-0.0394527801076205,-0.278729250307195,-0.0530591704731748,0
-0,-0,-0,-0,-0.0395959357285341,-0.280157412715041,-0.0528689290146956,0
-0,-0,-0,-0,-0.0400148080495196,-0.281590117756685,-0.052911713403844,0
-0,-0,-0,-0,-0.0399853783327213,-0.283024874892015,-0.0548239280344772,0
-0,-0,-0,-0,-0.0397890211404713,-0.284459946372075,-0.0548357004294057,0
-0,-0,-0,-0,-0.0398295244738798,-0.285893826057307,-0.0563530401007037,0
-0,-0,-0,-0,-0.039858138753003,-0.287321586956909,-0.0564815626414843,0
-0,-0,-0,-0,-0.0396705246969901,-0.288762513420015,-0.0565527772583543,0
-0,-0,-0,-0,-0.0398960923093423,-0.29019171597026,-0.0565084851136972,0
-0,-0,-0,-0,-0.0398375336247709,-0.291616883495881,-0.0563126855185865,0
-0,-0,-0,-0,-0.0397924459540425,-0.293051637833759,-0.0563877866261053,0
-0,-0,-0,-0,-0.0396806845661795,-0.29448441898422,-0.0563000895846933,0
-0,-0,-0,-0,-0.0395511434753281,-0.295913000956249,-0.0561168526651587,0
-0,-0,-0,-0,-0.0398348737719535,-0.297356882678635,-0.0560834445532213,0
-0,-0,-0,-0,-0.0399423678548565,-0.298778860760102,-0.0559991467477161,0
-0,-0,-0,-0,-0.0399813889712092,-0.300218129952799,-0.0558108070863634,0
-0,-0,-0,-0,-0.0396246676658958,-0.301644503834946,-0.0558156088832233,0
-0,-0,-0,-0,-0.0397810129842657,-0.303077733969248,-0.05579100171146,0
-0,-0,-0,-0,-0.0401781766516015,-0.304511007504546,-0.0554733134545611,0
-0,-0,-0,-0,-0.040146645618316,-0.305941864879711,-0.0554787727701173,0
-0,-0,-0,-0,-0.0404334573635591,-0.307377619610471,-0.061274635934861,0
-0,-0,-0,-0,-0.0400826030828232,-0.308810700962652,-0.0613222363087092,0
-0,-0,-0,-0,-0.0397541476385944,-0.310243329685012,-0.0625259597878803,0
-0,-0,-0,-0,-0.0398160157039357,-0.311677370447657,-0.0629674646683742,0
-0,-0,-0,-0,-0.0397905875870139,-0.31310865831114,-0.062937252157756,0
-0,-0,-0,-0,-0.0399609558274394,-0.314539533334748,-0.059626053080554,0
-0,-0,-0,-0,-0.0399928742283741,-0.315973883695475,-0.0586557742937754,0
-0,-0,-0,-0,-0.0407579960267966,-0.317409534366683,-0.0586175120357315,0
-0,-0,-0,-0,-0.0413868536943756,-0.318836952639121,-0.0584725378105438,0
-0,-0,-0,-0,-0.041590007452776,-0.320271461422118,-0.0581751691676728,0
-0,-0,-0,-0,-0.0181731431299556,-0.173539167041291,0.0087680078698846,0
-0,-0,-0,-0,-0.0183695208305742,-0.175456732544359,0.0070951068236706,0
-0,-0,-0,-0,-0.0181343537430472,-0.177362864610942,0.00705452444931566,0
-0,-0,-0,-0,-0.0183250412429668,-0.179277466079017,0.00734369570660875,0
-0,-0,-0,-0,-0.0184854262698146,-0.181182391647239,0.00765562906844702,0
-0,-0,-0,-0,-0.018335056758239,-0.183093680374851,0.00769410087349273,0
-0,-0,-0,-0,-0.0180713810644029,-0.184995991819979,0.00777675451287195,0
-0,-0,-0,-0,-0.0183917554600443,-0.186907155935508,0.00794495358605867,0
-0,-0,-0,-0,-0.0188300376345393,-0.188819426342875,0.00832545807357446,0
-0,-0,-0,-0,-0.0192111781907706,-0.19073207670753,0.00838201724174079,0
-0,-0,-0,-0,-0.0194319842702037,-0.192641367202488,0.00833532644292057,0
-0,-0,-0,-0,-0.0199573651925239,-0.194554007594395,0.00832649020959515,0
-0,-0,-0,-0,-0.020479109157362,-0.196461940834343,0.00844080885703153,0
-0,-0,-0,-0,-0.020831691616918,-0.198372383540062,0.00845070166662243,0
-0,-0,-0,-0,-0.0209222551749924,-0.200284996177176,0.00834156536715862,0
-0,-0,-0,-0,-0.0211239561263026,-0.202186565257675,0.00828603564920842,0
-0,-0,-0,-0,-0.0213573882171076,-0.204102046517308,0.00821493092226962,0
-0,-0,-0,-0,-0.0213921075348155,-0.206013579805026,0.00815566335488753,0
-0,-0,-0,-0,-0.0215681040266902,-0.207926360538625,0.00977000405025899,0
-0,-0,-0,-0,-0.0222801454680515,-0.20983979761467,0.00971724025437621,0
-0,-0,-0,-0,-0.0222348855328315,-0.21174914704985,0.00969975767052865,0
-0,-0,-0,-0,-0.0224372556585541,-0.213649955281835,0.00969377432229143,0
-0,-0,-0,-0,-0.0233996660115894,-0.215555309127147,0.00964980497804009,0
-0,-0,-0,-0,-0.0239024450416872,-0.217469517689832,0.0095998129316127,0
-0,-0,-0,-0,-0.0239958957462379,-0.219382053301014,0.00929265293174475,0
-0,-0,-0,-0,-0.0245288661058439,-0.221301707729495,0.00926037863054321,0
-0,-0,-0,-0,-0.0254186829631556,-0.223204616972449,0.00922731527809819,0
-0,-0,-0,-0,-0.0256134687780015,-0.225115259046573,0.00745516739686577,0
-0,-0,-0,-0,-0.0260703065801046,-0.227020471114309,0.00454266575672693,0
-0,-0,-0,-0,-0.0268860780102802,-0.228928925050463,0.004454568338216,0
-0,-0,-0,-0,-0.0271954376899272,-0.230838683066594,0.00416735944050566,0
-0,-0,-0,-0,-0.0274732484079622,-0.232750879254309,0.00366609674306529,0
-0,-0,-0,-0,-0.0279730885269495,-0.234663982652489,0.00357075730286241,0
-0,-0,-0,-0,-0.0285814695616748,-0.236574528914538,0.00334770081683792,0
-0,-0,-0,-0,-0.0290329647226589,-0.238485728806447,0.00295643728437561,0
-0,-0,-0,-0,-0.0294671717321642,-0.240385201364341,0.00437907710234164,0
-0,-0,-0,-0,-0.0305738465185098,-0.242304457042618,0.00412555575313974,0
-0,-0,-0,-0,-0.0312934787295607,-0.244213150439064,0.00387804077637255,0
-0,-0,-0,-0,-0.031709026749995,-0.24612039215899,0.00347417484790817,0
-0,-0,-0,-0,-0.0325130725451657,-0.24802926342874,0.00314186861656668,0
-0,-0,0,-0,-0.0334240190982252,-0.24994651084099,0.00273869972530788,0
-0,-0,0,-0,-0.0334876434315165,-0.251852188398588,0.00221892791316999,0
-0,-0,0,-0,-0.0334163372724686,-0.253763826971962,-0.000135692017824583,0
-0,-0,0,-0,-0.0342272787752003,-0.255670326612987,-0.000542933683548577,0
-0,-0,0,-0,-0.0345402395110506,-0.257575767108669,-0.000888439696754586,0
-0,-0,0,-0,-0.0342599241108388,-0.259482747916834,-0.00118435614402816,0
-0,-0,0,-0,-0.0344581537484449,-0.261401144829304,-0.00153248327263718,0
-0,-0,0,-0,-0.03453630223361,-0.263319393763462,-0.00188316812312348,0
-0,-0,0,-0,-0.0343086143986181,-0.265224258658328,-0.00165497408662856,0
-0,-0,0,-0,-0.0343700704700105,-0.267125570293757,-0.00221899778443689,0
-0,-0,0,-0,-0.0350024341178916,-0.269041527848136,-0.00351673267519653,0
-0,-0,0,-0,-0.0346345225156447,-0.270948137955058,-0.00373500770705772,0
-0,-0,0,-0,-0.0344837227000959,-0.272858080033487,-0.00452501920775441,0
-0,-0,0,-0,-0.0348656024623986,-0.274771542612129,-0.00540133001513755,0
-0,-0,0,-0,-0.0351307618212011,-0.276690200375884,-0.00532659184074578,0
-0,-0,0,-0,-0.0346681304489488,-0.278596301484813,-0.00548451223863182,0
-0,-0,0,-0,-0.0348285519531485,-0.28050168449705,-0.00535141450975505,0
-0,-0,0,-0,-0.0352089830713308,-0.282417495073042,-0.00510347991646741,0
-0,-0,0,-0,-0.0347953317359723,-0.2843217167025,-0.00506814224796064,0
-0,-0,0,-0,-0.0348182729193274,-0.286229522571533,-0.00513002389252168,0
-0,-0,0,-0,-0.0351965840235107,-0.288141959171047,-0.00503249767472125,0
-0,-0,0,-0,-0.0350473580136165,-0.290049861968157,-0.00498929842778264,0
-0,-0,-0,-0,-0.0347019791508857,-0.291971212971704,-0.00492684185306923,0
-0,-0,-0,-0,-0.0352389777003838,-0.293865033972143,-0.00485592949030104,0
-0,-0,-0,-0,-0.0358542895601674,-0.295783451733291,-0.00459955101026805,0
-0,-0,-0,-0,-0.0359214218908588,-0.297689621678452,-0.00431414384843424,0
-0,-0,-0,-0,-0.0369533496378948,-0.299595635181806,-0.0044282997571223,0
-0,-0,-0,-0,-0.0380294190037739,-0.301510254094414,-0.0046503069000033,0
-0,-0,-0,-0,-0.0382187144542334,-0.303421592404224,-0.00478750626306534,0
-0,-0,-0,-0,-0.0389429751682496,-0.305340250302275,-0.00460167227118744,0
-0,-0,-0,-0,-0.0403837626195247,-0.307248289883681,-0.00487367631025811,0
-0,-0,-0,-0,-0.0409330609867935,-0.309151691227292,-0.00550281699568421,0
-0,-0,-0,-0,-0.0411069128281406,-0.311068917348548,-0.00572723972419187,0
-0,-0,-0,-0,-0.042015530739453,-0.312969834381821,-0.00555558281927739,0
-0,-0,-0,-0,-0.0428199849292159,-0.314879993485003,-0.00791744294359919,0
-0,-0,-0,-0,-0.043052508178654,-0.316790583752294,-0.00849413107935594,0
-0,-0,-0,-0,-0.0428815822476422,-0.318704474999087,-0.00881142724733814,0
-0,-0,-0,-0,-0.0435079827219955,-0.320610044283328,-0.00905120157889455,0
-0,-0,-0,-0,-0.0440858068245635,-0.322521110179938,-0.00929350170608316,0
-0,-0,-0,-0,-0.0443218663868693,-0.324435777692832,-0.00772481945797453,0
-0,-0,-0,-0,-0.0449474246129838,-0.326345304066058,-0.00786956828424086,0
-0,-0,-0,-0,-0.0455292167664679,-0.328247667623297,-0.00814632044813169,0
-0,-0,-0,-0,-0.0456883316852909,-0.330160887617285,-0.00829905660160158,0
-0,-0,-0,-0,-0.0461039781958386,-0.33206955798468,-0.00849233772501762,0
-0,-0,-0,-0,-0.0469179061062877,-0.333987904370432,-0.0121610838296157,0
-0,-0,-0,-0,-0.047038188901264,-0.335889928679277,-0.0125950360904255,0
-0,-0,-0,-0,-0.0464671537755808,-0.337805094467239,-0.0150037679093134,0
-0,-0,-0,-0,-0.046796013018102,-0.339715886724831,-0.0150290781116802,0
-0,-0,-0,-0,-0.0465444203147394,-0.341617794799908,-0.0155117089259665,0
-0,-0,-0,-0,-0.0455065271171295,-0.343530056086777,-0.0173633519482887,0
-0,-0,-0,-0,-0.0450433953407097,-0.345453948576868,-0.0173820964582655,0
0,-0,0,-0,-0.0187667847386926,-0.178155570631519,0.0507493697480807,0
0,-0,0,-0,-0.0185375074737167,-0.180065660466474,0.0504564310216578,0
0,-0,0,-0,-0.0184461716262817,-0.181973667032182,0.0505644521639797,0
-0,-0,0,-0,-0.019210670023135,-0.183887980101157,0.0516526389967867,0
-0,-0,0,-0,-0.0198122128509772,-0.185804925628372,0.0520612511934418,0
-0,-0,0,-0,-0.0197974432060807,-0.187711358410375,0.0519749112335872,0
-0,-0,0,-0,-0.0214022953121297,-0.189616745320441,0.0519390845987897,0
-0,-0,0,-0,-0.0216801924826679,-0.191527232750862,0.0521209286563034,0
-0,-0,0,-0,-0.0217927102482536,-0.193444283224042,0.0504929462404435,0
0,-0,0,-0,-0.0216122700640403,-0.195342683863593,0.0500874009979207,0
0,-0,0,-0,-0.0212380914781029,-0.197257289805502,0.0503421035994678,0
0,-0,0,-0,-0.0204132345661167,-0.199167315319351,0.0505426716928522,0
0,-0,0,-0,-0.0205658992218318,-0.201083716183299,0.0506476392956309,0
0,-0,0,-0,-0.0195439267650464,-0.202987715011207,0.054694169481389,0
0,-0,0,-0,-0.0193697974895819,-0.20489622762537,0.0547101683563848,0
0,-0,0,-0,-0.0194296652096213,-0.20680765082885,0.0551029705593134,0
-0,-0,0,-0,-0.0189023593171965,-0.208713343021375,0.0553405154979626,0
-0,-0,0,-0,-0.0187155840045497,-0.210626501408863,0.055311765770404,0
0,-0,0,-0,-0.0189886480639519,-0.212538170140858,0.0514845183121899,0
0,-0,0,-0,-0.0192180164333467,-0.214453768020599,0.0518700034807636,0
0,-0,0,-0,-0.01932838478034,-0.216360235941658,0.0515939076658017,0
0,-0,0,-0,-0.0194502891260944,-0.218268750896782,0.0503091434461499,0
0,-0,0,-0,-0.0190841182252352,-0.220180423668295,0.0503803223300668,0
0,-0,0,-0,-0.0189813543356553,-0.22208620702105,0.050515095855123,0
0,-0,0,-0,-0.0189896588864134,-0.223989526459802,0.050832565245853,0
0,-0,0,-0,-0.0183260960117281,-0.225908566804905,0.052229872857651,0
0,-0,0,-0,-0.0177479578343896,-0.227824274400383,0.053295758518829,0
-0,-0,-0,-0,-0.0177738961770535,-0.229731583054246,0.0534205709332118,0
-0,-0,-0,-0,-0.0182022804547396,-0.231640337462019,0.0536721559718095,0
-0,-0,-0,-0,-0.0181719181844213,-0.233550263133423,0.0537480769081377,0
-0,-0,-0,-0,-0.0178836390836737,-0.235463653706213,0.0554867243941112,0
-0,-0,-0,-0,-0.0182193590039336,-0.237360862728229,0.0560305855642341,0
0,-0,-0,-0,-0.0182427602694634,-0.239276594988753,0.0562061949561585,0
0,-0,-0,-0,-0.0179268410844645,-0.241186183320566,0.0563465364965622,0
0,-0,-0,-0,-0.0174050120348487,-0.243105874536728,0.0565032791500857,0
0,-0,-0,-0,-0.0173670219262562,-0.24500920798503,0.0588459010443084,0
0,-0,-0,-0,-0.0174031406104495,-0.24691652276954,0.0590321983924332,0
0,-0,-0,-0,-0.0169201989870481,-0.248827971386365,0.0592836827526387,0
0,-0,-0,-0,-0.0174165377585469,-0.250733120677817,0.059596789150889,0
0,-0,-0,-0,-0.017304721398169,-0.252652716369783,0.0598556524885825,0
0,-0,-0,-0,-0.0179383904780577,-0.254559766327347,0.05809401498052,0
0,-0,-0,-0,-0.0175665637134029,-0.256476764804143,0.0581822118123974,0
0,-0,-0,-0,-0.0167624435753548,-0.25837696469873,0.0578217814462162,0
0,-0,-0,-0,-0.0155641582427193,-0.26028813922438,0.0570344650956566,0
0,-0,-0,-0,-0.014738824747657,-0.262202555123567,0.0573078159109476,0
0,-0,-0,-0,-0.0132306700565459,-0.264103487194616,0.0572193280604556,0
0,-0,-0,-0,-0.0121157579044229,-0.266014456943814,0.0572943143926553,0
0,-0,-0,-0,-0.011730373516191,-0.267927722530321,0.0577628098370291,0
0,-0,-0,-0,-0.011524431746676,-0.26983941142957,0.0580289023663196,0
0,-0,-0,-0,-0.0110177050645389,-0.271751422094444,0.0580733751054824,0
0,-0,-0,-0,-0.0106851125201822,-0.273662999564469,0.0582100382991287,0
0,-0,-0,-0,-0.0108415509154979,-0.275570742265931,0.0585986223341463,0
0,-0,-0,-0,-0.011913644357513,-0.277487159728234,0.0572554688811079,0
-0,-0,-0,-0,-0.0125524203544708,-0.279383952207243,0.0568427440115597,0
-0,-0,-0,-0,-0.0130258468136759,-0.281297729427042,0.0569626901660692,0
-0,-0,-0,-0,-0.0132040381800199,-0.28320769887075,0.0550837902615443,0
-0,-0,-0,-0,-0.0141555734503639,-0.285124695408293,0.0549735193134631,0
-0,-0,-0,-0,-0.0137097785919795,-0.287031119964931,0.0565786055359153,0
-0,-0,-0,-0,-0.0138865938761644,-0.288936523129294,0.0564115607169842,0
-0,-0,-0,-0,-0.0142641542422747,-0.290845477799076,0.0567851708797057,0
-0,-0,-0,-0,-0.0154950397890954,-0.292751068818127,0.0581056290408705,0
-0,-0,-0,-0,-0.015650585733072,-0.294672774524781,0.0579485439639879,0
-0,-0,-0,-0,-0.0172081399304677,-0.296578056555615,0.0579717136183697,0
-0,-0,-0,-0,-0.0175351278895356,-0.298495312407819,0.0577722951667302,0
-0,-0,-0,-0,-0.018424676021612,-0.300391220963854,0.0575822740052868,0
-0,-0,-0,-0,-0.0199203606988066,-0.302308041421239,0.0572718910917532,0
-0,-0,-0,-0,-0.0198115323254675,-0.304220664362889,0.0572093391826325,0
-0,-0,-0,-0,-0.019773438471561,-0.306124408264406,0.0592156442859975,0
-0,-0,-0,-0,-0.0199927342644926,-0.308035634620206,0.0591462449567974,0
-0,-0,-0,-0,-0.020340846220404,-0.309948216774667,0.0591220914144548,0
-0,-0,-0,-0,-0.0207843408812898,-0.311858237852522,0.0592120941358388,0
-0,-0,-0,-0,-0.0207792750820386,-0.313771901839195,0.0591606335829157,0
-0,-0,-0,-0,-0.0206315431674472,-0.315685593793919,0.0610157560868368,0
-0,-0,-0,-0,-0.0210556462821143,-0.317588144419023,0.0611370209706369,0
-0,-0,-0,-0,-0.0229118797878853,-0.31950632964666,0.0643484453817237,0
-0,-0,-0,-0,-0.0231871545370086,-0.321419883631896,0.0648336405967972,0
-0,-0,-0,-0,-0.0229320458062034,-0.323315377214911,0.0648436246024767,0
-0,-0,-0,-0,-0.0236716615952232,-0.325226098335635,0.0667088919327318,0
-0,-0,-0,-0,-0.0245652918872591,-0.327138138946812,0.0668418443972219,0
-0,-0,-0,-0,-0.0251933564513387,-0.329048438175956,0.0666111952480233,0
-0,-0,-0,-0,-0.0250014371974475,-0.330956893588916,0.0662687131681681,0
-0,-0,-0,-0,-0.0243334976525592,-0.332881215599372,0.0664847567320754,0
-0,-0,-0,-0,-0.0235052991210145,-0.334773770681783,0.0681664490959201,0
-0,-0,-0,-0,-0.0241564958418826,-0.336691099699299,0.0680916550825833,0
-0,-0,-0,-0,-0.024908816571942,-0.338599409085438,0.0677718530153332,0
-0,-0,-0,-0,-0.0253679897770514,-0.340516514976165,0.0678454419198025,0
-0,-0,-0,-0,-0.0253567669654295,-0.342420312372802,0.0677126136523148,0
-0,-0,-0,-0,-0.0257091268363198,-0.344326564120673,0.0675643653317138,0
-0,-0,-0,-0,-0.0262479715053344,-0.346239674891384,0.0675143716971885,0
-0,-0,-0,-0,-0.0275252876396751,-0.348144802189595,0.0675828660602244,0
-0,-0,-0,-0,-0.0280129970725068,-0.350054671618998,0.0675720902667602,0
-0,-0,-0,-0,-0.0287664843778147,-0.351971191877405,0.0673387698965453,0
-0,-0,-0,-0,-0.029421652442436,-0.353876343667504,0.0672146144720266,0
-0,-0,-0,-0,-0.0295532574718747,-0.355787601098457,0.0673377499269837,0
-0,-0,-0,-0,-0.0298989801337205,-0.357702947884718,0.0693677826658094,0
-0,-0,-0,-0,-0.0299948219130617,-0.359609150155397,0.069317121308167,0
-0,-0,-0,-0,-0.0291695044524354,-0.361516521352755,0.069177305400548,0
-0,-0,-0,-0,-0.029160862589052,-0.363422552563206,0.0692561810456752,0
-0,-0,-0,-0,-0.029326449875822,-0.365339603908298,0.0694565981022984,0
-0,-0,-0,-0,-0.0288147920572406,-0.36724857126045,0.0695679484559192,0
-0,-0,-0,-0,-0.0287442588537048,-0.3691646616454,0.0695517026046237,0
-0,-0,-0,-0,-0.0284457774464123,-0.371069003913955,0.0696261371142875,0
-0,-0,-0,-0,-0.0280047545755134,-0.372979804803648,0.0697880881400457,0
-0,-0,-0,-0,-0.0277877495942218,-0.374893160060941,0.0699732687293145,0
-0,-0,-0,-0,-0.0279715254779055,-0.376794050256709,0.0700890598835199,0
-0,-0,-0,-0,-0.0278162202867712,-0.3787167070463,0.0702883694450114,0
-0,-0,-0,-0,-0.0270042083599305,-0.380622774024237,0.0723563459599026,0
-0,-0,-0,-0,-0.0270588618082636,-0.382535449549765,0.0725389682038682,0
-0,-0,-0,-0,-0.0273287039756341,-0.384441321686442,0.0726778313716171,0
-0,-0,-0,-0,-0.0277118222174211,-0.38634775122615,0.0728586944415074,0
-0,-0,-0,-0,-0.0277311581580636,-0.388260437435431,0.0729648100892705,0
-0,-0,-0,-0,-0.0288391866113997,-0.390166105039364,0.0730698475377817,0
-0,-0,-0,-0,-0.0288558903050836,-0.392074792417893,0.073152614799882,0
-0,-0,-0,-0,-0.029310154291012,-0.393988189536274,0.0742613745942817,0
-0,-0,-0,-0,-0.0293602242659301,-0.39589312242767,0.0750064968843855,0
-0,-0,-0,-0,-0.0291291773248791,-0.397815993470435,0.0748328548896936,0
-0,-0,-0,-0,-0.0291804421216099,-0.399717695206959,0.07487407061067,0
-0,-0,-0,-0,-0.0292335028161552,-0.401632112900987,0.0751461402692201,0
-0,-0,-0,-0,-0.0292484949167692,-0.403539510133467,0.0751992874144981,0
0,-0,-0,-0,-0.0288667501977851,-0.405445431745595,0.0750543718653876,0
-0,-0,-0,-0,-0.0285266397312865,-0.407360421019159,0.0750232755463722,0
-0,-0,-0,-0,-0.0281624563300724,-0.409269024039013,0.073511104316935,0
-0,-0,-0,-0,-0.0282402452617841,-0.411185198607862,0.0734661754524351,0
-0,-0,-0,-0,-0.0293971526787384,-0.413096027096316,0.0734508417923055,0
-0,-0,-0,-0,-0.0295938679544497,-0.414999992085198,0.0733870968118281,0
-0,-0,-0,-0,-0.0299074121763623,-0.416913471320871,0.0734817566801658,0
-0,-0,-0,-0,-0.0306378478765675,-0.418809844290472,0.0732901522519424,0
-0,-0,-0,-0,-0.030679655021639,-0.420725979451178,0.0731401717776379,0
-0,-0,-0,-0,-0.0303871880139898,-0.422640586744702,0.0732160585925652,0
-0,-0,-0,-0,-0.0304622778875905,-0.424552460898973,0.0733751800439998,0
-0,-0,-0,-0,-0.0305525111169914,-0.426460585503724,0.0740919805143565,0
-0,-0,-0,-0,-0.0303935160591867,-0.428369551799455,0.0750847798036016,0
-0,-0,-0,-0,-0.0305213886299202,-0.430278618911675,0.0749115793240174,0
-0,-0,-0,-0,-0.0304755941165313,-0.43218507750165,0.07292097125306,0
-0,-0,-0,-0,-0.0301605081462226,-0.434094371847336,0.0727289031660769,0
0,-0,-0,-0,-0.0299405593313234,-0.435993783922349,0.0726739321781154,0
-0,-0,-0,-0,-0.02976848708711,-0.436332312998582,0.0726555828485698,0
-0,-0,-0,-0,-0.0296370228856923,-0.436332312998582,0.0726916639025751,0
-0,-0,-0,-0,-0.0295514160443687,-0.436332312998582,0.0725912842708387,0
-0,-0,-0,-0,-0.0293590815588676,-0.436332312998582,0.0724858563982246,0
-0,-0,-0,-0,-0.0294458854135399,-0.436332312998582,0.0758944462332769,0
-0,-0,-0,-0,-0.0291821306425024,-0.436332312998582,0.0766498832461797,0
-0,-0,-0,-0,-0.0293602452526257,-0.436332312998582,0.0764646148118184,0
-0,-0,-0,-0,-0.0294292499682168,-0.436332312998582,0.0765369432347832,0
-0,-0,0,-0,-0.0287997636464475,-0.436332312998582,0.0764783759879105,0
0,-0,0,-0,-0.0276797215204924,-0.436332312998582,0.0741919862223489,0
-0,-0,0,-0,-0.0276838946279658,-0.436332312998582,0.0739472575868972,0
-0,-0,0,-0,-0.0271910847828304,-0.436332312998582,0.0742003378278678,0
-0,-0,0,-0,-0.0268923048347419,-0.436332312998582,0.075110436492625,0
-0,-0,0,-0,-0.0273697885074207,-0.436332312998582,0.0779201955658008,0
-0,-0,0,-0,-0.0273654226679759,-0.436332312998582,0.0779513247836323,0
-0,-0,0,-0,-0.0274116533093144,-0.436332312998582,0.0781633695098903,0
-0,-0,0,-0,-0.0279087722267765,-0.436332312998582,0.0796762260172564,0
-0,-0,0,-0,-0.028965892595555,-0.436332312998582,0.0815676264032385,0
-0,-0,0,-0,-0.0290069395322075,-0.436332312998582,0.0815461231221649,0
-0,-0,0,-0,-0.0290952357248751,-0.436332312998582,0.0817301001209238,0
-0,-0,0,-0,-0.0296729033000187,-0.436332312998582,0.0813167259993428,0
-0,-0,0,-0,-0.0298307071447702,-0.436332312998582,0.0821796744939244,0
-0,-0,0,-0,-0.0298423738827738,-0.436332312998582,0.0827047967894156,0
-0,-0,0,-0,-0.0293785165654296,-0.436332312998582,0.0827315735724335,0
-0,-0,0,-0,-0.0296740284454811,-0.436332312998582,0.0821492029110782,0
-0,-0,0,-0,-0.0294435142770873,-0.436332312998582,0.082080679905818,0
-0,-0,0,-0,-0.0289060248795459,-0.436332312998582,0.0840348965369101,0
0,-0,0,-0,-0.0287050682928475,-0.436332312998582,0.0844561795013477,0
-0,-0,0,-0,-0.029316841006793,-0.436332312998582,0.0839058720667091,0
-0,-0,0,-0,-0.0282267273674639,-0.436332312998582,0.0840822329989567,0
-0,-0,0,-0,-0.0277497036229355,-0.436332312998582,0.0846642746839611,0
0,-0,0,-0,-0.0272540592779103,-0.436332312998582,0.0847516352250537,0
0,-0,0,-0,-0.0269220858939854,-0.436332312998582,0.0845429735234947,0
-0,-0,0,-0,-0.0270996826159859,-0.436332312998582,0.0849022866741476,0
0,-0,0,-0,-0.0267818399908319,-0.436332312998582,0.0854033009492723,0
0,-0,0,-0,-0.0263368708772131,-0.436332312998582,0.0855291659091668,0
0,-0,0,-0,-0.0260781219948726,-0.436332312998582,0.0856433788215667,0
-0,-0,0,-0,-0.0264357426124136,-0.436332312998582,0.0859682400469504,0
-0,-0,0,-0,-0.025463533432324,-0.436332312998582,0.086319828472375,0
0,-0,0,-0,-0.0244962375129386,-0.436332312998582,0.0867009814519989,0
-0,-0,0,-0,-0.0244779394035045,-0.436332312998582,0.0867797185692535,0
-0,-0,0,-0,-0.0241544954748195,-0.436332312998582,0.0871289059027255,0
-0,-0,0,-0,-0.0241466359848214,-0.436332312998582,0.0875445152939035,0
-0,-0,0,-0,-0.0241590150593715,-0.436332312998582,0.088983393691354,0
-0,-0,0,-0,-0.0245280710735925,-0.436332312998582,0.089592963659367,0
-0,-0,-0,-0,-0.0286785667489789,-0.318064244688075,-0.058976716132689,0
-0,-0,-0,-0,-0.0286932431864692,-0.319975058245818,-0.0587001334377886,0
-0,-0,-0,-0,-0.0294502765246584,-0.321893227336469,-0.0586504674363521,0
-0,-0,-0,-0,-0.0302664249111048,-0.323799717404418,-0.0587042168866419,0
-0,-0,-0,-0,-0.0307298632066188,-0.325701895252934,-0.0586987352066319,0
-0,-0,-0,-0,-0.0292471447590944,-0.327616163384194,-0.0583060346647876,0
-0,-0,-0,-0,-0.030114790309541,-0.329530133393551,-0.0584132431986902,0
-0,-0,-0,-0,-0.0309946105668866,-0.331431355064166,-0.0588594187751942,0
-0,-0,-0,-0,-0.031678832785914,-0.333339436783697,-0.0592764186384212,0
-0,-0,-0,-0,-0.0319915399821044,-0.335247941786061,-0.0592170385596788,0
-0,-0,-0,-0,-0.0321405640059482,-0.337170916413666,-0.059593652955041,0
-0,-0,-0,-0,-0.0329817098109229,-0.33907506581864,-0.0600358997419953,0
-0,-0,-0,-0,-0.0326579214540072,-0.340987137266922,-0.0603854420642536,0
-0,-0,-0,-0,-0.0329421358439778,-0.342893664078783,-0.0600716641707964,0
-0,-0,-0,-0,-0.0338901671201921,-0.344799571901614,-0.0606423914894044,0
-0,-0,-0,-0,-0.0348441699804854,-0.346713198608891,-0.0625746592011747,0
-0,-0,-0,-0,-0.0356218162355584,-0.348624914242296,-0.0629056155554116,0
-0,-0,-0,-0,-0.0377943609402728,-0.350542607663765,-0.0609716209302201,0
-0,-0,-0,-0,-0.038534999388325,-0.352448157671234,-0.0612684692812461,0
-0,-0,-0,-0,-0.0411411858044549,-0.354353192598109,-0.0620833465486598,0
-0,-0,-0,-0,-0.0441419128898935,-0.356262296385987,-0.0622651034296784,0
-0,-0,-0,-0,-0.0444915257489321,-0.358171366046647,-0.0622642074093249,0
-0,-0,0,-0,-0.0487014093654541,-0.360090327940685,-0.0612630745732572,0
-0,-0,0,-0,-0.0492527837797145,-0.361995119653807,-0.0616039242951408,0
-0,-0,0,-0,-0.0520527454040157,-0.363911906816022,-0.0619087023232178,0
-0,-0,0,-0,-0.0534076044184694,-0.36582548540403,-0.0622050148596337,0
-0,-0,0,-0,-0.0537248577601773,-0.367735661244802,-0.0623000784583022,0
-0,-0,0,-0,-0.0542989791227088,-0.3696361489382,-0.0642394789840838,0
-0,-0,0,-0,-0.0543542599995463,-0.371550627626752,-0.0646196409925974,0
-0,-0,0,-0,-0.0541569774228702,-0.373450288089953,-0.0658399339944088,0
-0,-0,0,-0,-0.0541005304432759,-0.375364906482486,-0.0659385651619991,0
-0,0,-0,-0,-0.012595622224063,-0.181459295501512,0.0377409167108071,0
-0,0,-0,-0,-0.0126253786160869,-0.183370453803911,0.0377616633822677,0
-0,0,-0,-0,-0.0128586300152144,-0.185279663302508,0.0381368624723504,0
-0,0,-0,-0,-0.013283625680886,-0.187190100630347,0.0396447951737887,0
-0,0,-0,-0,-0.0142082957141956,-0.189106206774704,0.0397918169203661,0
-0,0,-0,-0,-0.0196757318617372,-0.191009028145786,0.0451883836909086,0
-0,0,-0,-0,-0.0203347290860386,-0.192925474315159,0.0461334670814662,0
-0,0,-0,-0,-0.0211598636492965,-0.194830593438679,0.0461073608902087,0
-0,0,-0,-0,-0.023624840416645,-0.196740041193362,0.0478822651583057,0
-0,0,-0,-0,-0.0236252049200834,-0.198654354958623,0.0479909555281976,0
-0,0,-0,-0,-0.0286201892434515,-0.20055365509476,0.0489043559776835,0
-0,0,-0,-0,-0.0302379176110359,-0.202460344842951,0.0490635920957576,0
-0,0,-0,-0,-0.0309772397541013,-0.204378818181506,0.049532458657474,0
-0,0,-0,-0,-0.0310251178053064,-0.206299024488824,0.0509983196104241,0
-0,0,-0,-0,-0.0320213910558633,-0.208201333572692,0.0510306675196504,0
-0,0,-0,-0,-0.0322294945094334,-0.210112579235288,0.0526700007318823,0
-0,0,0,-0,-0.0322117707864484,-0.212021891797437,0.0524960498967141,0
-0,0,-0,-0,-0.0327055710327424,-0.213925619920612,0.0526113557014458,0
-0,0,0,-0,-0.0339979377829465,-0.2158403154023,0.0525746313461494,0
-0,0,0,-0,-0.0343088081505341,-0.217749442844605,0.0523047215400577,0
-0,0,0,-0,-0.0368398726114049,-0.21966283102038,0.0518478752810221,0
-0,0,0,-0,-0.0378645394220768,-0.221575871519913,0.0520985490309923,0
-0,0,0,-0,-0.0429116371014331,-0.2234797310825,0.0515713038846471,0
-0,0,0,-0,-0.0450179862800558,-0.225390676876967,0.0509503641927105,0
-0,0,0,-0,-0.0452411953283095,-0.227309282151089,0.0507560409902184,0
-0,0,0,-0,-0.0527297382263179,-0.2292065319827,0.051862100612841,0
-0,0,0,-0,-0.0534289197814593,-0.231125627512065,0.0518819436688092,0
-0,0,0,-0,-0.0538691462083592,-0.233032007687434,0.051431918329178,0
-0,0,0,-0,-0.0543429053550401,-0.234951455296179,0.0514013542327421,0
-0,0,0,-0,-0.0548774563150405,-0.236835900139628,0.0515264524340865,0
-0,0,0,-0,-0.053813284010533,-0.238760078995109,0.0515031047588272,0
-0,0,0,-0,-0.0539155172615074,-0.240675150314645,0.0513622505475983,0
-0,0,0,-0,-0.0565625903427078,-0.24257412920455,0.0491088996800043,0
-0,0,0,-0,-0.0563913941855194,-0.244488177397776,0.0491934542818487,0
-0,0,0,-0,-0.0561014480367677,-0.24639794150225,0.048752803526584,0
-0,0,0,-0,-0.0571782929975956,-0.248304394259855,0.0466598819597958,0
-0,0,0,-0,-0.0576166423022422,-0.250223099639886,0.0466339396778207,0
-0,0,0,-0,-0.0569668128227734,-0.252132625347575,0.0463530065137071,0
-0,0,0,-0,-0.0557266068563896,-0.254040585705917,0.0460029523106386,0
-0,0,0,-0,-0.0545504576984583,-0.25594791516972,0.0477188995031347,0
-0,0,0,-0,-0.0529067509546727,-0.257856512666843,0.0502872940893331,0
0,0,0,-0,-0.0510606637327695,-0.259768585707998,0.0503206748927741,0
0,0,0,-0,-0.0489803124889715,-0.261676246979015,0.0498392900159245,0
0,0,0,-0,-0.0485737843943975,-0.263592886775686,0.04986121587445,0
0,0,0,-0,-0.0482385060204916,-0.265499939497146,0.0479781692932031,0
0,0,0,-0,-0.0465909582960023,-0.267411084482243,0.0466397450417446,0
0,0,0,-0,-0.0456159781780042,-0.269334854101099,0.0465114075607531,0
0,0,0,-0,-0.0454833331404943,-0.271217130930936,0.0463863905652938,0
0,0,0,-0,-0.0442259409582578,-0.27314100333179,0.0467504080986468,0
0,0,0,-0,-0.0409139908460811,-0.275049847528025,0.0464156780902543,0
0,0,0,-0,-0.0409547033293842,-0.276964368980611,0.0466622772099729,0
-0,0,0,-0,-0.0406767122768374,-0.278869896775754,0.0468004434422885,0
0,0,0,-0,-0.0405034882600236,-0.280779904549034,0.0468194446422441,0
0,0,0,-0,-0.0400865613120114,-0.282699335285454,0.0470569839314165,0
-0,0,0,-0,-0.0420325041006953,-0.284593348976152,0.044847339628313,0
0,0,0,-0,-0.0406718910696461,-0.286508307709013,0.044686008711676,0
0,0,0,-0,-0.0384103550109827,-0.288421117572439,0.0449790472409655,0
0,0,0,-0,-0.0350229384276613,-0.290330460633353,0.0454186868601345,0
0,0,0,-0,-0.033547429512349,-0.292241916977941,0.0453713906657523,0
0,0,0,-0,-0.0256635462960235,-0.294151773700168,0.0470698505073304,0
0,0,0,-0,-0.0235025633945925,-0.296063197099091,0.0471916562319759,0
0,0,0,-0,-0.0205685116295831,-0.297961337540157,0.0473577537287775,0
0,0,0,-0,-0.0165736541559395,-0.299876020061642,0.0472379583419006,0
0,0,0,-0,-0.0140066424426245,-0.301791418613312,0.0471117692589926,0
0,0,0,-0,-0.00577067771331258,-0.303696892040393,0.0442101039910632,0
0,0,0,-0,-0.00423228286334069,-0.305612240793669,0.0444390862106603,0
0,0,0,-0,-0.000795373841170674,-0.307519840778508,0.0440418215744296,0
0,0,0,-0,0.00103254583875538,-0.309424695736769,0.0439685682010499,0
0,0,0,-0,0.000925626056477482,-0.311345328068767,0.0445223782539464,0
0,0,-0,-0,0.00402889647666525,-0.313247707708507,0.0444946109455696,0
0,0,-0,-0,0.00550658955399057,-0.315159928593916,0.0442679241431829,0
0,0,-0,-0,0.00910602749066735,-0.317069267747222,0.042142511639134,0
0,0,-0,-0,0.00873723593068584,-0.318987642978543,0.0423800370006324,0
0,0,-0,-0,0.00977205413406274,-0.320888647317848,0.0425501202680135,0
0,0,-0,-0,0.00951841613308709,-0.322803027688812,0.0389364930640482,0
0,0,-0,-0,0.00881367934051251,-0.324709864912366,0.0393611682481454,0
0,0,-0,-0,0.00896112915829463,-0.326613713958616,0.0417153248774272,0
0,0,-0,-0,0.00799567278129487,-0.328528488325197,0.0423513260048612,0
-0,0,-0,-0,0.00581664302239856,-0.330440676979336,0.042792271523864,0
-0,0,-0,-0,0.00702840916363755,-0.332347805277108,0.0427325591529996,0
0,0,-0,-0,0.00668086916742563,-0.334264596923544,0.0428263459921257,0
-0,0,-0,-0,0.0105719910237119,-0.33616995792759,0.0448075471619832,0
-0,-0,-0,-0,0.00843546690911153,-0.338084676557806,0.0455271738276377,0
-0,-0,-0,-0,0.0148285949303963,-0.339982226452758,0.043696331501042,0
-0,-0,0,-0,0.0204276065508675,-0.341895959700336,0.0413337742217611,0
-0,0,-0,-0,0.0177259043930725,-0.34380949653051,0.0421324834512362,0
-0,0,-0,-0,0.0346885713357505,-0.345717658628411,0.0383742516978394,0
-0,0,0,-0,0.0327263549130414,-0.347632141101014,0.038374520886132,0
-0,0,0,-0,0.0303550629456829,-0.349540193710598,0.0344809625348108,0
-0,0,0,-0,0.0297415142959009,-0.351453040065347,0.0327303694288429,0
-0,-0,0,-0,0.0276729231669305,-0.353359780678894,0.0330516062387263,0
-0,-0,-0,-0,-0.0230077379041266,-0.212363822533721,0.0057836768701651,0
-0,-0,-0,-0,-0.0234912333156737,-0.214273427530232,0.00596190427672704,0
-0,-0,-0,-0,-0.0240298122613282,-0.216191871166123,0.00507163257939241,0
-0,-0,-0,-0,-0.0246908999229117,-0.218093476576472,0.00404758172014962,0
-0,-0,-0,-0,-0.025470540608406,-0.220014221776289,0.0041121055543198,0
-0,-0,-0,-0,-0.0261694466917227,-0.221916589032226,0.00405200024058487,0
-0,-0,-0,-0,-0.0270335498991622,-0.223825161390729,0.00401794843120925,0
-0,-0,-0,-0,-0.027602751312024,-0.225747376795786,0.0039249904836584,0
-0,-0,-0,-0,-0.0285597792238765,-0.227639099621607,0.00373729964229336,0
-0,-0,-0,-0,-0.0291770642773246,-0.229557205115984,0.00363734782343514,0
-0,-0,-0,-0,-0.0298058815247845,-0.2314658640239,0.00371030883456617,0
-0,-0,-0,-0,-0.0303553092847329,-0.233382471436688,0.00339729039850018,0
-0,-0,-0,-0,-0.0309870654278232,-0.235289530555073,0.00304320946657207,0
-0,-0,-0,-0,-0.0312522167382074,-0.237196908932,0.00274880678059498,0
-0,-0,-0,-0,-0.031543149348347,-0.23911310734663,0.00258581417948037,0
-0,-0,-0,-0,-0.0318982391900534,-0.241011245796871,0.00233817525329046,0
-0,-0,-0,-0,-0.0323481474056488,-0.24292558286807,0.0017177331972176,0
-0,-0,-0,-0,-0.032730675749698,-0.244838892075562,0.00158956768849569,0
-0,-0,-0,-0,-0.0328764048938376,-0.246743867114168,0.00142537681557993,0
-0,-0,-0,-0,-0.0332163847558314,-0.248659253500598,0.00104658441065216,0
-0,-0,-0,-0,-0.0336966862536356,-0.250564054371975,0.000738748363372765,0
-0,-0,-0,-0,-0.0340531107537016,-0.252483079402578,0.000453440848351038,0
-0,-0,-0,-0,-0.0342824942245234,-0.254383244281871,-4.5800300869329e-05,0
-0,-0,-0,-0,-0.033659584346969,-0.256292640854001,-0.000413229488687871,0
0,-0,0,-0,-0.0333506015904975,-0.258206976763178,-0.000583253316179779,0
0,-0,0,-0,-0.0333297400198111,-0.260108981292976,-0.000896195227578557,0
-0,-0,0,-0,-0.0332992410826033,-0.262037192163297,-0.00101429530746558,0
-0,-0,0,-0,-0.032870490816302,-0.263936592546116,-0.00104341468613053,0
-0,-0,0,-0,-0.0325132417124503,-0.265851840827897,-0.00107031085959681,0
-0,-0,0,-0,-0.0326943420477686,-0.267763515218087,-0.00132274748305147,0
-0,-0,0,-0,-0.0328499341276791,-0.26966864812789,-0.00140809755415129,0
-0,-0,0,-0,-0.0325816231257281,-0.271577524546453,-0.0013897548673176,0
0,-0,0,-0,-0.032147888212907,-0.273485206247463,-0.00150635115755049,0
0,-0,0,-0,-0.0321585848465737,-0.275402427534637,-0.00135686943690724,0
-0,-0,0,-0,-0.0320332323953048,-0.277307895628406,-0.00107101500578548,0
-0,-0,0,-0,-0.0325741013850756,-0.279216070781669,-0.0011576776013713,0
-0,-0,0,-0,-0.0325024421692619,-0.281131703205613,-0.00147007144703238,0
-0,-0,0,-0,-0.0322366007078852,-0.283031768760304,-0.00165747992938051,0
-0,-0,0,-0,-0.0324113892682739,-0.284946225506115,-0.00139412416292459,0
-0,-0,0,-0,-0.032228506491029,-0.286852647718655,-0.00118933375682468,0
-0,-0,0,-0,-0.0322377096679066,-0.288762311460242,-0.00136454866197205,0
-0,-0,0,-0,-0.0323319873515293,-0.290682683639014,-0.00155656015455542,0
-0,-0,0,-0,-0.032067919319015,-0.292586994006777,-0.00159403609223341,0
-0,-0,0,-0,-0.032022077723104,-0.294498576678916,-0.00158794996830174,0
-0,-0,0,-0,-0.0321011460837066,-0.296398539784037,0.000134384690356087,0
-0,-0,0,-0,-0.0322027229295542,-0.29831279095751,-0.000122130033664463,0
-0,-0,0,-0,-0.0320575159107869,-0.300228269220475,1.38877699247461e-05,0
-0,-0,0,-0,-0.0321142922825403,-0.302134608224637,0.00126206050953439,0
-0,-0,0,-0,-0.0322003925335304,-0.304052130465511,0.00193108149865069,0
-0,-0,0,-0,-0.0316420216280454,-0.305958621380973,0.0016731340772207,0
-0,-0,0,-0,-0.0317384538377153,-0.307873071192435,0.00176170410004613,0
0,-0,0,-0,-0.0313983691602052,-0.309782971812157,0.00182405324919888,0
0,-0,0,-0,-0.0311876654315514,-0.311686852336182,0.00173518902031214,0
-0,-0,0,-0,-0.0313746174434191,-0.313597462772968,0.0016920797988128,0
-0,-0,0,-0,-0.0313316543676945,-0.315507137226604,0.00350421754283615,0
-0,-0,0,-0,-0.0310236436571661,-0.317428955011964,0.00370601786408933,0
-0,-0,0,-0,-0.0311081296260045,-0.3193288732614,0.00414037066009612,0
-0,-0,0,-0,-0.0311531816908864,-0.321237281555608,0.00376639369184632,0
-0,-0,0,-0,-0.0309795976251574,-0.323151630861702,0.00369388710974958,0
-0,-0,0,-0,-0.0312728322832402,-0.325051289147527,0.00582204293613104,0
-0,-0,0,-0,-0.0316100013065183,-0.326971120289702,0.00595415831049837,0
-0,-0,0,-0,-0.0313419583631884,-0.32887765505867,0.00580668896866004,0
-0,-0,0,-0,-0.0314074854493048,-0.330776664275036,0.0056382340608649,0
-0,-0,0,-0,-0.031457424554305,-0.332702732329837,0.00533648040883824,0
-0,-0,0,-0,-0.0312791782756879,-0.334613247303846,0.00409123177367694,0
-0,-0,0,-0,-0.0313190634505225,-0.336519612556301,0.00421921666240165,0
0,-0,0,-0,-0.0306265477007419,-0.338423781804466,0.00213416169555599,0
0,-0,0,-0,-0.0302501416077674,-0.340332104396606,0.00223902668796466,0
-0,-0,0,-0,-0.0305581592981347,-0.342247109315481,0.00240426341928822,0
-0,-0,-0,-0,-0.0300595768098756,-0.344154155344324,0.00252382027269505,0
0,-0,0,-0,-0.0294981444850548,-0.346070543357545,0.00255525835303051,0
0,-0,-0,-0,-0.0292821026506489,-0.347978901994306,0.00275790283469784,0
0,-0,-0,-0,-0.0285405922136268,-0.349895511706749,0.00286437376790331,0
0,-0,-0,-0,-0.0282209769129916,-0.351801472797171,0.00169420540474282,0
0,-0,-0,-0,-0.0281568254496235,-0.35370851084623,0.00135691766482387,0
0,-0,-0,-0,-0.0274071430715399,-0.355616874912208,0.00143991474869715,0
0,-0,-0,-0,-0.0268060028662423,-0.357526949072998,-3.6579765596499e-05,0
0,-0,-0,-0,-0.0266700337807395,-0.359453727400558,0.000337802540444032,0
0,-0,-0,-0,-0.0260374551738538,-0.361347597490004,-0.0015218177325058,0
0,-0,-0,-0,-0.0254486804036526,-0.363255012515624,-0.00118310017734592,0
0,-0,-0,-0,-0.0248694911431659,-0.365165709645076,-0.000820047035763646,0
0,-0,-0,-0,-0.0241538403355198,-0.367072269019301,-0.000638912045997252,0
0,-0,-0,-0,-0.0239776636817251,-0.36898473572544,-0.000547895053484503,0
0,-0,-0,-0,-0.0234712897724428,-0.370901867068913,-0.000189393390020244,0
0,-0,-0,-0,-0.0226218581128879,-0.372802615335703,0.000292741301785038,0
0,-0,-0,-0,-0.0220436586916221,-0.374723492839756,0.000399891918796406,0
0,-0,-0,-0,-0.0221876056332215,-0.376626650443273,0.00062973595363091,0
0,-0,-0,-0,-0.0216543587231617,-0.378540358367983,0.00110180203116693,0
0,-0,-0,-0,-0.0214401661788475,-0.380443599779632,-0.00225829124769364,0
0,-0,-0,-0,-0.0212021902361056,-0.382354167098981,-0.00229767898394404,0
0,-0,-0,-0,-0.0211881634165271,-0.38426751049573,-0.00244321797733614,0
-0,-0,-0,-0,-0.0216149368167904,-0.386173708456807,-0.0023025894343393,0
-0,-0,-0,-0,-0.0213298309227463,-0.388096835538493,-0.00194727638522214,0
-0,-0,-0,-0,-0.021390967953378,-0.389996725460182,-0.0080089634364538,0
0,-0,-0,-0,-0.0215514826386682,-0.391913014820423,-0.00825955680352396,0
-0,-0,-0,-0,-0.0219901035551896,-0.393821069259513,-0.00797843550493588,0
-0,-0,-0,-0,-0.0219759010342084,-0.395725772634058,-0.00791379836866482,0
-0,-0,-0,-0,-0.0221027583873318,-0.3976418132515,-0.00814924090393616,0
-0,-0,-0,-0,-0.0223035939752127,-0.399553011588591,-0.012318768529759,0
-0,-0,-0,-0,-0.0221925257751355,-0.401462947797759,-0.0121828311230678,0
-0,-0,-0,-0,-0.0223017029632439,-0.403368209413074,-0.0179557729216535,0
-0,-0,-0,-0,-0.0226860277039826,-0.405277227257776,-0.0182706896022118,0
-0,-0,-0,-0,-0.0233368371145588,-0.407192900270807,-0.0191483870519358,0
-0,-0,-0,-0,-0.0233193427808774,-0.40909176572223,-0.024139213595502,0
-0,-0,-0,-0,-0.0238129932361355,-0.411003855216225,-0.0239587906836231,0
-0,-0,-0,-0,-0.0241000735388335,-0.412920212603906,-0.0241237366254339,0
-0,-0,-0,-0,-0.0239999296667058,-0.414830409601224,-0.024444416664721,0
-0,-0,-0,-0,-0.0246248656257367,-0.416744270623968,-0.0250507680647803,0
-0,-0,-0,-0,-0.0253653007968484,-0.41864007381145,-0.0264739274108696,0
-0,-0,-0,-0,-0.0260402299834869,-0.420559342834146,-0.0268116681865738,0
-0,-0,-0,-0,-0.0264580774647425,-0.422463216085792,-0.0367382432546274,0
0,-0,-0,-0,-0.0299122493994754,-0.229209834855118,-0.0850741361132466,0
0,-0,-0,-0,-0.0297218726347156,-0.231119987009989,-0.0959194432409478,0
0,-0,-0,-0,-0.0294751708211262,-0.233025306884014,-0.100473275112698,0
-0,-0,-0,-0,-0.0299769475555036,-0.234945264850515,-0.100537405186943,0
-0,-0,-0,-0,-0.0297579334874609,-0.236852770764601,-0.109733610764361,0
-0,-0,-0,-0,-0.0299686098677074,-0.238763073588235,-0.109362227180295,0
-0,-0,-0,-0,-0.0305244714847841,-0.2406701536528,-0.115150807450308,0
-0,-0,-0,-0,-0.0301661408107239,-0.242577318748227,-0.115686903228628,0
-0,-0,-0,-0,-0.0302502736590242,-0.2444917444356,-0.115410987020723,0
-0,-0,-0,-0,-0.0301041886007263,-0.246393067624001,-0.122842269977525,0
0,-0,-0,-0,-0.0295704011217232,-0.24830948138474,-0.123004606864991,0
-0,-0,-0,-0,-0.0300865987281691,-0.250220385570757,-0.128614898703582,0
-0,-0,-0,-0,-0.0295845900708501,-0.252140666720709,-0.128271287686042,0
-0,-0,-0,-0,-0.0302627366201807,-0.254041113906597,-0.127010217560771,0
-0,-0,-0,-0,-0.0310827493524651,-0.255956608308339,-0.124122511056838,0
-0,-0,-0,-0,-0.031647513992642,-0.257859509261618,-0.123867077179368,0
-0,-0,-0,-0,-0.032186612020411,-0.259765456178437,-0.119821100940267,0
-0,-0,-0,-0,-0.0324590125691948,-0.261675530693869,-0.119582523008816,0
-0,-0,-0,-0,-0.0330274956006853,-0.263589929562963,-0.119621044409617,0
-0,-0,-0,-0,-0.0331876888916412,-0.265502785703271,-0.119562688904534,0
-0,-0,-0,-0,-0.0335298581871879,-0.267422442201425,-0.119287143566499,0
-0,-0,-0,-0,-0.0341453711972732,-0.269319493820213,-0.119355104285207,0
-0,-0,-0,-0,-0.0345799034309223,-0.271224388696971,-0.11958625359851,0
-0,-0,-0,-0,-0.0356181083632379,-0.273142134156308,-0.118309591971119,0
-0,-0,-0,-0,-0.0356375048976438,-0.275044760880515,-0.117659979834829,0
-0,-0,-0,-0,-0.0361951807600722,-0.2769641476175,-0.117451436507374,0
-0,-0,-0,-0,-0.0366274792886642,-0.278872597915999,-0.111979304651373,0
-0,-0,-0,-0,-0.0370799047140434,-0.280784808369816,-0.111822265570335,0
-0,-0,-0,-0,-0.037582745662568,-0.282690950375363,-0.11167134546617,0
-0,-0,-0,-0,-0.0370058145623379,-0.284590469755365,-0.11192726944807,0
-0,-0,-0,-0,-0.037469477707164,-0.286514518537425,-0.112336421242082,0
-0,-0,-0,-0,-0.0370845529443377,-0.288417593308643,-0.116223364086896,0
-0,-0,-0,-0,-0.0372040975575379,-0.290328978145296,-0.116100525343167,0
-0,-0,-0,-0,-0.037714936437996,-0.292236401045134,-0.118129445632437,0
-0,-0,-0,-0,-0.0372423859842922,-0.294155617749727,-0.118184354020752,0
-0,-0,-0,-0,-0.0374523088879825,-0.296059795075159,-0.117500488414058,0
-0,-0,-0,-0,-0.0372771475978521,-0.29797062838421,-0.116044006502891,0
-0,-0,-0,-0,-0.037823487277853,-0.299874831233533,-0.115903685926109,0
-0,-0,-0,-0,-0.0383025874526619,-0.301790149345947,-0.112036632709188,0
-0,-0,-0,-0,-0.0380421118507091,-0.303698575789213,-0.112230356488182,0
-0,-0,-0,-0,-0.0388661513382426,-0.305610009289117,-0.109275471098093,0
-0,-0,-0,-0,-0.0393831957123817,-0.30752141103632,-0.106364413481294,0
-0,-0,-0,-0,-0.0400801178656816,-0.309436792279253,-0.106254572005524,0
-0,-0,-0,-0,-0.0406624501640218,-0.311336163315952,-0.106370310666396,0
-0,-0,-0,-0,-0.0411238692963164,-0.313249709037242,-0.106666351112444,0
-0,-0,-0,-0,-0.0424094642369905,-0.315163223033666,-0.105086639746369,0
-0,-0,-0,-0,-0.0430999022906444,-0.317066850000128,-0.10463963834268,0
-0,-0,-0,-0,-0.0442892863438786,-0.318969490835418,-0.104871048784624,0
-0,-0,-0,-0,-0.0449927625218668,-0.32090240947095,-0.103351023232417,0
-0,-0,-0,-0,-0.0458060920937805,-0.322803815166797,-0.103318373004037,0
-0,-0,-0,-0,-0.047334353341071,-0.324710062482469,-0.104880638129293,0
-0,-0,-0,-0,-0.0481369526193857,-0.326617097948953,-0.105693623240481,0
-0,-0,-0,-0,-0.048886143371756,-0.328529064933227,-0.105932563450191,0
-0,-0,-0,-0,-0.0486726542513582,-0.330433300554011,-0.105586852487149,0
-0,-0,-0,-0,-0.0481878783615499,-0.332349209375952,-0.105051403330121,0
-0,-0,-0,-0,-0.0488307153166529,-0.334260278517438,-0.106435065638112,0
-0,-0,-0,-0,-0.048110415824837,-0.336182462182232,-0.106875133644112,0
-0,-0,-0,-0,-0.0479304752962613,-0.338082685496885,-0.106407955583391,0
-0,-0,-0,-0,-0.0477775948084614,-0.339997349729374,-0.106084020857926,0
-0,-0,-0,-0,-0.0475826143172435,-0.341899817947999,-0.106409672644704,0
-0,-0,-0,-0,-0.0476324063937645,-0.343806880612863,-0.103885550033995,0
-0,-0,-0,-0,-0.0469258576912944,-0.345715788942885,-0.10363581498958,0
-0,-0,-0,-0,-0.0469877015428739,-0.347633634043977,-0.101333938124569,0
-0,-0,-0,-0,-0.0469357733834193,-0.349541785544476,-0.099198797757237,0
-0,-0,-0,-0,-0.0470389031351466,-0.35145781590605,-0.0989413030821133,0
-0,-0,-0,-0,-0.0474185098551258,-0.353349972763494,-0.098068806372565,0
-0,-0,-0,-0,-0.0470867057489264,-0.355264716715218,-0.0982785485380236,0
-0,-0,-0,-0,-0.0475393077489309,-0.357183443506326,-0.0963759026088587,0
-0,-0,-0,-0,-0.0472984200928381,-0.359089293909499,-0.095867522485226,0
-0,-0,-0,-0,-0.0473800468788936,-0.361000193167894,-0.0956384818127355,0
-0,-0,-0,-0,-0.0474587011014413,-0.362909613727377,-0.0873993418897864,0
-0,-0,-0,-0,-0.0468407877781119,-0.364822579585181,-0.0875979867940977,0
-0,-0,-0,-0,-0.047048574385944,-0.366724994102566,-0.0865733372808588,0
-0,-0,-0,-0,-0.0469693754628283,-0.368638759543914,-0.0865625727362127,0
-0,-0,-0,-0,-0.0467195010336929,-0.370550060076492,-0.0874881560442161,0
-0,-0,-0,-0,-0.0473161943128961,-0.372453554498734,-0.0963786167335329,0
-0,-0,-0,-0,-0.0469446455875146,-0.374372280313643,-0.0963980152088721,0
-0,-0,-0,-0,-0.0472761551409753,-0.376281218913757,-0.0982296479785537,0
-0,-0,-0,-0,-0.0475914286964607,-0.378200949918111,-0.0982370795560278,0
-0,-0,-0,-0,-0.0474446683071815,-0.380105457556459,-0.0982741668359982,0
-0,-0,-0,-0,-0.0475979101438981,-0.382006951271454,-0.0980754992287173,0
-0,-0,-0,-0,-0.0474154652028231,-0.383919106958796,-0.0982599760612676,0
-0,-0,-0,-0,-0.0472101367139639,-0.385821728660864,-0.098520980143719,0
-0,-0,-0,-0,-0.0477519308802972,-0.387741329899051,-0.0985338589556264,0
-0,-0,-0,-0,-0.0477566869035626,-0.38964934952785,-0.0987603776693802,0
-0,-0,-0,-0,-0.047678429209184,-0.391561359600592,-0.0985979715505624,0
-0,-0,-0,-0,-0.0485955376935727,-0.393476527294979,-0.0986479297208247,0
-0,-0,-0,-0,-0.0483917488202945,-0.395377369263632,-0.10065084853012,0
-0,-0,-0,-0,-0.0490416671883454,-0.397291357141355,-0.100458331552672,0
-0,-0,-0,-0,-0.0499399101637557,-0.399200216824877,-0.100447389380048,0
-0,-0,-0,-0,-0.0503742019946968,-0.401112106784256,-0.100475465755435,0
-0,-0,-0,-0,-0.0507969564840352,-0.403020012463728,-0.10040485574326,0
-0,-0,-0,-0,-0.0514982640915868,-0.404930760580151,-0.0986957428760438,0
-0,-0,-0,-0,-0.0524219688069913,-0.40684847057644,-0.0986808413201173,0
-0,-0,-0,-0,-0.0528210172455619,-0.408741443375431,-0.0985564019130316,0
-0,-0,-0,-0,-0.0535275358054192,-0.410657621965006,-0.0986497601500671,0
-0,-0,-0,-0,-0.053744161264934,-0.412568011979747,-0.0988873636399036,0
-0,-0,-0,-0,-0.0541494208182935,-0.414473472486673,-0.0988791814102499,0
-0,-0,-0,-0,-0.0550879293824972,-0.416391588529874,-0.0986791889832511,0
-0,-0,-0,-0,-0.0559119429542111,-0.418295933578202,-0.0988705485616834,0
-0,-0,-0,-0,-0.0566250998696825,-0.420214568708856,-0.0990239484115819,0
