0.0770921191248544,0.645032213430906,0.0190082691691444
-0.435374027096477,0.171383699048903,0.126574311714596
-0.793158867983264,0.605327190325091,0.0570380680427935
-0.849305046248875,0.584465847992008,-0.22451779548328
-0.32464864503618,1.08572086600586,-0.0721594955084326
0.533070645254028,0.912036135534648,0.21353174130159
-0.00108394646050437,0.837187895949926,0.279229513780085
0.250695326954651,0.569958353022199,0.401819688889279
-0.165629475444717,0.0256140157635182,0.132652299402921
0.89727745472964,-0.0410193549012313,0.158956019519485
0.477233245327509,0.174704682564171,0.330526262912711
0.653647436172984,0.358091475528778,0.466702337230651
0.256748387750003,0.380038219138355,-0.061706334718868
0.790838275402162,0.782137846268022,-0.0391496125515024
-0.468254184783297,0.541727192557367,0.163250540766214
-1.10629218853738,0.493947655729693,0.190906609940682
-1.70837225511796,0.113861126283974,-0.180329473992022
-1.88628762495067,0.0602365765103771,-0.153799249896948
-1.00507363218609,-0.213636429290688,0.0157722798762452
-0.284327285494923,0.286598750977563,-0.235461065700371
0.38829977098173,0.351576403760343,-0.494519460842511
-0.0606179541086909,0.239381005763216,-0.398426731183774
0.178633821434759,-0.286062131635608,-0.085935255349561
-0.594335827943686,-0.515484129680099,-0.307299512376779
0.397985501474618,-0.59077247870581,-0.106476845432901
0.00935939392863457,-0.772298861431175,-0.129936834637263
0.595803610037515,-0.249630465803184,0.0222815088324591
-0.0385425927878445,-0.0602992589258096,-0.165677380630856
0.272938875350781,0.234257738809181,-0.318267001211083
0.515521251093578,-0.10609838602245,-0.355968534601772
0.526860816199027,-0.218146983781077,-0.196698633760842
0.276228877787152,-0.585505281710117,-0.24163438335726
0.540172775913424,-0.692008756957074,-0.247276967165816
0.626133725460498,-0.748943257733217,-0.0429609342786226
0.115313195256536,-0.28400930343229,0.133156011349922
0.257704217003628,-0.0738756779463412,-0.199729396497724
-0.230490136398858,0.398224307975783,-0.381830663677336
0.130087497348395,0.985352154719329,-0.152311160927096
0.116496910713482,1.1956655299436,-0.15508295748507
0.34082188753024,1.10328250915192,-0.439535248713741
-0.668535073710022,0.831269814979719,-0.379903569812617
-0.25353780611328,0.426058556443618,0.137095081924652
-0.374386740305449,-0.13962976513311,0.148964048842984
0.495654317858426,-0.197085395055106,0.111496286248346
-0.0418537883200231,0.122519993557231,-0.0323196312192055
0.308449651804356,0.677789929646115,0.0639222453202928
-0.103881817811057,0.657201759566873,-0.0187544203798433
0.193122734351908,0.801689278847827,-0.113754489271187
-0.116386747487595,0.507993348989105,-0.00429326379267107
0.507690058085444,0.367356581175125,0.247340242319321
-0.185435987774716,-0.261831499662497,0.0444612680249303
-0.217603996914769,-0.0665371326102496,0.0543052976452432
-0.613263152600697,-0.212376778691635,0.15807983814427
0.33968507922822,0.26747445007201,0.362175479685692
-0.0238908428840227,0.320241010883796,0.182366431496818
0.0553710414086776,0.574856780326113,0.020149863446093
0.0549769568541846,0.195551088830405,0.122570022788489
0.441656929862542,0.355834406909357,0.487646361707782
0.0183756820542906,0.364294197671669,0.112762321284507
-0.209058767178015,0.469682861981039,-0.146533234848611
-0.832525336438907,0.101249854687793,-0.0962267784968439
-0.939705564825494,-0.00860393590835994,0.0915703375705799
-1.2787477744052,-0.0633483469126326,0.0761521724668194
-0.708921067705062,-0.0984265046128422,0.0533608182425918
-0.654701525127833,-0.240904997186776,-0.00656312649364802
0.216648214666061,-0.174619209301508,0.0268207427432552
-0.0653405008593463,-0.201543500662573,-0.147356576335217
0.324432868248606,0.438688801786068,-0.116875275144405
-0.397915794006114,0.773184766506329,-0.0985612231696177
0.284660007092371,0.786492036003399,0.0576978268029394
0.403146758063131,0.139704355364604,0.0912763301286787
0.800605195194521,-0.134575601098951,0.0601827089995706
0.111502997443582,-0.124514115176552,-0.0378182938360875
0.224861245365915,-0.0186054506591376,0.050231260576445
-0.356829446964285,0.385579875100406,-0.0832533193171729
0.0443317404991012,0.845077808038394,-0.220950699661683
0.0431370807332553,0.963164398856187,0.0135741796383553
0.251509312741532,0.542174588361979,0.0283611507477965
-0.00819555405635382,0.0750534163817179,-0.0562901897421605
0.0613794112928241,-0.801386250382782,-0.145205707252551
-0.384888409448958,-0.705187740944659,-0.195564234459015
0.119690295483774,-0.49506526565882,-0.220939717744264
0.28260299555653,-0.0254928589458809,-0.0536574345656437
0.111434227585169,0.244540805391129,-0.11391923620665
0.283973443232347,0.645197163513173,-0.141489769693015
0.427418419771266,0.712884182340439,-0.254983905944778
0.177650404893346,0.329965593774966,-0.0254046209528194
-0.213423753210341,-0.199947261522334,-0.0732851399330897
0.298010438222498,-0.20639069190757,-0.188362499185489
-0.0365067507474207,-0.370145709470472,-0.159833327445889
0.152261842156642,0.0390553634487651,-0.105139134277997
0.0765744357019873,0.251000308985619,-0.202756709236624
0.521778331843331,0.775605899488367,-0.0991399011710695
-0.00704721628044234,0.458360214176889,-0.375708851294653
0.110393782131073,0.453097379490076,-0.252554397886526
-0.231725162379057,0.383805006622236,-0.191903759228726
0.013527853274331,0.250477152877241,-0.116005080686719
-0.891723169697464,-0.257014649507969,-0.355280582345717
-0.830690771455882,-0.0736393248306736,-0.265228642234031
-0.946500453079231,0.186492711750091,-0.237170753147249
-0.279434562665796,0.510322666944559,-0.338151032732737
-0.866558616153648,0.250001464445047,-0.210122601067774
-0.196125713001268,0.22069058884482,0.32037383269108
-0.332481518901558,-0.143794254758001,0.29829767598939
0.482193596025062,-0.32621377329979,0.117504564680972
0.130350012234122,-0.676359181366918,-0.0405837516384171
0.597972372392896,-0.604671254625093,0.162045605749223
0.30691096078969,-0.516354099521389,0.109469256635758
0.686541190194369,-0.0554514341218942,0.244789331023173
0.359744958446387,0.441940969172494,0.271222330536294
0.750770438944838,0.431073403944813,0.221931605378192
0.645650046460334,0.384805672218351,0.356533876897312
0.93472023301237,0.277341388878181,0.365573529829187
0.0959041820389944,0.158226648787539,0.280764023945182
0.247372010309054,-0.0137895930699084,0.303790548988132
-0.487245840236343,-0.158581928362979,0.235927508698192
0.0874234281289968,0.0146291752026116,0.368524562327824
-0.324106532270393,0.19642941037109,0.175644784233354
-0.362272855221627,0.556983316598038,0.125706332804126
-0.614262710847188,0.606371227104992,0.136842951584785
0.093325318582851,0.166918143866181,0.38333050078065
0.319433272656586,-0.236236418624908,0.428740907344998
0.797734462030553,0.00224454161687605,0.31029000318205
-0.061401713685887,0.529602671823747,0.148140302163879
0.419080876194461,0.772095872828995,0.221233996267689
0.298248462079735,0.707003175547192,0.0994638124923303
0.750976920965133,0.627687364078388,0.24164562650704
0.363941536918619,0.412496516153846,0.17722584863414
0.748287030706014,0.558381412189155,0.251319541103605
0.610705224503935,0.160878416576203,-0.00645653064731351
0.85512196943893,0.251136595887493,0.25114533638156
-0.101730858972751,0.0495461934409298,0.274616198886745
0.103624696856741,0.390841190803924,0.298020722993671
0.101477478638854,0.384674858283204,0.0124852274451311
0.342941380227081,0.267873249620858,0.222160589411685
-0.0476052991433836,-0.063440667374933,0.168213837194758
0.294632887268494,-0.174076926283045,0.251858234474617
0.251449551980481,-0.01436410558097,-0.105252029871005
0.275520138594127,0.273985763834666,-0.181679745179694
0.0775172050905063,0.10104451329488,-0.0524110211683181
-0.122844369945604,0.396851314109042,-0.0242576716393812
0.198720827129806,0.3997520952244,-0.270454172545167
-0.381778705919676,0.606161778194013,-0.315194797263575
-0.138337975914406,0.337520430111243,0.0318985749969941
-0.00827514409931346,-0.377893858993065,-0.237210652514916
0.0883250080570729,-0.359125839920251,-0.495149559262987
-0.323086580826179,-0.0820539148673675,-0.481298148626043
-0.0767313972628357,0.296687808253586,-0.228796138063978
-0.256919594813692,0.132963835872798,-0.019883606140687
0.293510148587323,0.502488465457985,-0.251958261168162
-0.718436995287465,0.31983918087316,-0.492450459279924
0.105307440292409,0.0791387046449788,-0.112032490554594
-0.0836440038528765,-0.415950361806673,-0.195006966619834
-0.118845748597356,-0.0108376350327161,-0.306655865780126
-0.027124165692133,-0.0773104550852774,-0.337718008669465
-0.446738729778182,0.260353123884927,-0.159738683334527
0.243798390381078,0.47897104674888,-0.0838898322403046
0.13143121566064,0.176404182751541,-0.205562564855367
0.293362003793518,0.438803398812723,-0.161606526602855
-0.554449748181471,0.0857517139780614,-0.090426674211816
-0.254102937226228,-0.0173053505384291,-0.00677171450723447
0.041085348949015,-0.141001261710818,-0.040888447408914
-0.393680869188628,0.215054597570167,-0.133408497268493
-0.00544635782924976,0.360554221036928,-0.235350107854065
-0.431339913498455,0.402118156068949,-0.495968431425475
-0.704930047097528,0.745867680024721,-0.291384322983801
-0.728839334531503,0.461868062206914,-0.0641551816074403
-0.839947610112178,0.223435267699654,-0.154402983858523
-0.568783329187087,-0.339472771941321,-0.207772577333287
-0.54820946648504,-0.210731157995633,0.171306993222746
0.160245198171711,0.0126292701927816,0.0545913385475637
0.00612215847327953,-0.0963766574612177,-0.193555441938988
-0.410092724259952,0.494621872890036,0.0275041103430313
-0.0653622503761609,0.512878484199759,0.190101393195836
-0.789800636491081,-0.0808551563559803,-0.0311067502957236
-0.681196037121211,0.326951289869015,-0.258745897554982
-0.42802331725454,-0.15947569181733,-0.110405437140516
-0.783933192396634,-0.485697367583968,0.172722642943165
-0.204695013350734,-0.0087505371336589,0.160703796704513
-0.4168121347244,-0.336469643277301,-0.109598379999043
-0.425553331373204,-0.0833536025805183,-0.051185869294469
0.00781269504748325,0.306190275644494,0.0717376400323344
0.438292908631095,0.00237376105858864,0.149310336974055
0.086727523680953,-0.0315085397047227,-0.0343628703928483
0.135157312556047,-0.219894900732039,0.133842540067214
0.302426096012463,-0.6401295179726,0.347857149211839
0.470249694322154,-0.442104429632861,0.330054089380711
0.352626930088462,-0.162416564715696,-0.0039541777691093
-0.296631197586465,-0.11031584774468,0.00646046151320486
-0.264696284407346,0.117367689982369,0.256253875807601
0.446773892830087,0.333042663321119,0.432248162643339
-0.120473094658047,0.401109968571747,0.260434171629684
-0.00853368920979404,0.306573352009818,0.0942370922501454
-0.0605763931155665,-0.0745547198641035,0.14412458869571
0.178395371519245,-0.344460997789918,0.229396634839707
0.475720725624107,-0.485591617651095,0.0913319794681835
0.114721837391581,-0.238020735092476,0.146494754246093
-0.49517007138829,-0.0103177273276758,0.281595819437685
0.184107254396146,-0.00780470986072917,0.37546011449965
0.241752003110096,0.351600845762126,0.144206420206957
-0.359826607379472,0.524899492879805,-0.0365895284431392
-0.714776705928395,0.555777153187335,0.0771045672989525
-0.0736801098945332,0.521262940424646,0.24294275889052
-0.104501302171803,-0.0909676654272463,0.0392687705790567
-0.818168222160875,-0.102861486587082,0.0820672483548481
-0.535611184499282,-0.166926895233191,0.096015197977018
0.26949338014275,0.130868142726073,0.310940981347242
0.475101270634461,0.173602368163418,0.295678036352279
-0.495041544211347,0.303123495827589,-0.0921457267468228
-0.551454953955102,0.298024522179402,-0.0237888341815006
0.220102098927339,0.247483787066394,0.304698367283528
0.41547221902533,-0.165409635827101,0.350666148516436
-0.498074494358002,-0.284810983877136,0.0702727289971586
-0.0211621653373853,-0.400824888240172,-0.0533473531947204
0.422195504212222,-0.226379596626375,-0.0333436467544701
0.524849424002067,-0.302101630067767,0.109350228039154
-0.0481534993220066,0.0573581166415898,0.123558931247819
-0.298784867250455,0.0615734029217835,0.0232394509274788
0.19949576727303,0.156347137701728,0.0289120827005288
0.330112382104199,0.155284177487133,-0.130689553506699
-0.075700499595901,-0.0141206825952454,-0.151907474682709
-0.248665394506247,-0.394983736439928,-0.1375330507924
-0.180112545736257,-0.212996377975731,-0.114157584885316
0.10961611264302,-0.3418946998223,-0.15104640482823
0.233166873988405,0.310430948600225,-0.138929432074701
-0.102894169338713,0.246637257391167,0.00865729282935422
-0.0888250036883514,0.323432691113626,-0.129884378169104
0.532602788694637,0.232116120702485,-0.116872146122026
0.253260586160478,0.0581688728888098,0.0754090778004065
0.075907449956609,-0.343177971663018,0.193356760441823
0.139644221796961,-0.267884299768058,-0.137002346041851
-0.1139613637572,0.0786996748042993,-0.217313241636987
-0.25639624094946,0.242719773723441,-0.111556789641839
-0.41930725483686,0.330214756006807,-0.0730263203327467
-0.0454226040288504,-0.0768693644362841,-0.113119513971678
-0.340754989895458,-0.189774677106363,-0.26424282003607
-0.221494859049618,-0.0832895333819922,-0.305599260554007
-0.441200902876243,0.00735302407598831,-0.281529365837328
0.335500074992379,0.296466000157217,-0.110085776837433
0.509748458358668,0.398132996919746,0.0530797809655123
0.39215184022028,0.658108999995991,-0.1504916276572
0.524167545072621,0.507385413861756,-0.19051748004274
-0.111777430048351,0.565635502429432,-0.20986761066774
0.235895650875606,0.0858726113493523,-0.0129329260146538
0.401456657159867,-0.548244136854909,0.0401344494332222
0.170400774144335,-0.378661459031818,-0.141458905944511
0.208071352668235,-0.323601096370413,-0.123686381296618
0.220859728979464,-0.0754987722488175,-0.229733025279474
-0.0841789087568822,0.505447528747813,-0.172810399542529
-0.318403293833924,0.563038753378428,-0.106393228516864
-0.126957944903249,0.434319325294219,-0.0663218036274202
0.0688706325289952,-0.0769634878171108,-0.147798998218646
-0.0283421362390369,-0.512587086971835,-0.0259130628490468
-0.407711294687141,-0.83507136734544,0.0852585595367637
-0.309231431603595,-0.362022719920506,-0.0957921954950264
-0.0946082514533252,0.0325036092683952,-0.0389115148395961
0.159584910044011,0.171400727194615,0.0417195622600269
0.243164818364578,-0.0161495345513655,0.00239694419068889
-0.221037599733843,0.0808699125879699,0.07042688997684
0.0475600559001182,0.208854770212124,0.184272391248695
0.487994649505555,-0.0526952446589346,0.290869145546976
0.11741513403866,-0.405983071577271,0.21266832109116
-0.17925837409646,-0.590578974192012,0.0110815559716701
0.263936791065032,-0.38256697289576,-0.137688546295375
0.152124463540223,-0.30250713125779,0.0471422711581355
-0.60923979765189,0.103019243925884,0.129637677610154
-0.234532375561866,-0.140132368621545,-0.0525876216463069
-0.413176228963746,-0.0739943573217554,-0.20845186566585
0.000329358450994542,-0.316291069436722,0.0530959709327167
-0.0331664229216004,-0.27416325872132,0.0506425490600505
-0.05092735682205,-0.123685598530274,0.0022620718360925
-0.188759727350206,-0.0716648206778533,0.00504950600066635
0.387809443608359,-0.165720352213895,0.161644238449449
-0.0533603229763937,0.0223721843656289,0.100954429418351
-0.175604550498296,0.0498683901568979,-0.0129701295388471
-0.321770832593519,-0.360013686652623,0.0479140158329678
-0.472029936291321,-0.0856702888434304,0.164701281411298
0.0338203925233423,0.12254980877208,0.0149555023309326
0.322010821716159,0.249349666955927,-0.0137922530023877
0.545523251251635,-0.168371086432488,0.175600907397463
0.0529248867345756,-0.218792672706855,0.228078932999247
-0.0366545340369817,-0.106570888214497,0.150462167250212
0.0724683414005252,0.087248011508328,0.0474105752618687
0.460061293570178,0.312564071073755,0.0155394113979592
0.615012355178361,0.324582128039602,0.171441636725081
0.356746532494221,0.139357099789913,0.381614709862853
-0.340631559300883,0.111895677661666,0.246885024814147
0.0773032965516058,-0.19728733026695,-0.141098548490776
0.96305498289862,-0.241903872166216,0.103410859414077
0.973664426123567,-0.269260998962459,0.36930794488279
-0.403630165524052,0.14744967981189,0.231989727852658
-0.245972046601805,0.244666602114735,-0.0543034663481763
-0.0298389469271303,0.674420614582123,-0.0399881163660182
-0.123867140421865,0.45167607730554,0.064328286217678
0.232414753136011,-0.46053971865852,0.121884957394781
0.280650353630676,-0.572179660748491,-0.000461734445965353
0.565359023682603,-0.313007271423428,-0.00657712575436384
0.340911580985946,-0.0795328798745407,0.0666135193010701
0.330510504320556,0.154393662819129,0.122274446953899
0.687173773219483,0.408091068970421,0.032937944423833
0.188462792097594,0.43848076724187,-0.296075950581609
-0.0558269138812747,0.219483358475768,0.188427416850659
0.263956809591524,0.714403485489645,0.232463810245845
-0.14839784275439,0.746628348599478,-0.0279424044203995
-0.153248914586272,1.17964061513941,0.10692293370199
0.856012174046342,0.982636061788066,0.173064130881425
0.149639180030432,0.53729332820213,-0.0705582701274853
0.437581063150604,0.573411471712389,0.042788784001939
0.733180523953628,0.269596025012394,0.0452710827283093
0.638759983556501,0.0229559390937861,-0.024108865306332
0.821270020781741,0.13307977840002,0.0872018679209572
0.634218807625896,-0.47610512531437,0.0743754006402764
0.292747987454914,-0.16772133776805,-0.098605651916788
0.546328083303635,-0.012526630007127,-0.259601422483694
0.115413104642896,-0.181915457312915,-0.17046857735184
0.158611967919963,0.116284701982973,0.118191898017409
0.821283420795156,0.0724065055794408,-0.035015989281495
0.0876289050412532,0.226084777325028,-0.279909671148269
0.5639321041622,0.161199508468633,-0.0677776876792008
0.229407743722004,-0.398045819530325,-0.0876423176400205
0.207981783269599,-0.315384009504954,-0.149292065686802
0.607892802871958,-0.140732938475733,-0.175639080390984
-0.242159606640654,-0.237354798767496,-0.250480384275497
-0.15717736904238,0.456031179377164,-0.157425307008508
0.26897647846703,0.471105780302455,-0.076879137042586
-0.405611727525115,0.198030199333176,-0.266393524316916
0.162469945091533,0.291615371718308,-0.291579302951019
-0.227171612806426,0.0899328997753513,-0.116986687637196
-0.534847383252116,0.551194787384578,-0.0480255354241467
-0.108953591449597,0.796854986635122,-0.214704799050987
-0.906305859179397,0.671248290132904,-0.42244522466503
-0.953934358801485,0.713115338661831,-0.0957604129479
-0.450353529096505,0.218837990712554,-0.121659697340705
-0.535307206034338,0.0282644042165801,-0.464175707408631
-0.0516221875160795,0.0571495157242248,-0.15019010087417
-0.329130244129642,-0.202414620274117,-0.0203400946522807
-0.223578122580546,0.229362029129421,-0.0986571016744671
0.291540874253404,0.498886814565255,-0.218998755418114
-0.390525541589144,0.380949832168352,-0.103869350536279
-0.442740627862047,0.53935017412971,-0.102697828059194
-0.108025175121687,-0.0854487695914162,-0.349866795146275
-0.0542296061534432,-0.369470663039764,-0.30780206423943
0.534338533642484,-0.612917862934127,-0.157111940590935
2.16305797194061e-05,-0.632015557612927,-0.307732349492821
0.088112104107111,0.0180243007451557,-0.289963487364332
0.348951990914419,0.321789152091698,-0.0357221771248673
0.0170130784329325,0.312833880515745,-0.0170698288996268
0.340643577718412,0.678318465464495,-0.276628856817615
-0.0886648456928736,0.223306797790759,-0.168852535840693
-0.568552991114975,-0.0118952450639382,0.0743690981003207
0.245658440627809,-0.338549446678037,-0.0281387124975223
0.239485755805124,-0.518988226182602,-0.413624958505583
-0.139791493810146,0.130361252947311,-0.33939280216001
-0.221613207644687,0.48923148010568,0.117919594863773
-0.562427824667732,0.44946547384829,0.00292002415166339
0.263733148890457,0.999024851791116,0.0164609306776634
0.149352837464069,0.419739040168989,0.0332673775555972
-0.263823028810425,-0.187216905472518,-0.0539006230971695
0.33156606179699,-0.295146080405729,0.0546113920963067
0.0942091949260377,-0.554979499507903,-0.0705806243698992
-0.370401741666667,-0.249190058333333,-0.12917608
0.151269203752326,0.190038814660697,-0.059040959717727
-0.0234543703523039,0.51419154407124,0.00167002251934796
-0.059309265411642,1.1304465455072,0.296927684858639
0.529395086670102,0.926238159987976,0.323451405328485
-0.00893893506960516,0.364314392767448,-0.0325846107954491
0.207239309480408,0.279380761578789,0.243171584421205
0.50225560023069,-0.265768289723899,0.33953156407944
-0.0116576011284374,-0.587859641049194,0.0543206085561523
0.288030816702219,0.0101068694449806,0.119154374684192
-0.0449004102015002,-0.0930295622684106,0.198660356493047
-0.422138281660562,0.354549160937593,0.116324936277752
0.068842185406937,0.670527795376391,0.0889064348578207
0.134460478243302,0.37100886171483,0.118281180847092
-0.0474345243885394,0.235889582035007,0.287986770935853
0.235494281659555,-0.137690161260168,0.2530198269901
-0.290135368189915,-0.234605633712187,0.294889226048537
-0.203754020347368,-0.204623795746957,0.451602385943004
0.416591734261711,-0.115385629562447,0.470629595357772
-0.40366606507592,0.0364661228467392,0.0495580726714144
0.107816832615243,0.642462433738585,0.10544716297806
0.336111046271349,0.362194058825568,0.399471058436872
-0.358545978033446,0.405439074395548,0.277639953486265
0.00970353534676199,0.246629847601231,0.312994486377335
-0.126091726732544,-0.361362497410699,0.236634920010097
-0.309461705423855,-0.465777579632807,0.152867575497112
0.438817873595443,-0.307405945383224,0.17576770805039
0.497949249440659,-0.385049960503127,0.260163508484757
-0.24043287573929,0.0710984619532785,0.193509136786531
0.256431287754508,0.618628897299113,0.207397372455766
0.134495216610871,0.360333420153075,0.294769372054008
-0.157818885886665,0.302589242697627,0.0807108501002359
0.266691798996267,0.228537947462079,0.109669506144465
0.178246650875897,-0.247624260314841,0.0464649663976607
-0.470664608231579,-0.099066499684877,0.345118177831381
-0.183493566311537,0.107555865058596,0.38999531509069
-0.465465912280506,-0.198326417225099,-0.00593321384725594
-0.98463749957042,0.145401650512396,-0.130676428629187
-0.545343848003022,0.633507214678716,0.229842377518652
0.00354618167996513,0.261154234518274,0.413084565128306
-0.844372515347662,0.0543591197947563,0.0932948821925236
-0.293358122114103,0.258365139400526,-0.163001439990303
-0.196566510083167,-0.133947342608975,-0.0783613176973903
0.0514997213653425,-0.134387966660902,0.0989835763699717
0.489134202437185,0.177504456122774,0.0037896848173508
0.925629457475581,0.0963763400450914,-0.0183705902587187
0.527124390745494,0.0156241669396902,0.0279848803299186
0.42523521257158,0.101727117320838,0.0792758671919292
0.719912324857141,0.27614119169091,-0.0302442981213201
0.199156962059353,-0.0969496994709187,0.0188558966375878
0.492185059259752,0.0525783041907812,0.00683629707158443
0.346731904711326,0.184041473160869,-0.146258647717416
0.255865501004154,-0.132887658488638,-0.0611488429240339
-0.144500580975927,-0.0373645864791211,0.0286115800369731
0.0861192682001037,0.175072642935652,-0.184733131333762
0.204601533771848,0.186586930786212,-0.24124655919967
-0.171655156957932,-0.185025329506842,-0.152582958680084
-0.109518549952519,0.0531864939211879,-0.0532109292528366
-0.208316221063373,0.204496916622518,-0.172313737764448
-0.276817555301601,0.277209423642031,-0.296050114406034
-0.0915940490401895,0.074267056512861,-0.288742828430134
0.767832190807837,0.208492649816625,-0.109376525373045
0.549434389037901,0.190604080278492,-0.276950894736918
0.519232709385151,-0.0358383076843015,-0.276288152958723
-0.148239953849802,0.0534866111720317,-0.149912938181923
0.170957886507349,0.347201022081552,-0.149972611088393
0.413933540296247,0.374226820148526,-0.0309919067835534
0.0731827608934439,-0.0279017496077747,-0.169292246300917
-0.185733198132225,0.337872092475247,-0.4009867135389
-0.49225449545573,0.464922656595821,-0.333586209783766
-0.20524695252685,0.337253522234839,-0.105572238582073
-0.694514699464909,-0.211941985022793,-0.16536545126523
-0.935424082792132,-0.0344018196148131,-0.245646908207385
-1.05713530310744,-0.124384746294737,-0.324440739627031
-0.559461246388144,0.103696057768625,-0.110974527025347
-0.252421354578691,0.145488476214631,-0.0882335245264552
-0.790011052403696,0.428601091253674,-0.280295745158134
-1.15592577618823,0.650060718257552,-0.110709636315041
-0.32538969372661,0.670788993643524,0.10091483636477
0.0993207486183143,0.192211529029554,0.00598640215005537
0.164555690214148,-0.0595032784410089,-0.0449437368341298
-0.194944395811494,-0.326697465977211,0.215272276768184
0.0311620121672414,-0.162313537141135,0.0833191426876867
0.0876625999933681,0.0742692786174037,-0.163024440552402
-0.0876150267004951,0.198649154156766,-0.0414846275246615
0.0346676699270942,0.0655641767585718,0.112271827721659
0.0621495114612341,0.168038609295564,-0.162024421045828
-0.219727884859683,0.187879060100736,-0.123304309895518
-0.344432827628297,0.10342420722634,-0.1078976696539
0.049517311071302,-0.357548556516214,-0.0312463622980433
0.342632573782468,-0.700495226823441,0.199702043926676
0.16752458923666,-0.178645230146472,0.214402132036426
-0.5306304123513,0.454232853684184,0.00412130004620405
-0.877432515647394,0.706995423368688,-0.0968317954369657
-0.529686351700095,0.418918024064984,0.109141138593994
0.121453111466592,-0.129816859598477,0.0562769412381753
0.493427974463284,-0.563971061054813,0.0780346296809325
0.04776533292809,-0.72970522101229,0.191912339024546
-0.280096497850118,-0.337086847821664,0.184633941965617
0.217893897610068,0.163999897877411,0.0340856442184857
0.155849776163245,0.341557005812129,-0.0410295688810599
0.207160708059986,0.394921298632276,0.196920438343475
0.197784572292497,0.321440201855533,0.232533192526778
0.789846756360291,0.290394212501008,0.289391542823806
0.932014741831281,0.0668152557905569,0.242010963240085
0.051325122408115,-0.351151730038582,0.178174187143627
0.0354477013199447,-0.599526176914877,0.0769782024015802
0.196740493707548,-0.22277120196862,-0.0294078418178355
0.169535875167029,-0.0189459744347311,0.0731874218057637
0.196334925882382,0.387750892056612,-0.0391300070704988
-0.000167794438008011,0.743921071281314,-0.224499235530538
0.408464049220136,0.74769111816054,0.0426939669668272
0.882737552876502,0.371562100863532,0.0485653708816733
0.82354371816746,-0.133355180684429,-0.287761719004413
0.322610168304516,-0.34420115732491,-0.21207150241334
0.0735499858045052,-0.522538449300501,-0.0728762012722326
0.382372538364748,-0.244590073617087,-0.163129778647909
0.356915077965209,0.282200539738002,-0.255807201410954
-0.0975199982625992,0.71130521663608,-0.0841513722487448
-0.0800514784079109,0.790408189461415,-0.0801155813089071
0.685451057406411,0.116640761002499,-0.0616802572807084
0.03633394733131,-0.333773699765789,-0.0570274164351347
0.00811924569970085,-0.555644988924714,-0.164934441275766
-0.291529586270721,-0.537230666957134,-0.171362038343256
-0.196677746218696,-0.269864638250534,0.11121491858845
0.19281405173178,-0.0402828532941535,0.138064658354834
-0.547228989922517,0.169215752660493,-0.43524357810099
-0.643824345250797,0.39206835533819,-0.393134448287265
-0.085179861221942,0.274287603031039,-0.0562739297056151
-0.260234942111405,-0.00650378548055893,-0.297921577968122
-0.149162803649186,-0.249332946050414,-0.525266696415537
-0.375911904047069,-0.397841901416171,-0.351494481794622
0.143144514468601,-0.307711525108438,0.0751989871901096
0.210105235693458,-0.270229909622902,0.0396349162304457
-0.408034703235847,-0.421004553354738,-0.249487591991394
-0.550243135674379,-0.112972734715709,-0.341437765955562
-0.541062866906011,-0.0982360330075663,-0.231396409271488
-0.165192513770593,0.0668981044312671,-0.0848661989229402
-0.252526982347418,-0.0113046900070441,0.127206787584977
0.0385767501298739,0.207990198634029,0.208335175871824
-0.118636705,0.48224413,0.18179901
-0.213894867201303,0.410712845341262,0.172489491957789
0.119224425873734,0.417411720954028,0.797219445272194
-0.133617591970922,-0.423652579455471,0.638722525262397
0.366675659662333,-0.291972007441918,0.465373290299637
0.222189953134014,-0.493120788219347,0.542705887985784
0.454242025879103,-0.226207540006359,0.816933934711218
0.277648565422884,-0.0164453578261267,0.434271028117514
0.935401022331146,0.395651727542939,0.536933138309119
0.0625941719337098,0.652252924860987,0.560776610676172
0.307293093760961,0.583232287774013,0.733958511172432
-0.182169713042265,0.705238047943085,0.294895405100355
-0.24161303282702,-0.381805215515776,0.167442237964858
-0.392607352113924,-0.554952185426566,0.270014419590443
-0.293478902897225,-0.821329335550446,0.370529454546108
0.010688756390058,-0.37015905781354,0.190715244648715
-0.0161690384073164,-0.0882379999780106,-0.0393648723844994
0.819893391148176,0.518634635467333,0.215533366009817
0.339773078506575,0.440013949817115,0.543358118357286
1.51185453189758,0.584733349099559,0.415672504127999
0.982628188323566,0.323180753484739,-0.101001954372635
1.775121531398,0.116159734623953,0.293739526578719
0.766720764971924,0.170413324131183,0.310641687863838
0.958489426862758,-0.227884589575261,0.150046998206698
1.27788309281018,-0.158259558695566,-0.451015407596481
2.02023670584523,0.0350667443286121,-0.229681735953979
0.839481965571853,0.54626735007049,-0.184195103606738
0.130917967728259,0.300200277556737,-0.404841237133329
-0.159566628116909,0.374948096973269,-0.68913844046763
-0.0908166122075891,-0.518352086566352,-0.541628219692449
0.17825707295434,-0.615388246249701,-0.368521366642622
0.3790914489274,-0.938911123297519,-0.502659919624869
0.901676726636145,-0.0433519985447382,-0.680267316727988
0.0602785698445523,0.826325230615888,-0.4777755354332
1.0476827784054,1.41513739820179,-0.197024382568555
0.211241098558392,1.23290633808375,-0.372443073169778
0.885522377231897,0.911747820379838,-0.205802754903748
0.248622168321733,0.00690545170275719,-0.338457163138057
1.0118549111422,-0.478492983757958,-0.139008579938856
-0.167569054287845,-0.265711690430133,-0.286663702311774
-0.14075824555742,-0.175103063556249,-0.11085842924611
-1.12937184043585,0.644833598143394,-0.172647936061385
-0.595780728369193,1.05906749102029,-0.220477179573255
-0.474343537179854,1.67464342565841,-0.181447542433501
-0.50517162686921,1.13888853317533,0.0875072367853939
-1.40796370577835,1.10258930748553,-0.195991942755296
-2.40612531292068,0.0970462280537055,-0.226719069462678
-1.87385868674488,-0.475453818120861,0.000380009018758856
-0.73356070426113,-0.967714009817817,0.292138186325299
-0.369880969651846,-0.110535296186459,0.193950216672068
-1.87265552306464,0.596122343890379,0.0730564398999423
-1.55143553051067,1.25513252146074,-0.0390338234900422
-1.65721644716289,1.29048202682677,-0.26026413087167
-0.942431488550999,0.936461967431223,-0.154903799862198
-1.34399132795158,-0.130882108974983,0.0505379539991848
0.657352322144299,-0.511927561598317,0.394026921931842
0.422371000560884,-0.594963557657555,0.145147714415022
1.49110387806414,-0.11011821530693,0.430476076928392
0.714258384193359,0.188492233882735,0.338241853721769
0.495479498131,0.579375089534759,0.0923539134877588
-1.46492722564958,0.760610511302689,0.0250311502889424
-1.21891654204947,0.402317920490779,0.338264285125882
-1.06372268489683,-0.631113486106762,0.0461445334755857
1.24318111495722,-0.892166766977124,0.309126457405361
0.274510519485478,-0.963712074839508,0.328268388437241
0.817360375434368,-0.483873265170511,0.63904492216343
-0.590983328011738,-0.245128521840699,0.346742843628502
-0.58858047923216,0.312891378404103,0.270543610758974
-2.26273924010955,0.398694696172852,0.367881040162576
-0.996431884686004,0.16040938970252,0.556542508870885
-1.56379795236922,-0.151644318084842,0.0561295100625686
-0.123993878502509,0.00583048081680809,0.252968680568426
-1.30792049110279,0.0959963457388409,0.184381132200195
0.502488842901697,0.390509397900965,0.292910432250895
1.06002141181339,0.561206358928076,0.120279740121494
3.42290874355391,0.903940924461436,0.667917098066631
3.08298738618906,0.752516256165864,0.861889414285908
4.19391002945881,1.36628154697635,0.825040737783871
1.86548736689209,1.30635378198672,0.302910204925449
1.91179859214769,0.767230116844678,0.129313163190069
0.715723114485237,-0.555658411258324,-0.34579813795499
1.48900236143631,-1.79400940910376,-0.378512708244468
0.360594679991095,-2.80479534522822,-0.270650725929718
2.36797448183736,-2.65038832614212,-0.0606219654331482
1.19014026220154,-1.54810689527267,-0.581385754332297
0.866661904702118,0.406244832110954,-0.34825257102151
-0.934191187717659,1.85897265537659,-0.139571173725946
0.313378775667406,2.3829651744287,-0.268256920987928
-0.492703679800508,1.19690513538692,-0.96678319847072
0.445703257357998,-0.281269028829877,-0.253239488303469
-1.130649594157,-1.58026586920312,-0.0688283354683055
0.0267461409396182,-1.82036751202425,-0.463222537278828
-0.746021541147694,-1.26378210321732,-0.994276654321763
0.274276493337108,-0.114542375979666,-0.425689964319173
-1.14924119046904,0.794426768918752,-0.30915350857902
-0.559692296872237,1.41481981061619,-0.416229830782594
-1.6811926036167,0.998875695960091,-0.843620702060202
-0.64834257715867,-0.101775231245893,-0.461999867835172
-1.08030294679172,-1.05178186182891,-0.272365516869578
-0.726565265901584,-1.21747786126159,-0.369630670845423
-1.08108578467332,-0.405630992398071,-0.542783819837005
-1.66194531454731,0.0636136120037341,-0.161541759779162
-1.29376321019615,0.904475400133877,0.0277269883976329
-1.58345554274067,1.39534461661748,-0.12346776632094
0.334042618414003,1.33897898927533,0.111270881407023
-0.640243697699897,0.500478114581326,0.199840536609612
0.0172170460612141,0.218377476320331,0.713681493763964
-0.91036238177628,0.301810438900478,0.657473911556292
0.82346813358024,1.15997988301864,0.488127501053669
0.334497237951043,1.89748011138693,0.184975576670839
1.71525071301992,1.87119138558957,0.556088096851141
0.414826303241373,1.51961471233592,0.194295101597699
0.782728159767677,1.13777958708508,0.316443808236222
0.182506102152453,0.41430968716826,0.433007299230184
0.752450896697901,0.118536185450481,0.690212904040949
0.380292955373703,0.729690261031942,0.629531879529858
0.657676563902208,1.55681912360743,0.640109930494872
0.826936860431753,1.95086686070668,0.285658417517604
-1.1149059989086,1.40582550099193,0.0545576270009183
-1.01194075827414,0.2704482042425,-0.240590232712519
-1.23131624793615,-1.76702633800234,-0.53915594873688
0.562965453743175,-2.50780325136921,-0.36978451133183
-0.842828808431539,-2.18265912383808,-0.178514923923142
-1.50802637915082,-0.603286262636309,0.0778576345314015
-3.42133882991196,0.300189213505505,-0.185645873617127
-3.23854000838327,0.828538065453028,-0.07924071185827
-2.81006216895081,0.409618345143911,-0.135914166669898
-2.27150032775005,-0.819373090199205,-0.512949524117558
-1.4225901645417,-2.0476658640506,-0.378305455530535
-2.15773564305745,-2.45232792063865,-0.183697651666671
0.0646739748336126,-1.16606935465591,0.190995589453735
-0.555565926790597,0.509245142091743,0.0359726808281352
0.540896496037851,2.16181498221062,0.394436195276954
1.36140301416938,2.03752829370288,0.486638739965411
1.42962436739673,0.783716149945406,0.329291162515564
1.94456908367657,-0.491342452771739,0.318260642652818
0.329785752584672,-1.67972029485676,0.147076440835742
0.556295803974607,-1.42827363629324,-0.190959961908061
0.771879189920188,-0.85394280169008,-0.231234728557752
-0.0757241264251005,-0.140389664766696,-0.002689019926751
0.772465917507532,0.594581716015241,-0.10236090836095
0.889522114534787,0.309727008411414,-0.228741746863269
2.06716152446703,0.0325367130260335,0.251041917539281
0.967339666019539,-0.282909581556863,0.503538631999812
-0.00363515144809789,0.354647051765016,0.185270536305214
0.664364002526912,1.1417878071158,-0.201379402223883
-0.853523819595482,1.38149790213027,-0.107818345346786
-1.46329771402901,1.51168003664334,-0.00559880484017124
-1.19400213452719,1.20858172124206,-0.430917987190154
-1.57547977073322,0.981852474469408,-0.600360833263181
-1.23198204302489,0.615267698427267,-0.0951139048348648
-1.87178975424615,0.123663220652041,-0.0958723197508221
-1.50275277700941,0.04118153523124,-0.545772378182752
0.353146619983406,0.390067247049328,-0.695958019988095
0.0359335556375251,0.120974105233042,-0.336105434286371
0.466235496321697,-0.0643368149229948,0.129573275757979
1.07048589979544,-0.463857928465259,-0.0389591607019852
0.676369172354681,-0.664324788724706,-0.287144144480861
1.11454796845727,-0.159056993534906,0.200066564205527
0.91108090767221,0.394130184852422,0.434774180677131
-0.279822814147156,0.517882204503082,0.0150694900214009
0.696011210433112,0.959488042227341,-0.219922192040741
1.06442046689012,0.895699488860271,0.0866027590939575
0.012861807124658,0.0688983957164887,0.1597021151376
-0.241378595760621,-0.201781543052871,-0.603756043228886
-0.265496047839037,-0.233796791400316,-0.773813583520152
-0.310463897158366,-0.584881297807801,-0.307783802599435
-0.534619665281384,-0.219897330650517,-0.168358500933561
-0.546870516175648,0.839759476557785,-0.526863743208435
-0.434131711080091,0.737364360458184,-0.272525595507171
-0.849962662412295,0.348740101739964,0.499179677880211
0.238163409738797,0.0336134673842136,0.365017404162925
-0.59809760944722,-0.062279958763234,-0.416509793166562
-0.756505211922869,0.527704899305042,-0.157960337488841
0.179085020732836,1.33749660211674,0.598044288936466
0.660702642969003,1.13077081747144,0.149772966866509
0.389762932169417,1.26316626953423,-0.434042380069126
0.242394002343084,1.13203818454127,-0.0364605409063232
0.545743443811343,0.160487983871381,0.470329664820023
-0.00566062608853954,-0.829172967047682,-0.222478661350839
-0.625262512262819,-0.753719174399094,-0.820838565546996
-0.582644533136141,-0.143285599656878,-0.245851076516338
-0.373550181969898,0.0147322155650416,0.477806155265991
0.160804478045524,0.0703284460124738,-0.0757068594402999
0.827306069527103,0.0803335454635298,-0.499040771052327
0.830661544645004,-0.333204302274346,0.015358154520412
0.133412493615034,-0.12478887009399,0.443993901078251
0.349251781815876,0.296211264246868,0.0471386960951982
0.328569537467265,0.392896560807532,-0.268245283701044
-0.0284579360962072,0.566938523574306,-0.0946573951685883
-0.119196470537656,0.717922776097745,0.101552255249379
0.630148076264177,0.837642746673207,-0.0992700592855831
0.5773811345401,0.201683531811355,-0.404373940711208
0.161609667918369,-0.587373547378979,-0.23966358958821
-0.142213768246684,-0.712643910228403,0.0229785457663756
-0.142749389258774,-0.143939249936467,-0.171219056607456
0.0952147757093404,0.279364234578896,-0.121249636734273
0.922848360760162,0.443873951962633,0.16506061475314
1.42450821215896,0.461465071599291,0.130831335710718
1.18733488435071,0.14195748566457,-0.233935782638307
0.121904772984338,-0.401595385664463,-0.119447850896581
-0.765231406609429,-0.519752078816735,-0.116212744498185
-0.540532414687794,-0.359919964653593,-0.41273812244892
0.197836109291702,0.212768936882448,-0.335580691518657
0.0299149070707475,0.55352528555785,-0.00341635069889493
-0.224855799615902,0.28925463659515,0.0121570016819826
-0.023928342568602,-0.359646311587063,-0.326730776280444
0.269736724203942,-1.24987762032646,-0.163244941587841
0.918267805105993,-2.11961405338555,0.207276812923066
0.557441857844168,-2.21544885051648,-0.00299597886470607
-0.194168448261051,-1.26138157295382,-0.367855213072883
-0.540858067679504,0.178783498754522,-0.102793065990636
0.20044384159808,1.15108299494692,0.308403314365913
0.616158571601335,1.43072307999995,0.108801248240943
0.322442193341341,1.10670027379025,-0.306138668383493
0.235299584728497,-0.377322601771603,-0.273962723449455
0.36550213438733,-1.55457950384613,0.0287996597460332
0.193913455275917,-1.84499882023196,-0.0873029947957408
-0.420937743095537,-1.655697987621,-0.501167855534621
-0.901302949486248,-0.475473193432045,-0.0682760425796067
-0.565941546944001,0.478792460558468,0.406425969928008
-0.569963172541836,0.906385383800211,0.0135809665050932
-1.06626286104024,1.07075698042722,-0.60369077982227
-0.690341202860641,0.756948836125575,-0.308873650080807
-1.00499155164898,0.218883511795954,-0.0961270899410693
-1.16069034279979,0.133600114827176,-0.191694119948667
-1.12147275567602,0.176853098846071,-0.0234857624703303
-0.335734351809438,0.329220829426984,0.233669172308655
0.368670209139456,0.516488874197171,0.141256539546317
0.53592673530981,0.657816536641264,-0.223291259994421
1.0467817745012,0.56200535698797,0.145005743466355
0.820619040199853,0.663385352486212,0.421720685471197
0.12412599357396,0.654276467211997,0.16658594645284
0.116231834632498,1.06174923962821,-0.0618629114164802
0.349349963879803,0.813765987666723,0.33714772380608
0.254938832639871,0.0505084381466716,0.2835100242753
0.270848592697048,-0.483365310581146,0.06846537450319
0.155924709641053,-0.472048653808947,0.125688205906531
-0.236349854045945,-0.0245341780493027,0.385096920192835
0.0964581350949751,0.433662858366199,0.0974726720049974
-0.0662263543830509,0.972904867948759,-0.058541497745848
-0.1496446147761,0.776295119894876,-0.0464401692818024
0.211797723427607,0.595888351169374,0.159824555124506
0.0428295029191436,-0.220925931244754,0.152165352505182
-0.544893853333333,-0.755405893333333,-0.019177705
-0.458832834127155,-0.935955082459793,-0.267878747147897
-0.812447135836964,-0.793664390995043,-0.339518257858171
0.135317756907366,-0.0429183673429877,0.00575925788671693
-0.150309627553186,0.661499884755276,0.215473740900424
0.27544766028195,1.00199670917219,0.00510418175020102
0.321659361260443,0.173300844460129,-0.125926235844727
0.608397673711813,-0.417405698992102,0.131113401701647
0.641588315875327,-0.625022889952725,0.222720726786115
0.566599723671263,-0.973834695580093,-0.0106980705008584
0.56150241326432,-0.511221067344153,-0.146301022346564
-0.0767639199549847,-0.036285895280539,0.0966097771411894
0.255789958039166,0.761255767711935,0.55078339423035
-0.00696111925777371,0.7124993692673,0.277681363663803
-0.405976021659731,0.826133514174623,-0.109656013735732
-0.081595074005501,-0.287435641743756,-0.0608620281427136
-0.155231012007778,-1.03145087999744,0.224869805998398
0.237820609382016,-1.32556159202906,0.0368720913452158
-0.135537438650049,-1.44650048065042,-0.234310295170295
-0.539694530162916,-0.587747019467803,-0.160667817553969
-0.559934434817057,-0.225727101039592,0.118969656199015
0.0846653915786244,0.36669187543492,0.080100410578205
0.0186743841736467,0.0719204771983174,-0.360473126174279
-0.317171707629972,-0.335781361515554,-0.27785954297363
0.649733433150665,-0.736005375472896,-0.126635047765017
-0.0263086596329727,-1.09400310478226,-0.346113392834217
0.183018162134393,-1.34989230624517,-0.424361586472207
0.0187696443525971,-0.840600128675424,-0.0147842806648466
0.0244642104132984,-0.184398074599984,0.0395524616189415
-0.0255695494805276,0.352661744367782,-0.174255938255331
0.210706475737964,0.790411640714206,-0.392929062031835
0.82954456165239,0.491108038681809,-0.215437488199466
0.594385317690705,0.181171996423727,-0.0556194927769306
0.846656827367003,-0.502099036828531,-0.184315809771558
0.505728197626236,-0.548860880332439,-0.218375682975853
0.242459187961974,-0.757783172077024,-0.207609277687535
-0.00457425522498286,0.0525016783937681,-0.138363510911411
-0.247257938127573,0.422523661653546,-0.209227084417836
-0.0789239574551749,0.67011124061041,-0.0662702401768032
-0.0377060971081045,0.19357214293913,-0.119510113926341
-0.0283271233897538,0.10909367148701,-0.256593107724124
0.492199674131947,-0.594778225363212,0.0965907804994269
0.375569151079903,-1.00192707701958,0.153863787662994
0.0390370026563172,-0.648042077885416,0.112496258478094
-0.180173609440717,0.216697052301022,-0.225507354951794
0.233151777904369,0.578989227093863,-0.0868478137816787
-0.352068884443197,1.04317235686629,-0.0598642908542922
0.0888044969550431,0.889998140011433,-0.0464819725229835
-0.361022735366621,0.404812950636209,0.0816289417237759
-0.453542820892084,-0.431744536037178,0.151635118813718
-0.124874479129175,-0.975119043315555,-0.232088298003325
0.0281543508881504,-0.732823013723197,-0.489975940437333
0.085935547947067,-0.411984265848311,-0.097490704361308
-0.598403794218788,-0.251353124874921,-0.0567588278735274
-0.340104442778137,0.115129211447087,-0.408766721397182
-0.550013701393685,0.105279631459082,-0.565329270355683
-0.596010580200586,-0.341532965109346,-0.212094627838958
-0.48501872346672,-1.42723069659552,-0.342501704079743
-0.274961360053546,-1.82928965478777,-0.657899304256173
-0.0792612869230099,0.0345718604595998,-0.28076965200869
0.000823667810808532,0.134959952958225,-0.390393832025
-0.366822898460408,0.492617510109072,-0.18824945405915
-0.218333242017835,0.619517668336876,-0.213303919862531
-0.254491719047715,0.734491723246053,-0.281432853215529
-0.168884631211049,0.527444935160396,-0.314704809515723
-0.496375700001345,-0.0112439498689426,-0.251743750535373
-0.787480145425918,-0.515487982706427,-0.26846485585497
-0.375668830786657,-0.520593007821144,-0.492505584469234
-0.282902064247378,-0.212961375780851,-0.305224285655506
-0.287105853102988,0.00953288400186494,0.223341598619807
-0.808090431440097,0.4173844131226,0.126493961756557
-0.164198305184159,0.558553006517312,-0.193974505931433
-0.0409881265923782,0.632674251553672,-0.290172084430592
-0.147684349109466,0.447316063885281,-0.185281442039881
-0.250980249544428,0.056300459897763,-0.250767420396485
-0.803943154177224,-0.255563217055577,-0.407661875908142
-0.242422113423082,-0.171309375484511,-0.0264065034326318
-0.785488763674841,0.245238985367079,0.140580308174844
-0.384557858171903,0.346328879999516,-0.117570469336027
-0.706113222980194,0.570911044044785,-0.716521676124375
-0.630694786851089,0.533655369856918,-0.517620125696453
0.00246523245123598,0.417795085109763,0.178371645171998
0.152613487619905,-0.00317649938774148,0.278026737887458
0.675433618528306,-0.117575522002831,0.102444249544513
-0.077061451122371,-0.193015887210256,-0.199373615032731
0.30935622052876,0.0160949634352068,0.0433351839325998
-0.472323461574538,0.193909087281231,0.0760356901586121
0.0225441791608605,0.343599751751752,-0.0744371880986604
-0.37434646309637,0.779624899937621,-0.156253279821466
-0.412217091332978,0.731104500007874,0.0160846900059785
-0.019435490413445,0.304603963171515,0.160653369417779
-0.144755382779978,-0.347708008769417,-0.156581992689186
0.0549654976357545,-0.205262821398743,-0.111228817999902
-1.03980986477107,-0.067893145541974,0.26603963742654
-0.656145047003768,0.0385094938565603,0.382110146426054
-0.597284502642211,0.390196240030724,0.155811992961588
-0.621652381976609,0.717183968636654,0.281748410913132
0.176699391846362,0.938617582618846,0.524926307954066
-0.169978518344512,0.57259473990482,0.303425210422488
-0.00160422050774014,0.526631132878108,0.301682667957522
-0.0744448571897676,0.410767873488213,0.421107549914518
1.23721032799866,0.0522760337351526,0.535399916529269
1.36473283347795,-0.0259167527489766,0.551171977853892
0.67099926219759,-0.397388393940061,0.46302751531553
-0.106792596562015,-0.4157039237124,0.46945126973463
-0.0397400511774808,-0.919665423846326,0.449253253670119
1.71808472724509,-0.595284123642636,0.639257877271792
1.72833132635722,-0.0833958117058456,0.605082676956324
1.10583846691467,0.364827860640472,0.396201771205917
0.732673121996503,0.654653294846732,0.221480778072818
1.29303741000306,0.206345765882152,0.324817488748453
1.62176605504741,-0.0739985097474503,0.620967392871943
0.529951714223234,-0.168997971980179,0.331091360524636
0.0859608222123977,0.00915526449266151,0.0684671625391958
-0.0842092503001504,0.309106082226465,-0.130627628421705
0.920415160155562,0.162957649723777,0.0688661321803905
0.43082886088453,0.215481175006333,0.108045593956357
-0.216612633713213,0.0837152746630724,0.013375992482338
-0.324804359987199,0.0662058343329759,0.0380580447588463
-0.299930585037183,0.107484193596817,0.000430497878680923
-0.404214054692903,0.148820304941966,-0.0489688961891672
-1.096900907079,0.254371080957275,-0.0963589404214341
-0.610337262584725,0.842701625898383,-0.237557240379308
-0.510108669866618,0.835044161654034,-0.342470213259439
0.569024660925022,0.466665091292659,-0.0197534330325211
-0.232886667175988,-0.0388008262775001,0.032730824507214
0.467435622518292,-0.560627357289282,-0.0577676805621194
0.593835288936741,-0.327311362074476,0.0339533142078559
0.392656494894495,-0.0492614156141737,0.0629263026115913
0.0758359988480387,0.230286376782034,0.0125667978973513
-0.0990989291717878,0.212773333798836,-0.379748024715991
0.120722363184425,0.468172548622003,-0.286079422666427
0.372160154806171,0.0186480662804946,-0.243109392457948
0.365111382063041,-0.404274004532742,-0.20757848406514
-0.119745878329518,-1.08074199324648,-0.605083401377729
0.206210966465996,-0.779766753021279,-0.584095436448806
-0.27571510218059,-0.633324540452306,-0.209047667999194
0.403256481791076,-0.211889626287071,0.0955956142395228
0.390332542699575,-0.0821067726405329,-0.281087942602336
0.813496830785606,0.26986444094588,-0.422371974414203
0.319739463671841,-0.0577649217599696,-0.0691261792115468
0.412609082038661,-0.294915491530233,0.207530411698078
-0.0944570108697846,-0.564268032706699,-0.350083170758424
-0.0741374586417396,-0.302465377592645,-0.370391468892841
-0.386869074859647,-0.00578704534572944,-0.056481932532139
0.496633007614118,0.48041507174108,-0.0182867807909181
0.0978862411968975,0.545166228017477,-0.331574212452589
0.381115593641699,0.613829113886245,-0.391952709164137
-0.105674660157137,-0.105117177911237,-0.299627619150183
-0.240659050141911,-0.389207886812951,-0.0887370231263997
-0.26101579121565,-0.56067854295649,-0.216203313678578
-0.360887859167894,0.257178289120021,-0.0468393127953492
-0.425408125846168,0.342690379417477,-0.0610917047908057
-0.626638148921209,0.646952279947508,-0.0859187937421716
-0.256511565211433,0.373132820220323,-0.22914079805474
-0.525541358070649,0.335532298086906,-0.355732755188471
-0.834330929137179,-0.0577881610235407,-0.207217702303832
-1.18680675003007,0.102727360425038,0.0717696465705333
-0.217278937879372,0.16465616320744,-0.166627598445822
-0.63895465328652,0.463189337670445,-0.342259746061156
-0.900714686481846,0.548619156027124,-0.182914489658833
-1.42740992999987,0.645832620270293,-0.11358904601635
-0.712832476311077,0.455369354427334,-0.00283323475463941
-0.89520374778576,0.214803978129149,0.0542355233285361
-0.40160691599138,0.648836538074935,0.205503323113707
-0.456892197784332,0.313370570982992,-0.0267319491861882
-0.319052367100366,0.744846906326639,0.101353077310141
0.0640826213121953,0.526413755823261,0.299525249973125
-0.0284977410743829,0.417661369154868,0.252257091269049
0.593075443668128,0.27872936212468,0.123233745487281
0.088290098013427,0.372466954416121,0.257538702300158
0.916038603560731,0.242489197499261,0.350325104075946
0.804711694265242,0.166358426893303,0.302970187748795
0.82082249062064,0.465034978817528,0.287676914193419
0.0366963858115493,0.391140303887889,0.142189129168434
-0.293198321728028,0.675173470779664,0.233246245964654
-0.131561078902997,0.0409634588945244,0.273652042580885
-0.267414289010825,-0.197429597296197,0.225254884138825
0.26732960396049,-0.498594389506645,0.100617624069772
-0.970356504279737,-0.462025359447524,0.0291559307694587
-0.0841949662934093,0.102709934376308,0.289334986850728
-0.0789939671649961,0.204888659144635,0.341388258435571
0.0227031838721385,0.598515295657958,0.119236685332226
0.0834479298231712,0.27478390130838,0.164793543193291
-0.0130641223832727,-0.118336643352747,0.221111385088566
0.885275846086797,-0.656788617090796,0.224903449962078
0.468919398946596,-0.708627049060214,0.0508748944067103
0.1009557586604,-0.128725021906802,0.274816207647438
-0.0739708576834874,0.0284117010111163,0.358162690257783
0.222371411153838,0.126294371983332,0.142988331544329
0.374206547798837,-0.0250025424120915,-0.0653614326985014
-0.0769205538226557,-0.517910361259513,0.0381439509302238
0.0385474346251586,-0.144751710864788,0.148357961233734
0.456018479986413,-0.115536318805481,0.0590071167282572
-0.301430017355835,-0.0101753440745711,-0.030233644705334
0.0231534971293456,0.409741357286279,0.355728752938122
-0.0755101374773255,-0.0574585123189623,0.386954236729724
-0.0666087701131697,0.091968390438895,0.207837891182278
0.315194369378069,-0.100261412755942,0.145812746160931
0.0836352705525808,-0.821491731528092,0.0602656319558819
-0.308459656193402,-0.30975462031879,0.0645462186196133
0.474014875854763,-0.101088593147259,0.149267248439705
0.244996121580011,-0.0360171000141898,0.054930355053346
-0.788949073326129,0.474841829912437,-0.0684767690363851
-0.313594844443478,0.568290822320321,0.0332627719630506
-0.270658483579626,-0.266840271112655,0.00506110157205666
-0.635293948561279,-0.35086348692713,-0.0422272462095038
-0.273403006011804,0.111721284764715,0.167999718706966
0.618434486628871,-0.285656861163854,0.213006579321749
-0.193402513719407,-0.038907215894157,0.0570907656742997
-0.249326508729302,0.447845085567654,-0.0632578709318158
0.159375130093731,0.398603882826047,-0.0275109158141549
0.0453244260546269,0.021692837261906,-0.046286563547986
-0.638576818644219,0.127769780028065,-0.17084201233549
-0.0933723133028652,0.236673085749707,-0.113630221111504
0.326904246818322,-0.175871896027617,-0.149936624360012
-0.0330696873564487,0.0199283494955267,-0.208223230061902
-0.0814036490313169,0.326563356492436,-0.109966642615669
0.413681587941834,0.484103227986446,0.143877650373626
0.737935058108947,0.126400033066287,0.03154080428961
0.437379497437215,0.150777746939861,-0.167362879990503
-0.189471777530772,0.264224831057118,-0.12716550734423
-0.197902092410744,0.180688087790402,-0.0731676430070782
-0.29424114594179,-0.150040463358175,-0.330021933751714
-0.130002221924174,-0.0813822479777724,-0.302020423195994
0.176073795849592,0.434207900406848,-0.136228566722977
0.762677137357905,0.765155089584978,-0.213915209854627
1.10892786308958,0.669439280289928,-0.211411375631197
1.18757151178455,0.199227838930013,-0.261481822246465
0.388226949720543,-0.159523016595361,-0.152158397295872
-0.138899050763473,0.252006567088402,-0.343732789023742
0.2479186764123,0.088412839871322,-0.330069959402115
0.32641686898275,-0.334233841373505,-0.245905636198172
0.0582931583525621,-0.397491242894833,-0.104684835892373
-0.361580511327197,-0.270703884539015,-0.247260474334017
-0.598952981494104,-0.143374849781962,-0.223622887227015
-0.902885780608768,0.349173634649834,-0.164933155510823
-0.804461434776766,0.482584673261754,-0.206450478977346
-1.10757005957086,0.292706928245277,-0.371078742028134
-0.784520326500577,0.116797014430534,-0.149583371171708
-0.608951275337933,-0.109211403630588,0.0764746829055368
-0.597739578319031,-0.316117919077716,-0.0671258590559565
-1.19229204373878,-0.237531064813337,-0.535331527162459
-0.958815285799015,-0.0281383539906977,-0.270830915713713
-0.917753363628843,-0.0978067665396711,0.00619556044897856
-0.828951871881781,0.326308854795784,-0.184119475447339
-0.499678916653295,0.208930184891444,-0.0827258941780671
-0.754364159295474,0.100635925129813,-0.112669059012539
-0.389603249012823,-0.0677423818755076,-0.0514779175864915
0.33946756807937,-0.260866621031597,-0.128012194324172
0.170020855231434,-0.304166023843558,0.0894148320811035
0.110960663982377,-0.184622808141507,0.106187098113362
-0.0192961671105436,-0.206162163867969,-0.125863069289619
0.163514937566973,0.0313901312417093,-0.0309009955998179
0.642095629348362,0.197182918133877,-0.132669955771321
0.906839489334136,0.29321873022955,-0.13482514751392
0.906387022535309,0.281129075044331,-0.108031421961158
0.366452781472822,-0.0480529327628208,-0.0898286306261773
0.144982865212172,-0.714795448130552,-0.0494634695834821
0.0900272723320375,-1.04706927162811,-0.110308883346032
-0.0280148131147104,0.250025679851461,-0.00704064709501511
-0.555885591664012,0.546083653620753,-0.0647759560526597
0.17197831355447,0.542471059219216,-0.073442198302011
-0.140778121087467,0.759506117372373,-0.196229149295626
0.375426502396977,0.594553278633098,0.0732679557625835
0.100818691405104,0.0809383212477069,0.0928913509455321
0.628596753113438,0.311508203143299,0.261725976748046
0.839966630094552,-0.195275049011139,0.203182724756517
0.239589989211692,0.0510934344036892,-0.0212650381012682
0.0412444299984534,0.141408867933655,-0.253935090453123
-0.482460766490513,0.306406848081718,-0.0886750300327548
0.415292199592008,0.419616237753094,0.150169636774008
-0.171936669603133,0.809424484689357,-0.0350548846055075
0.185700809494894,0.954241452236746,-0.192419996012117
-0.680360112139038,0.410350601599203,-0.223749677578784
0.0909085979279943,0.444148344720643,0.059253327825888
0.128931485378724,0.0361338035562099,0.0722667193240385
0.0526626808131243,0.0965992962354192,-0.0265588451560318
0.390821993039137,0.181643528059072,-0.132243316959341
-0.00455951095532203,0.458706953000062,0.00943410724321581
0.523336884396318,0.369988439865802,0.534326582013218
0.0796179330548474,0.200180944716284,0.218919855944504
0.0795258956773827,-0.0581573254028927,-0.0516409092537758
-1.04300751453657,-0.623407465244045,-0.115175120637733
-0.341830562647886,-0.499171871546023,0.364486032979366
-0.40170278453953,-0.363814681446964,0.314492393033207
-0.379455771305072,0.435999486340576,-0.0855867652894681
-1.01602715968689,0.783375626718839,-0.12384128793566
-1.01798503245081,1.01548771405905,0.433752006959699
-0.905365731725194,0.460890143048341,0.353134221081514
-0.912890110198362,0.105203825994297,0.000566203383239232
-0.528131735294528,-0.561561875111756,0.153701985302168
-0.78064587466891,-0.975221933965339,0.380448552986569
0.543399998998348,-0.792784566607441,0.249595211914382
0.552796742104024,-0.0979746871278961,0.134585034767156
1.57567751540996,0.473296906089782,0.449065839848687
0.750721471166773,0.636296950515794,0.74348406160717
1.23512832085972,0.85256155552721,0.658164307296391
0.586135680061319,0.347528267834387,0.243027398424843
0.570538224925097,-0.0130163469554214,0.334013263948853
-0.29949959182981,-0.665695952143809,0.37504124338286
0.0370090363842547,-0.675292887979511,0.274650646316079
0.429325633784331,-0.865932814520588,0.108445939945589
-0.113799876950236,-0.204800926127994,-0.00918611463066855
0.331444461208544,0.109822661151244,0.144261946090614
0.0721767546803423,0.423247652404937,0.0762771750978301
0.482733287572462,0.565758376205278,0.0541870038581812
-0.210749692479946,0.436208130401482,-0.0292759138005874
-0.239288777655017,0.443162836945599,0.112305115780707
-0.484959136591178,0.184188943411066,-0.187757458131734
0.0750791460769186,0.486405601144986,-0.0174204241938965
0.287141227754358,0.270410200696222,-0.0740927656247941
-0.334613065167756,0.351530000984045,-0.198378318334698
0.114311271844472,0.182355239561657,-0.17058130726803
-0.0356614785126635,0.373781483667634,-0.256361246020662
0.155651497043422,0.45451996879872,-0.120316473539847
-0.731832837341795,0.382325280424021,-0.057813521317039
-0.125580027032707,0.644560333399273,0.232031231450015
-0.189158661586887,0.275738521570882,-0.0531699357860395
-0.143799689474405,0.378424668379044,-0.23295155574418
-0.0169354356903195,0.00714024311296052,-0.126873366195189
-0.42915945160625,-0.0447279202113598,-0.103750041499034
-0.0221474072181943,0.154670500595793,-0.135756162980246
-0.721852297541018,0.282864722017897,-0.233256133476866
-0.0144563833008165,0.534242280474976,0.0298229422637084
-0.394363413798085,0.1930429522211,-0.060260851322613
-0.647896560861563,0.198429854465071,-0.213573982131077
-0.227991692366889,-0.213473574032052,-0.231623274313964
-0.591601175265427,-0.237215482112756,-0.126464670229973
0.103997578652264,-0.124249404091629,-0.158945526936243
-0.15690217944067,0.15233069897596,-0.367301769790337
0.255947935605152,0.40330265281215,-0.156688623555556
-0.0241846395487245,0.223743654369627,0.0026423605266398
0.291203709945861,0.510415603522864,0.11297513382296
0.540479861748757,0.376512925403604,-0.179863202553512
-0.16114288390674,-0.0220050296302267,-0.220238613044825
0.281013789051015,0.00931738364185625,0.0535735922561167
-0.0349629425595723,-0.34821457043407,-0.230532931345168
-0.499104709066189,0.233244968711936,-0.438586268455529
0.140988923333781,0.47573566654652,-0.3262043057245
-0.217743761398006,0.347616733712242,0.00672895262352967
0.385395106505138,0.620701613100076,-0.041385148309522
0.190261456603006,0.30403776272254,-0.192193103228467
0.509640798665814,-0.150980170950954,0.0231484741618604
1.03107627014907,-0.345508350265422,0.081006595737863
-0.116133722491618,-0.222043405610316,-0.133797621302032
-0.106556781052966,0.0931055383703065,-0.288097207290866
-0.056105844193,-0.144755929016715,-0.354812873637869
-0.569154309178544,-0.00236584674493249,-0.290867027874582
-0.0536456398357249,0.154977093841248,-0.145603474796993
-0.722225172143075,0.0297312654089833,-0.21698360460363
-0.0844428293657743,-0.125352357125618,-0.195741571227702
0.509134167085389,-0.378552598440434,-0.208446864216592
-0.444819470797966,-0.190350920805706,-0.0819249368024998
-0.215871346224393,0.0734915531069728,-0.232770289519798
-0.349461969164598,-0.248745731556792,-0.292667691900314
-0.63149253753208,-0.118692094662887,-0.191613536714294
0.249717736664172,-0.106465096069991,-0.284696351064031
-0.340714654150925,-0.250369381412426,-0.360869295116506
-0.528321128366737,0.198592995423777,-0.16492627881967
0.339324881594004,0.304756635816113,0.0408395868359427
-0.203912466165429,-0.0988071647472037,-0.0515537788787639
-0.277299517389093,0.0532160806019181,-0.0986421591855856
0.0167194919324089,-0.387860697966121,0.00984218307360366
-0.892655131662343,-1.08341770879196,-0.0563237185839916
-0.900503458843162,-0.286952323930849,-0.0873079382518329
-0.762001968166717,-0.149894870864337,-0.166813305551322
-1.1274183925031,0.122543757162203,0.168903389330447
-0.322326346329174,0.563333415680017,0.276761416572231
-0.452222296813132,0.501357596300071,-0.120190251932495
-1.16424975548436,0.000990230355013842,-0.15526713642263
-0.776848961589591,-0.169467478905381,0.357929094852908
-0.735874751674809,-0.585693432464099,0.137678149878463
-0.78258857045083,-0.37371358040684,-0.21691138315253
-0.367104039713418,0.401603875206915,-0.0860003604284721
0.106719879137178,1.053418540252,0.217471517661212
0.314384411357063,1.1784749384463,0.0550499533101166
0.626747706974284,1.34879031663565,-0.222124282648248
0.55844758402974,0.812101776843939,0.22810006774076
0.0126353115603835,-0.177700056407181,0.553833860546459
0.17088683441441,-0.418586520149629,0.434193640702155
-0.0326933214989738,-0.650244483527831,0.0633003298303236
-0.768161429114671,-0.847019695623177,0.314553642168622
0.183690821055883,-0.391044380865959,0.561392247566007
0.868488326916662,0.776015748913533,0.252685863940083
0.793772938081016,1.04648379901708,0.199128671929324
0.434786303831602,1.13190499583246,0.409221122841673
0.374852559208658,0.747236000394203,0.621564562456743
0.145374614286126,0.0930232849112945,0.121928696052351
-0.288343345132586,-0.411666680314371,-0.138055617378617
-0.488807908108379,-0.241800883310206,0.0202618751652433
0.339319092968317,-0.0794769941280456,0.207460782828655
0.833251770871006,-0.101760554447662,0.00666856526529421
0.949381167544969,0.409859866574853,-0.0531606459210956
1.61217651163518,0.586805439220369,0.326249362997264
1.63896994431846,0.303758494867725,0.428946851102076
0.841556049709457,-0.569092092985859,-0.0332321420599957
0.106770819853016,-0.813833880531997,-0.0594433886838708
0.0159153544310838,-0.886090576024705,0.379057069114729
0.37919200040443,0.00673246434983976,0.258275724984451
0.45260359277935,0.6635300826858,0.0487089271519921
0.0905258726875966,1.07501661708374,0.195539408804389
0.254795279898767,1.14991169449394,0.390152021621037
0.413778232857001,1.19734598675406,-0.00258635291726373
0.0726702983582209,0.657674616944109,-0.255697588402012
-0.533558699454797,-0.234362139552861,0.0433636699821895
-0.565304964739544,-0.44105438260703,0.172464967602566
-0.201229751287478,-0.453364087791078,0.0780807444245682
-0.0738801429138937,-0.437551776998561,0.0273906394548852
-0.0134837414202644,-0.0245184990212383,0.110617149412303
0.591921759717767,0.331412279944922,0.154290887183471
0.618384991596629,0.690860409288262,-0.00753183902955817
0.225252199191575,0.421940042064985,0.0254963442095643
0.298112606595137,0.271210603793995,0.292268639678042
0.396615220831833,-0.0270045916629453,0.187999340001891
-0.15433343012146,-0.575520020664474,-0.231806267319201
-1.05612256485198,-0.810398364825778,-0.48354853379929
-0.708965581406795,-0.776320628836268,-0.108860287629662
0.146294323915012,-0.423780033070338,0.100476358760016
0.698838183776351,0.355382139377542,-0.156542165047652
0.163868609384288,0.910644248730039,-0.14041332756549
-0.510262167115973,0.802834991889191,0.0335614219663136
0.0827244281077824,0.0167108560010312,0.170462060704262
0.643305073120331,-0.79624158485611,-0.0839914904298948
0.148929972138838,-1.14857222932748,-0.335092215998832
-0.00194973348225001,-1.10564690539325,-0.149767040673361
-0.141384685014212,-0.4817953253642,-0.00220974926996627
-0.230853860936928,0.431759770386635,-0.315753767321988
-0.653035322250777,0.899751028722248,-0.443665453239305
-1.41028563148893,0.952994225756182,-0.124750336334243
-1.12926331989962,0.458805274228387,-0.0555795365478254
-0.442689548949303,-0.215942115543999,-0.297518970753616
-0.168055751969674,-0.704454202861179,-0.32201570191673
-0.414473584665146,-0.729614493065942,0.0197451043223581
-0.147096913022321,-0.557465968462694,0.0775832440761551
0.45198346405739,-0.0984392258315126,-0.0192798096466351
0.38822387061886,0.48110609647466,0.0327404648986027
-0.572245742702492,0.718704270026327,0.393529112554871
-0.573589833297769,0.634262525502364,0.182627333130374
0.399664061872777,0.312437160936893,0.0367409604424646
1.1143755246727,0.00630890633601013,-0.0253746906778719
1.60940219131884,-0.54394945325617,-0.262240953908743
0.463960526095128,-0.419066999070307,-0.627013433809754
0.0748452726655845,-0.670057486800233,-0.485257174718724
0.244871684120075,-0.940691211199428,-0.0870391143336474
0.273672247505024,-0.829517745314247,-0.31055206256714
0.277674119239786,-0.809257937349006,-0.438752306694593
0.374483392976708,-0.498428639250801,-0.268968115467371
0.772879676658493,-0.400487814791155,-0.361425589041799
0.524616933205906,0.0359838983098567,-0.569469104345782
0.389522219267748,-0.000506569820948519,-0.321671374534695
0.0358411846135705,-0.188849451558216,-0.0448168407959499
0.0850794283710242,-0.376833812198418,-0.0168423473431477
0.119346491019392,-0.53376109595589,-0.377798053800087
-0.0726693424629844,-0.482204974329078,-0.480777687594129
-0.128947172397051,-0.549582699868931,-0.207434487946487
0.225921682085527,-0.393185445383632,-0.172300867068851
0.637987710070768,-0.254034443918511,-0.351159234919925
0.46206358792111,0.13009470585108,-0.266660843335051
-0.0445149948132723,0.530420213545837,-0.00563918071971289
0.308234435381463,0.477805101054723,-0.0857817292989046
0.225978969564837,0.100960000515677,-0.486374960035819
-0.714192238385607,-0.264822855701095,-0.567613867089983
-1.01681091298471,-0.648822378223399,-0.395571155484989
-0.737031690647857,-0.504966137740687,-0.397580057927668
-0.147518781426912,-0.15469597132996,-0.272311694113942
-0.120845778529439,0.562942140212243,-0.189400969778486
-0.294346319291785,0.754287108963814,-0.13844680408173
-1.29948312224234,0.882353470926623,-0.128490196389174
-0.99185784713897,0.659850790648725,-0.243538791235048
0.103395518936287,0.120728909388912,-0.353085152013092
0.6165174535277,-0.254909702667307,0.189317276993385
0.0875292450567788,-0.600056743025023,0.267372941930053
-0.82169663726276,-0.442536928225209,-0.00788880325479814
-0.553126528123224,-0.323159631537837,-0.287507234022256
0.0463832559724096,0.323864367514315,-0.22858400137498
0.333769176612161,0.779616315778935,0.0318749782980011
0.198476086914597,0.615192755907581,0.195698814176582
-0.353454142970294,0.349708102308209,-0.0984115657541797
0.23563947840405,0.266762560071166,0.0431253547669148
0.0477810835639461,-0.149025637968113,0.34493848133798
-0.247881189352476,-0.102716264386454,0.234120249975882
-0.218714589965258,-0.0736620811667523,0.0415793090189516
0.136884683145184,0.350924509409384,0.0730922208002996
-0.10671273369193,0.536007498184223,0.23221428440625
-0.546977465820486,0.609452592229142,0.204906996640155
-0.459598039298339,0.569045336708745,0.181908308786861
0.0774134731928115,0.389007705232899,0.161331867368877
-0.0592870804175308,0.0331362564756712,0.222526146587479
-0.819208449236633,-0.412646812451466,0.266329727961834
-0.00258871015159561,-0.411069640318391,0.480098956981257
0.195658058828731,-0.501306420249988,0.293180138573574
-0.717198168634681,-0.0524072741691694,-0.0150699338934878
-0.179459287403505,0.347548604838231,0.309424626678561
0.383587594519661,0.103529007486687,0.480806960761119
0.257526236774148,0.147993438828256,0.314077065740682
-0.0761776671889147,0.0110181811092092,0.206250327464892
-0.304239905716005,-0.450544740009082,0.206821158660136
-0.0207097125917015,-0.787184378443623,0.391491111873391
0.1681329030994,-0.719489507179278,0.36697990585913
0.26285347410194,-0.382438538877483,0.243552945651467
0.0180846968695154,0.0285566186822654,0.350394420035784
-0.238185296547753,0.128994255581305,0.253443475200831
0.0304012808771293,0.282584868389654,0.385682362140603
0.355413433223788,0.0756851555510148,0.170908021454786
0.071320171973206,-0.268986152480966,0.17233204828906
0.257841297852784,-0.764953551052723,0.164717787966344
-0.217769456879019,-0.471959118642778,0.07310044692925
0.115230154023565,-0.316567948358444,0.0446296401580581
0.446298394091095,-0.31189567719411,0.338635836250687
0.190235999435711,0.0248205444891151,0.462087543301059
0.706882767540642,0.595478300818764,0.433310791895645
0.285569691971506,0.239063887378607,0.593257153021966
-0.172889684295769,-0.311811919666931,0.37037390132302
0.138413111805787,-0.733667866876193,0.181940671271275
1.24832827453231,-0.477170334111276,0.213354202084819
2.13719373836261,0.167163050888894,0.172124794502624
1.03024474151367,1.069454566115,0.0489083135567032
-0.722596250470421,1.44145912446383,0.0389063550435157
-1.15022433335309,1.18288281418847,0.0920966266033064
-0.324487517854981,0.594537298367232,-0.119846980350015
0.330916413174015,-0.0140695543159033,-0.165177542997185
0.876439776200406,-0.352630831975663,0.139506473116657
1.7331659322386,0.0630331738843851,0.218103565764503
2.72877362787862,0.502401190521143,0.0951291294118052
2.525751289608,0.565943771687715,0.108716699473361
1.38069419073536,0.721620781222779,0.0175219554670983
-0.0810367560109082,0.79947661413278,0.0845492408764999
-0.818308427532726,0.133198126382645,-0.133285766845197
-1.22971085047453,-0.839695007868204,-0.456445074176259
-0.805462399056409,-1.5627850845987,-0.454547581540892
0.884859677136375,-2.06185759548432,-0.111820570029405
1.32509256514312,-2.17292567689883,-0.103613105892667
0.50654821063281,-1.23796600056248,-0.335842150451894
-0.838633521520965,-0.0114107479264814,-0.121241583152169
-0.844507727899233,1.58260286175297,0.0794258951011004
-1.09264177676996,2.09845097805632,0.0164370026975307
-2.76880057583358,1.48667705573267,-0.528462211528204
-3.64350002287963,0.186866644864585,-1.05120480012338
-2.32350553384827,-1.47423270234081,-0.751637052143176
-0.294084076457994,-1.88464841051063,-0.0884620627091943
-0.331884550283146,-1.80207097420837,-0.314956188151114
-1.22067452067735,-0.467643074113716,-1.00399049774114
-1.40681407077848,0.531231216118938,-0.863455950480158
-1.55538454890266,1.04759916232099,-0.372097368089044
-1.1460616786092,1.15131801222929,-0.504351699803345
-0.702164495601009,0.748929032894982,-0.963093104417898
-0.445266932135753,0.14966069252223,-0.815905908622016
-0.63138981888294,-0.609487361845357,-0.208034168561812
-0.247395438909827,-0.479222186109506,0.0608318560218341
0.342250633597078,0.700502230840829,0.196872749189607
0.265899072555615,1.7349718526115,0.393471169870121
-0.195618059272958,2.37671188025688,0.642154164405566
-0.0183782860782489,2.37687540870719,0.467271021929621
0.857396096553932,1.64173313203604,0.147115104086266
1.45287273214853,0.440800521216959,-0.000564149035068929
0.812433797082125,-0.613269722731064,0.00294631582613599
0.168629294929138,-0.734538827042804,0.334632714703745
0.295569456550334,-0.0614294722662108,0.319041412729323
-0.439400784766129,1.00795902153435,-0.169515358640514
-1.48981081332978,1.59256577945646,-0.5534185821136
-2.22210377141779,1.46504654132268,-0.0426753420569418
-1.62039265096922,0.653953736320194,0.465415473730161
-0.458248252969316,0.350819273539033,0.304243823332517
-0.869043522449924,0.464175707968176,0.0990529051147446
-1.23740674442095,0.412724020895899,0.556685533389162
-0.839856897084517,0.135798384744678,0.704396104657951
-0.617632134125133,-0.0726719121575625,0.124745472011094
-0.526209613155615,-0.00247322078221227,-0.0137499436877897
-1.10383403926705,-0.160666748569716,0.460385004596323
-0.964013065416517,-0.443307681646234,0.330604517025961
0.0465339949536276,-0.391558191004128,0.0216028838810376
-0.374388595970222,-0.250291596648149,-0.174521869341187
-1.28886213189829,-0.561765989217281,0.0424896014184516
-0.980875661844262,-1.17729038220247,0.129239598331262
-0.010809253016874,-1.47940305197564,-0.0395603616430584
1.45479928602436,-1.49953176101172,0.0707905783397247
2.08068390111291,-1.17263986679428,0.19437123314037
2.33618409891554,-0.449728340487879,0.21998010612732
2.26178653983014,0.178222593304019,0.104194157286225
2.35584930093223,0.59269991384555,0.112437001131995
2.27054977734578,0.658879824982209,0.187960037382596
1.1446647011882,0.408022574006158,-0.0572638738725956
-0.382575077008038,-0.510365559101844,-0.391638792577326
-0.944359871809106,-1.07651650115497,-0.437040525416253
-0.353098637081299,-1.34937386756888,-0.131410686654105
0.0920160804510065,-0.977022945102186,0.0525956406946888
-0.364698218898613,-0.221895468172234,-0.307512591446592
-0.488940796766167,0.531153763715169,-0.595334265466813
-0.610489740150168,1.14209954620844,-0.202980321046627
0.204654324055324,1.4962623728395,0.30365074037433
2.39498859850174,2.16401695521669,0.546830922904112
2.805085227486,2.56389994143865,0.125747751455488
2.27814932539362,2.58653630552093,0.147754300786312
1.6873644790312,2.26697127610884,0.278603816084878
2.29999741164562,1.45077249081381,-0.0401045876305037
2.93291225581613,0.453322345891677,-0.211962998947332
1.71217721756674,-0.712918793266773,-0.0971360831790306
-0.691171982003689,-1.38296492775219,-0.339526691881519
-1.98774563917096,-1.14729085590824,-0.546002011053274
-2.45141900843586,-0.396341398284113,-0.393859185945574
-2.38170884707712,0.277547492124546,-0.402463929174899
-2.30161076722277,0.581766282658307,-0.77985037948538
-2.29490974994139,0.29949010124778,-1.43265234632454
-2.73601899998481,0.197384223137874,-1.08205763732511
-3.72607829149595,0.0999535144538327,-0.199298842041875
-3.08350611116149,-0.284579551899859,-0.370207324308618
-2.05466160477776,-0.461300496310436,-0.893139048327562
-2.50752391691701,-0.457227441577188,-0.651849667615806
-2.05547328035536,-0.555237440022463,-0.298026616897883
-0.461173991825628,-0.424350461302897,-0.541987254927112
0.778356332514052,0.0585849585204198,-0.216565706064222
1.3351812676354,0.181833651747032,0.537915833502512
0.97861132516826,0.206080046278756,0.293940612481059
0.173652648033813,0.669788159326077,-0.462194589633969
0.626381696685645,0.976014375101359,-0.375031301648655
0.577723072238687,0.250432451401323,0.367707707744455
0.781460817317553,-0.15961443831659,0.261275897467771
0.119365643643025,-0.27707835184188,-0.207822543596529
-0.766652083383712,-0.159897792250722,-0.157900553747282
-0.645923397670737,-0.302631563640742,0.294988236819311
0.284400157953901,-0.151932634907838,0.208435028547397
0.542150807267331,-0.0343767229184686,-0.287007356943139
1.76246855880187,-0.103643251873229,-0.234301917847194
2.28957429842954,-0.159917906923763,0.467732006082431
2.48519310838214,-0.740325156235892,0.498171252151046
2.10330878246707,-1.06369377160522,0.204673538361229
0.482533011520237,-0.807036539797252,0.0590360617027848
-0.362142129222827,-0.736426069404816,0.102762831750673
-0.30915205007201,-0.229057246208057,0.193247689152865
0.393339693043448,0.490374203830185,0.0221373609260633
-0.59893392074753,0.993360519863629,-0.149370468838096
-1.35005701344119,0.777005736282707,-0.0788171900185471
-1.50664443804438,0.453893514124625,0.056423157450847
-0.586437885183326,-0.0965265338630046,-0.132966003365373
0.0162269209043817,-0.201422480359285,-0.180752156252243
0.743781597091515,-0.0519972437088656,0.1498349774424
0.911946103099414,0.501200932516371,0.318435195503554
0.482616250503939,1.0063114944924,0.149731659512339
0.583230936278806,1.22720612504715,0.0593439722194585
1.2665543963647,1.46368855528534,0.274313358447604
0.721503455765115,0.933931474954137,0.261550226265548
0.116989934681057,0.0348331880009896,0.198275443623973
-0.753690181613005,-0.321534997430822,0.070755536941854
-0.807684850518324,-0.48131462062349,-0.191305127709902
-0.501239306174362,-0.319769477234238,-0.116920523087533
-2.25891450567839,0.496328817240624,-0.123882451052384
-2.86964652228432,0.909366974642092,-0.398077158436319
-2.91966832202414,1.09443072542223,-0.552101091306882
-1.47739244376052,0.0913976409817592,-0.394599837061718
-0.242393694587895,-0.268738536485257,-0.0148793851678156
-0.166809520199712,-0.515217800673854,0.1292514110794
-0.786391087541565,0.180075474082124,0.0795438633750759
-1.91948157836784,0.734903149681481,0.0327365340507969
-1.32190490818253,1.20819166586508,0.00844939342525436
-0.979279973413237,1.48194100924354,-0.379362037646213
0.0951936571434065,1.25863727581772,-0.336209312661139
0.293536169792802,0.224835374841099,-0.00910229546835321
1.2713735125494,-0.756476401525064,0.419540976619978
0.913108363969404,-1.17843343604507,0.243916564686391
0.633797331363007,-0.734343676931513,0.192884089807194
-0.807181155590744,0.234666464233664,0.182069936345175
0.0261609109933535,1.48085179997212,0.396339818160519
0.89019022267803,1.30917573517599,0.430419915688033
0.979030284131297,1.0658381380168,0.418199875012013
0.49061188292084,0.515143838146844,0.224883318780933
0.95530534284673,-0.418500696530878,0.175304571353423
1.49218994479704,-1.68400363586436,0.194800663669246
1.52114527957432,-2.21661545822812,0.142973219017143
0.857856049515129,-2.69230069321774,-0.066847546487688
0.54351536838436,-1.8824480124103,0.120145758700255
1.59567220935676,-0.990548940957355,0.547769457026964
1.81114296110884,-0.129553742155759,0.57713662453472
1.34130499641664,0.811096720242568,0.259858162186642
0.553036889115709,1.22379448656594,0.0818542324683442
0.599930834353794,1.05797441615261,0.201483148281236
1.54380635657728,-0.0899782094766587,0.311165300669852
1.70097013151937,-1.73076339028988,0.430139320604093
1.50465567215915,-2.1054426085158,0.29205179835049
1.22770524042716,-1.92294739948343,0.0109534946720724
0.411700059074344,-1.05319988247003,0.125129254007378
0.16821597037891,1.04631087201738,0.339757298193124
1.98418899484812,2.21081230517888,0.277011613904815
3.18512698607608,2.08030693264575,0.0852125586305463
2.7052125552893,1.8220415610256,0.0851430030092881
0.477664285805535,0.777602732234153,0.181465974405645
-0.727050694556932,-0.678423910433522,-0.289090101168298
-0.0345526449203571,-1.48593723300628,-0.506394347527858
0.913693600803725,-1.60022569496591,-0.294097740894925
0.378695877031361,-1.21949197026463,-0.1121098024255
0.602810586448576,0.330419201477846,-0.1764876521038
0.919167727274416,1.19612708183123,-0.174959534843278
1.21129012761157,1.50248155820866,-0.0111087023071729
0.453273289607086,1.45951354877119,-0.242712849973737
-1.20839857758969,0.415563663264139,-0.591819803935265
-1.65445887096916,-1.29235020562461,-0.704645891610143
-1.21990774637841,-2.47391780333291,-0.749120581787204
-0.283664928240538,-2.54831800564554,-0.753541198259643
-1.0674545926753,-1.53960677943812,-0.865319115492808
-0.967750272614745,-0.568055907995605,-0.644241452873054
0.0194733325453724,0.3173897636359,-0.0826266637458246
0.157134229256823,0.569345430330497,0.0534886288361704
-0.627767424797104,-0.0687591563240049,-0.463208050364469
-0.528459854648993,-1.28353784315765,-0.466697592821939
-0.511510766771537,-2.06141388249923,-0.0349428788580768
0.163664898269046,-2.06503655092208,0.12909094471162
-0.0366245022948768,-1.07030856623768,-0.00933089385077924
-0.843477248786043,0.146735842921147,-0.0375187009938421
-1.06154590686236,0.508913356822648,0.129454311830802
-1.15479966452193,1.25308786390232,0.208615903115252
-1.36910442857681,1.09255532766366,0.179124770824975
-1.65949267614847,0.85997948449727,0.128580953377394
-0.906251310017449,1.02021127092133,0.112161820710345
-1.08592096489763,0.390498052259113,0.308486864232206
-0.452153519769933,0.159613953151653,0.487186546762331
-0.0145080498523605,-0.355187265935213,0.367261488801005
0.151853751770373,-0.299599079154759,0.441125206491074
1.47816267803917,-0.0693841715148265,0.818300954464586
0.929932221753207,0.157943796633173,0.906819734535248
1.0690810415642,0.411452308791768,0.723307645171459
1.46625072215492,-0.0433572036451756,0.604064675961933
0.905521325134765,-0.0514215534716453,0.741670883614275
1.59188983701918,0.186082907815263,0.817013113416018
1.28109715855718,-0.132475869243846,0.318611882313752
0.648408898187983,0.07735150021299,0.41929878288892
0.370345635425373,0.0900255581580099,0.554183775658549
-0.633271655139805,0.311226457532244,0.545454190904583
0.476348863518073,0.810633544045507,0.377996073157332
0.793161593785297,0.565400613428974,0.246731322403917
0.121586781497313,0.38340372629437,0.453824576195968
0.457241758516322,-0.0158733332331694,0.538565261262848
0.179006457376004,-0.317111005269183,0.316836527186095
0.855484471293,-0.118182203488628,0.272424165428694
0.111974189848145,0.0478347307787665,0.0985228288630582
-0.651409219277927,0.267753646933136,0.174558031702578
0.188754018995075,0.547094227728747,0.164489792757385
0.401565005636201,0.54324152759709,-0.136113810762597
0.890531111735967,0.613593567200789,0.199823993342233
0.300996370747366,0.0902872332389803,0.313883839931417
-0.770282956960476,-0.301140474823655,-0.123235931052901
0.0243165500680348,-0.569618402058677,-0.108323254225996
-0.944714292678396,-1.13698563628492,-0.186801353740575
-1.31871920441771,-0.618625448712667,-0.104348041631823
-0.82266028043628,-0.188506634589716,-0.429086423887058
-1.08981803770071,0.463115303204218,-0.479342241004842
0.0579825838430154,1.23603713686572,-0.0773001376062069
0.452895680356154,0.402041195243178,-0.120274334189557
0.258009643816152,0.0950474523219887,-0.400031746169178
1.1944277732549,-0.16213309774614,-0.17833170957765
1.02267929100601,-0.723378509028298,0.0845622873319481
1.29330403574971,-0.361614741061307,-0.0254759651065605
1.26647538937579,0.252841967546812,-0.42113035148409
0.735204821928453,0.618016314098808,-0.317533248272621
1.20922054692136,1.04713539333205,-0.0543470567644578
0.501380254578238,0.698134190040887,-0.410886230403388
-0.154291034185836,0.484316753845127,-0.502706157378128
-0.213221717472268,0.2423511631647,-0.302105957123532
-0.583220744906219,-0.484321391603849,-0.380344805487192
0.186858703395237,-0.739707483230229,-0.327836049775311
-0.166562385888869,-0.688391503197879,-0.364863446771812
-1.28435004084408,-0.380059298281437,-0.377682084240007
-0.779658756121263,0.39819699707414,-0.466549856327413
-0.767579513220432,0.648095480768148,-0.507117838397937
-1.57504000173601,0.655822326963576,-0.499779916950529
-0.587820423899378,0.588423221115347,-0.0568288566770019
-0.378876212804778,-0.243799055914794,-0.209792173994089
-0.0371798278347801,-0.331637906660575,-0.304638078228187
0.995059493188869,-0.515267716553615,0.0616367909299365
0.726490803436494,-0.666264540167498,-0.0682565077504054
0.769875262064521,0.410710654737159,-0.38589041403793
0.85160528607016,0.838495323815037,-0.211607113355479
-0.0123333475581904,0.991871567733143,-0.145117818470902
0.72754236332551,1.20269635427644,-0.221656811685338
1.14888701405586,0.34507471082546,-0.379592563362934
-0.1400536212612,0.101447257593195,-0.411882281540741
-0.124681584085786,-0.000987255850830256,-0.350170895318628
0.0894826094308026,-0.539355203819365,-0.448716286863215
-0.281248738534,-0.19005667912386,-0.0963301855400278
-0.426528744835744,0.780989242157858,0.166706241430929
-0.448721222911362,0.941334137839883,0.14205953862592
-0.128381482511406,1.06990195439987,-0.117598516801192
0.857349135183972,0.901005014409741,0.153126301514415
0.631255796342384,-0.170886103444048,0.250693266407608
0.162657117761871,-0.43455901673698,0.0446510558431386
0.487997230826408,-0.233022279676103,0.105868294818807
0.218840487769436,-0.0653760431182696,0.209577118992448
-0.848794872938613,0.524386058961908,0.219015927840334
-1.14002200625732,1.02208138674286,0.05854407447313
-1.19225052779876,0.906369041313716,0.0895572206859716
-0.600154554624269,0.788408635976145,0.260922961590456
-0.309318931843002,0.110992509030724,0.0668968055656368
-1.17067744004679,-0.177652253098515,-0.154420948793609
-1.42275388549528,-0.236877543315753,-0.157745710117178
-1.28050793652801,-0.350793466856409,0.0493622674647257
-2.36827273607915,-0.0152437586534938,0.122964582863839
-1.65946513137538,0.460229787924902,0.0666776862296272
-0.482280130888574,0.396151503711818,0.310486705304237
-0.647445161986912,0.103389807857293,0.32547542961668
-0.678028320293969,0.138828378615108,0.212122167955575
-0.291565074531882,-0.130869591173712,0.0397497701923027
-0.286999281811143,-0.348177946541197,-0.078444727078933
-0.386842801325491,0.108163937633291,-0.0146309320657451
-0.0842737906781301,0.454178526220163,0.010647115351095
-0.055195111672828,0.0364940489653318,0.024801044173328
0.0160312807902707,0.404604921962233,0.178787056153373
0.93422331198199,0.320961956571636,0.311031017245347
1.51997404439551,-0.177794727558485,0.187054787059989
0.873922867759235,-0.456684172030452,0.0693199310555441
1.27093633612466,-0.082372313718298,0.322832424309391
1.91859020949162,-0.260516281154587,0.490646557624612
1.5688796003578,-0.823790436473647,0.340545964927012
1.18642133099941,-0.625357864087303,0.149916486412776
1.60382895391284,-0.399674728253086,0.467999612131767
1.58505794382052,-0.334343794744923,0.628668832168327
0.845209342677959,-0.208683437576167,0.192045243963432
0.662411973673599,0.605469421402703,0.0295340133413102
0.790268674749967,0.493860388655395,0.0989730429095444
0.813653937421902,-0.612467588551204,-0.0664551040890665
0.0595434444970365,-1.00803691236174,0.00457274574733941
-0.594547823942748,-1.02910490588904,0.105544621963553
-0.0586822076155716,-0.523971814878308,0.0290532392729295
0.229263943674743,-0.287995021341595,0.0388366275257441
-0.569340522241422,0.137566482886192,0.0880313734968023
-1.15808105680061,0.62293413644128,-0.00750336004099283
-0.772735516673223,1.04155186995675,-0.0654661386982042
-0.507506502878745,0.714260862776746,-0.057645599082027
-0.119915598759106,-0.244204295646041,-0.0317209893354149
-0.317230906454958,-0.807498060322686,-0.16400517291934
-0.732338301043054,-0.774208142162722,-0.173105359685555
-0.207847483481667,-0.445562243475955,-0.0253573368514803
0.461459721470162,-0.347773054712061,0.184607875874756
0.124066274457897,0.218440533706839,0.00732151906406348
-0.107940695999568,1.09512870399442,-0.0946873122675186
