-0,-0,-0,-0,-0.0360547019379067,0.150519624245111,-0.0476966701603073,0
-0,-0,-0,-0,-0.0365707398073092,0.15218672579286,-0.0477952575400027,0
-0,-0,-0,-0,-0.0359722536158256,0.153857388007378,-0.0479086061992618,0
-0,-0,-0,-0,-0.0372174306755218,0.155524346479046,-0.0481214637256881,0
-0,-0,-0,-0,-0.0363493124324605,0.1571903416721,-0.0460455718962325,0
-0,-0,-0,-0,-0.0372006495466621,0.158860569574431,-0.0460364576947641,0
-0,-0,-0,-0,-0.0370416543050599,0.160518055004087,-0.0456032492407,0
-0,-0,-0,-0,-0.0378965156212192,0.162182180225882,-0.0446016281177918,0
-0,-0,-0,-0,-0.0373308822063142,0.163854758528419,-0.0442949122451915,0
-0,-0,-0,-0,-0.0377446631795679,0.165516901908293,-0.0423501538800169,0
0,-0,-0,-0,-0.0366888326066218,0.167190423132112,-0.042399013797257,0
0,-0,-0,-0,-0.0366440062868669,0.168854049725821,-0.042510355496827,0
0,-0,-0,-0,-0.0356424346514015,0.170522916790129,-0.0424869056827036,0
0,-0,-0,-0,-0.0355763383683423,0.172189720848807,-0.0425263072084878,0
0,-0,-0,-0,-0.034729583967084,0.173852325512165,-0.0425221535560948,0
-0,-0,-0,-0,-0.0352533374085572,0.175523054941651,-0.0425281120622543,0
0,-0,-0,-0,-0.0342603561089826,0.177189567870029,-0.0424196959303056,0
-0,-0,-0,-0,-0.0347473267905534,0.178858545960305,-0.0424848582814474,0
0,-0,-0,-0,-0.0332435735337205,0.180520971335781,-0.0423819625367989,0
-0,-0,-0,-0,-0.034140052426992,0.182186370548091,-0.0425644466286318,0
-0,-0,-0,-0,-0.0338524209965236,0.183859584163599,-0.0425577645750511,0
-0,-0,-0,-0,-0.0343186240510501,0.185515658881829,-0.0405969744616957,0
-0,-0,-0,-0,-0.0337583905648121,0.187186300699415,-0.0405928877470414,0
-0,-0,-0,-0,-0.0338860049189366,0.188853647714954,-0.0406572452211316,0
-0,-0,-0,-0,-0.0333621066360076,0.190516081388798,-0.0405553454387098,0
-0,-0,-0,-0,-0.0336328311320327,0.192188668096224,-0.0404841879273299,0
-0,-0,-0,-0,-0.0336426729593016,0.193862042833165,-0.0406756957174943,0
-0,-0,-0,-0,-0.0335304962641267,0.195523401013516,-0.0405368767156021,0
-0,-0,-0,-0,-0.0334854524494673,0.197180944668369,-0.0405438758789378,0
-0,-0,-0,-0,-0.0331731848375865,0.198851779727554,-0.0404608372116293,0
-0,-0,-0,-0,-0.0330967703538193,0.200521871078542,-0.0404127062157162,0
-0,-0,-0,-0,-0.033178664362027,0.202184303531712,-0.040325718692957,0
-0,-0,-0,-0,-0.0335654326416667,0.203856947228493,-0.0404380804536727,0
-0,-0,-0,-0,-0.0329172215066521,0.205520656386903,-0.0402770054329582,0
-0,-0,-0,-0,-0.0338765702063124,0.207192123065909,-0.0402488193209166,0
-0,-0,-0,-0,-0.0335664234059853,0.20885631068111,-0.0401082944910215,0
-0,-0,-0,-0,-0.0338468615091569,0.210519882271657,-0.0402667508850994,0
-0,-0,-0,-0,-0.0334043754164928,0.212191120106414,-0.0400791432161296,0
-0,-0,-0,-0,-0.0344609339216989,0.213852722417657,-0.040057338200125,0
-0,-0,-0,-0,-0.0334856803228965,0.215515770378189,-0.040004434863765,0
-0,-0,-0,-0,-0.0344982849795601,0.217187765100264,-0.0399537620200477,0
-0,-0,0,-0,-0.0340124367188137,0.218853846200407,-0.0398250364137015,0
-0,-0,-0,-0,-0.0349542460436006,0.220529083452071,-0.0398769942414001,0
-0,-0,0,-0,-0.0345031406946417,0.222188365071581,-0.0395028766283193,0
-0,-0,0,-0,-0.0352198641729878,0.223852819090339,-0.0395933587148994,0
-0,-0,0,-0,-0.0346353404509487,0.225519663579808,-0.0395020438959669,0
-0,-0,0,-0,-0.0352263716643491,0.227197015071632,-0.0394045202312735,0
0,-0,0,-0,-0.0339339250944195,0.228851802030433,-0.0391886894223342,0
0,-0,0,-0,-0.0339878081392874,0.230527855514713,-0.0391629709133979,0
0,-0,0,-0,-0.0333138857478465,0.232190295188019,-0.0390668647641974,0
0,-0,0,-0,-0.0332903740628655,0.233855476427128,-0.0388419412398903,0
0,-0,0,-0,-0.0321011010032589,0.235518897506058,-0.039008283419972,0
0,-0,0,-0,-0.0323181343072369,0.237190981111085,-0.0392159945098048,0
0,-0,0,-0,-0.0316584878934167,0.23886112051556,-0.0391763888156711,0
0,-0,0,-0,-0.0318058142940078,0.240517548461991,-0.0391023324167043,0
0,-0,0,-0,-0.0314140046561663,0.242189007366327,-0.0391720616575788,0
-0,-0,0,-0,-0.0316542529346584,0.243857635882331,-0.0392575279607869,0
0,-0,0,-0,-0.0315014897097227,0.245527566442167,-0.03926135867349,0
-0,-0,0,-0,-0.0317654224616303,0.24718791805607,-0.0393997059975444,0
-0,-0,0,-0,-0.0319381735378354,0.248860010179966,-0.0394643983083845,0
-0,-0,0,-0,-0.0322572440798978,0.250519424484229,-0.0378859339325171,0
-0,-0,0,-0,-0.0327919474182368,0.252182255228507,-0.0378001993855352,0
-0,-0,-0,-0,-0.0335392279627301,0.253853361126323,-0.0377428061746936,0
-0,-0,-0,-0,-0.0332028032161376,0.25551995489914,-0.0398561017990952,0
-0,-0,-0,-0,-0.034111716712848,0.25719273056699,-0.0398843886648918,0
-0,-0,-0,-0,-0.033669818915492,0.258854121578001,-0.039947549424893,0
-0,-0,-0,-0,-0.0343280889882712,0.260517037504594,-0.0401351673848119,0
-0,-0,-0,-0,-0.0339534137986936,0.262191611986541,-0.040074481066828,0
-0,-0,-0,-0,-0.0341108828341726,0.263853158261122,-0.0400833591450083,0
-0,-0,-0,-0,-0.0339835580448749,0.26552517766547,-0.0402394593420659,0
-0,-0,-0,-0,-0.0343538759169897,0.267197555452877,-0.0385083314651404,0
-0,-0,-0,-0,-0.0346951265210561,0.268857118752541,-0.0385946880249475,0
-0,-0,-0,-0,-0.0352719921067393,0.270522625581665,-0.038591151324884,0
-0,-0,-0,-0,-0.034897453095374,0.272188712812106,-0.0386664642431423,0
-0,-0,-0,-0,-0.0360041504571341,0.273857618040523,-0.0387469297349135,0
-0,-0,-0,-0,-0.0360108208872849,0.275518810072113,-0.0387216022464446,0
-0,-0,-0,-0,-0.03697456201525,0.277187327309599,-0.0388321330863021,0
-0,-0,-0,-0,-0.0371557150627137,0.278854371054104,-0.0388829302265513,0
-0,-0,-0,-0,-0.0382166861493976,0.280518229549318,-0.0388657908201207,0
-0,-0,-0,-0,-0.0388521533578023,0.282198379899803,-0.0387521738531992,0
-0,-0,-0,-0,-0.0398653737812239,0.28385307460118,-0.0389848743885486,0
-0,-0,-0,-0,-0.0396783074005106,0.285521633750716,-0.038983885323303,0
-0,-0,-0,-0,-0.0411522650601689,0.287192600773666,-0.0389893828911131,0
-0,-0,-0,-0,-0.0414063527465141,0.288849204480987,-0.0388118917503581,0
-0,-0,-0,-0,-0.0426567826991443,0.290521405573054,-0.039102255091689,0
-0,-0,-0,-0,-0.0428962530900429,0.292186786129711,-0.038923361739243,0
-0,-0,-0,-0,-0.04442991022723,0.293863639533404,-0.0390531964183284,0
-0,-0,-0,-0,-0.0448076096255959,0.295525323332656,-0.0386589064286596,0
-0,-0,-0,-0,-0.0462706887702546,0.297187006658467,-0.0386693934930379,0
-0,-0,-0,-0,-0.046592865356741,0.298858284726999,-0.0386410948123104,0
-0,-0,-0,-0,-0.0480735508899732,0.300521430539751,-0.0385318608018134,0
-0,-0,-0,-0,-0.0487765695532128,0.302186065540188,-0.0381465031234805,0
-0,-0,-0,-0,-0.0493729865169881,0.303859591813345,-0.0381423533336063,0
-0,-0,-0,-0,-0.0501895670479955,0.305517536520366,-0.038140222644627,0
-0,-0,-0,-0,-0.0512465315231122,0.307187807297912,-0.0377030666182027,0
-0,-0,-0,-0,-0.0520465010235558,0.308850979033498,-0.0374353859448534,0
-0,-0,-0,-0,-0.0522799397112198,0.310526741888402,-0.0372560220551817,0
-0,-0,-0,-0,-0.0532215899418531,0.312189446047911,-0.0372123521880763,0
-0,-0,-0,-0,-0.0539672508647779,0.31385077570149,-0.0370931638430283,0
-0,-0,-0,-0,-0.0547964535637954,0.315521164631789,-0.0366636253845999,0
-0,-0,-0,-0,-0.0544487159013471,0.317184324460634,-0.0364806920510668,0
-0,-0,-0,-0,-0.0561943885085563,0.318855921925544,-0.0364974789695065,0
-0,-0,-0,-0,-0.0559965222362652,0.320521216051233,-0.0361360515133185,0
-0,-0,-0,-0,-0.0574275171562962,0.322188648439391,-0.0359479640335398,0
-0,-0,0,-0,-0.0573399281593821,0.323859717166723,-0.0340291426566656,0
-0,-0,-0,-0,-0.0583870368823086,0.325522844894578,-0.0337743364792352,0
-0,-0,0,-0,-0.0595235443849058,0.327187566629842,-0.0335070548913432,0
-0,-0,0,-0,-0.060088906433648,0.328852216609743,-0.0331666398339871,0
-0,-0,0,-0,-0.0612632856551662,0.330515700642734,-0.0331271722002515,0
-0,-0,0,-0,-0.0608796183615632,0.332186701404629,-0.0329290457399603,0
-0,-0,0,-0,-0.0623341957334784,0.33386223968064,-0.0328798425379752,0
-0,-0,0,-0,-0.0624267070255284,0.33552553748724,-0.0325688803370774,0
-0,-0,0,-0,-0.0626605789362216,0.337192329511505,-0.0324583704332786,0
-0,-0,0,-0,-0.0634376779065953,0.338850768758707,-0.0321184185002043,0
-0,-0,0,-0,-0.0632198767017676,0.340524757138123,-0.031790835963412,0
-0,-0,0,-0,-0.0635285201401211,0.342195673415845,-0.03173152105543,0
-0,-0,0,-0,-0.0632813900831209,0.343854530865927,-0.0308847420286513,0
-0,-0,0,-0,-0.0632834852068881,0.34551958470759,-0.0293989066019911,0
-0,-0,0,-0,-0.063441024607179,0.34719008202942,-0.0293629639197917,0
-0,-0,0,-0,-0.0634761921610772,0.348855980780998,-0.0312995319505248,0
-0,-0,0,-0,-0.0640368566230854,0.350520717865942,-0.0310404332657302,0
-0,-0,0,-0,-0.0636040138695823,0.35218956716476,-0.0320856342688082,0
-0,-0,0,-0,-0.0635538117465763,0.353857223789293,-0.0328843365099764,0
-0,-0,0,-0,-0.0637306495268179,0.355517183108303,-0.0328218552604525,0
-0,-0,0,-0,-0.0626926101644233,0.357189629597075,-0.0306662398717484,0
-0,-0,0,-0,-0.0628342326904298,0.358852898764153,-0.0304636989855836,0
-0,-0,0,-0,-0.0626059199181088,0.360525281138615,-0.0306085593356516,0
-0,-0,0,-0,-0.0622476068729518,0.362187073511922,-0.0306710816136243,0
-0,-0,0,-0,-0.0623463588451709,0.363854618480434,-0.0305916277931608,0
-0,-0,0,-0,-0.0615396091420162,0.365520196912263,-0.0304500525195543,0
-0,-0,0,-0,-0.0613838706493973,0.367174449077993,-0.0305837572445461,0
-0,-0,0,-0,-0.0608894288536581,0.368853931300807,-0.0306050175406501,0
-0,-0,0,-0,-0.0604863011058119,0.3705210237413,-0.0305385714353257,0
-0,-0,0,-0,-0.0597175136703097,0.372191268351799,-0.0304914132481411,0
-0,-0,0,-0,-0.0598759760458712,0.373857903467094,-0.0305910446189238,0
-0,-0,0,-0,-0.0598550270528476,0.375522763503363,-0.0307291025187451,0
-0,-0,0,-0,-0.0600772366273166,0.377195841168048,-0.0307306836354932,0
-0,-0,0,-0,-0.0597832276398044,0.378849808667322,-0.0305403163748708,0
-0,-0,0,-0,-0.059626916314624,0.380523394778175,-0.031428442771241,0
-0,-0,0,-0,-0.0595264062320005,0.382191715298652,-0.0327411459725875,0
-0,-0,0,-0,-0.0597518264838149,0.383855073458961,-0.0328644525686631,0
-0,-0,0,-0,-0.0591307850308534,0.385522984814846,-0.0327805314174677,0
-0,-0,0,-0,-0.0591802674707557,0.387187042274027,-0.032785841973415,0
-0,-0,0,-0,-0.0588638743385756,0.388856555845422,-0.0328824905602112,0
-0,-0,0,-0,-0.0589844672148331,0.390525298321327,-0.0329167583736356,0
-0,-0,0,-0,-0.0588965782580269,0.392183901146158,-0.0328141133084752,0
-0,-0,0,-0,-0.0585371340073789,0.393857313219988,-0.0329246344879147,0
-0,-0,-0,-0,-0.0583726898710436,0.395519453209688,-0.03304919511166,0
-0,-0,-0,-0,-0.0593335725314498,0.397191004259645,-0.0314729135293883,0
-0,-0,-0,-0,-0.0590918812464444,0.398853867280196,-0.0310698776554199,0
-0,-0,-0,-0,-0.0585245090752542,0.400522999116161,-0.0310484319427136,0
0,-0,-0,-0,-0.0484885495847879,0.11200016799242,0.0933210787101693,0
0,-0,-0,-0,-0.0485779993208136,0.113671659983568,0.09527890061374,0
0,-0,-0,-0,-0.0478623143967299,0.115333711725965,0.0953577708351739,0
0,-0,-0,-0,-0.0479406033622109,0.116999897295093,0.0950599976845638,0
0,-0,-0,-0,-0.0484725021067978,0.118667187059558,0.0949707183020278,0
0,-0,-0,-0,-0.0474454674269835,0.120329250424476,0.094972620386212,0
0,-0,-0,-0,-0.0481680317774184,0.122001999274184,0.0929425273064518,0
-0,-0,-0,-0,-0.0481355091786768,0.123669435145318,0.0929798028162099,0
-0,-0,-0,-0,-0.0483530001841074,0.125339625161431,0.0929438514630149,0
-0,-0,-0,-0,-0.0491993837134095,0.127004042912919,0.0927917847986509,0
-0,-0,-0,-0,-0.0492841069375841,0.128664709644258,0.0928027157144276,0
-0,-0,-0,-0,-0.0496313698738582,0.130333260999163,0.0928508016339047,0
-0,-0,-0,-0,-0.0503051412347708,0.131997763278391,0.092946761574957,0
-0,-0,-0,-0,-0.050313676676285,0.133664912692162,0.0928138464497751,0
-0,-0,-0,-0,-0.0512076631218331,0.135326379214475,0.0926358369889228,0
-0,-0,-0,-0,-0.0521161511633195,0.136999408149823,0.0950213931584481,0
-0,-0,-0,-0,-0.0520998251134005,0.138670239635598,0.0967394309232366,0
-0,-0,-0,-0,-0.0535359162073006,0.140328343857848,0.0965753823204066,0
-0,-0,-0,-0,-0.0536781773505136,0.142004598576938,0.09861141910606,0
-0,-0,-0,-0,-0.0548510322475817,0.143664284095493,0.0986468831047541,0
-0,-0,-0,-0,-0.0557755617982478,0.145330328104208,0.0971461744384275,0
-0,-0,-0,-0,-0.0556323917122375,0.147000173450673,0.0968417575583299,0
-0,-0,-0,-0,-0.0567358748911923,0.148666640205868,0.0967786781474489,0
-0,-0,-0,-0,-0.0571109323750427,0.150340817156581,0.0987658869821858,0
-0,-0,-0,-0,-0.0573864096441708,0.152000023261755,0.0988801355725972,0
-0,-0,-0,-0,-0.0586541112542994,0.153666154308306,0.0970241215584045,0
-0,-0,-0,-0,-0.0584522366596077,0.155333442104649,0.0969294819687031,0
-0,-0,-0,-0,-0.0591193007468677,0.156994646261594,0.0969259002162727,0
-0,-0,-0,-0,-0.0597643505437165,0.158668834041715,0.0913732917997584,0
-0,-0,-0,-0,-0.0591381044834284,0.160336823322425,0.0915196919554006,0
-0,-0,-0,-0,-0.0595608442755986,0.162006546714333,0.091251888026989,0
-0,-0,-0,-0,-0.0597215638851405,0.163670422352547,0.0915520357094072,0
-0,-0,-0,-0,-0.0597012029406965,0.165336111922299,0.0917429902044977,0
-0,-0,-0,-0,-0.0601232682525601,0.167002390327447,0.091534442682768,0
-0,-0,-0,-0,-0.0597238318975105,0.168663797439825,0.0916257306709216,0
-0,-0,-0,-0,-0.0602958875879853,0.170331139445406,0.0974898812126761,0
-0,-0,-0,-0,-0.0605897985897746,0.171999786764852,0.0976397545010233,0
-0,-0,-0,-0,-0.0600004441136719,0.173664075197631,0.096409574938373,0
-0,-0,-0,-0,-0.0603673114256479,0.175337756251541,0.0957499447152814,0
-0,-0,-0,-0,-0.0601938958310171,0.17699123841042,0.0959433372917501,0
-0,-0,-0,-0,-0.0607196991428931,0.178673053168893,0.0940081197547587,0
-0,-0,-0,-0,-0.0610777649323817,0.180340522120597,0.0940817991407547,0
-0,-0,-0,-0,-0.060746063783396,0.18199796924346,0.0958322427956538,0
-0,-0,-0,-0,-0.061484422051968,0.183664636287068,0.0962573071287117,0
-0,-0,-0,-0,-0.0618059867819655,0.185333150903845,0.0961272021597698,0
-0,-0,-0,-0,-0.062068337656803,0.186994003961008,0.0963090562769549,0
-0,-0,0,-0,-0.0628600510458289,0.188666327063017,0.0964688393532544,0
-0,-0,0,-0,-0.0624812320270436,0.190334110986049,0.0944329294120304,0
-0,-0,-0,-0,-0.0624816920525069,0.19200976353901,0.0943687294237833,0
-0,-0,0,-0,-0.0633490513509014,0.193662127392946,0.0947989147035398,0
-0,-0,0,-0,-0.06314597080301,0.195332844806656,0.0968286153103367,0
-0,-0,0,-0,-0.0632263534350806,0.197006172474351,0.0967468345702204,0
-0,-0,0,-0,-0.063262296987228,0.198666106122789,0.0965690770292544,0
-0,-0,0,-0,-0.0629720152999099,0.20033437971956,0.096829466430911,0
-0,-0,0,-0,-0.0641088745388581,0.202000033920256,0.0966711863967271,0
-0,-0,0,-0,-0.0637639298667853,0.203668808354113,0.0967709034687401,0
-0,-0,0,-0,-0.0638490453529797,0.205335918182913,0.0967806148434657,0
-0,-0,0,-0,-0.0648363276042283,0.206999036042306,0.0948249406731754,0
-0,-0,0,-0,-0.0644266611017827,0.208669264218716,0.0949496020806879,0
-0,-0,0,-0,-0.0645175107530884,0.210333302261333,0.0927456137746139,0
-0,-0,0,-0,-0.0652314406340119,0.211996022987163,0.0911402017110334,0
-0,-0,0,-0,-0.0650879159472801,0.213670100705114,0.0911357048804412,0
-0,-0,0,-0,-0.0655317490484223,0.215335857036981,0.0908469546061068,0
-0,-0,0,-0,-0.0661378444159516,0.21700622486708,0.0909411372965243,0
-0,-0,0,-0,-0.0659591923098529,0.218664423395647,0.0910622857909788,0
-0,-0,-0,-0,-0.0667182203210287,0.220333534399956,0.0907618170231008,0
-0,-0,-0,-0,-0.0668733377634157,0.22199210982746,0.0907491159044957,0
-0,-0,0,-0,-0.0668772703283534,0.223661874937388,0.0909278736326678,0
-0,-0,-0,-0,-0.0677752958688095,0.225334556960703,0.0907220456385593,0
-0,-0,-0,-0,-0.0677410193270614,0.227000423446494,0.090740909932502,0
-0,-0,-0,-0,-0.0681771173915321,0.228672303829344,0.0906876836543207,0
-0,-0,-0,-0,-0.0690271849860717,0.230334525315202,0.0909201621633628,0
-0,-0,-0,-0,-0.069176169847458,0.231998384679482,0.0925481477070292,0
-0,-0,-0,-0,-0.069394684990178,0.233666709909949,0.0924186361088365,0
-0,-0,-0,-0,-0.0699204055101765,0.235336483174652,0.0923937085260764,0
-0,-0,-0,-0,-0.0695717412667786,0.236997283700708,0.092223794909512,0
-0,-0,-0,-0,-0.0701720069625147,0.238670722161511,0.092038012160951,0
-0,-0,-0,-0,-0.0707506578043713,0.240339142367487,0.0919652299427012,0
-0,-0,-0,-0,-0.0701758511828847,0.242002314466307,0.0921429430846588,0
-0,-0,-0,-0,-0.0712879747116492,0.243668421711628,0.0957860064908063,0
-0,-0,-0,-0,-0.0713842811871182,0.245335265439966,0.0956422641956482,0
-0,-0,-0,-0,-0.071253961375053,0.246997230362285,0.095602300923014,0
-0,-0,-0,-0,-0.0719830293655856,0.248666026022799,0.095462930238307,0
-0,-0,-0,-0,-0.0717638087683573,0.250334781846869,0.0954610066817133,0
-0,-0,-0,-0,-0.0721786591496303,0.252002875306619,0.0953953629946852,0
-0,-0,-0,-0,-0.0733635621138715,0.253666796372868,0.0952980009478303,0
-0,-0,-0,-0,-0.0732543462985668,0.255333999229024,0.0983264350584185,0
-0,-0,-0,-0,-0.0733719390553898,0.257000260768741,0.0990468177141698,0
-0,-0,-0,-0,-0.0742126603603175,0.258666742627154,0.098911699404979,0
-0,-0,-0,-0,-0.0738557308710635,0.260327260477928,0.0988637997478129,0
-0,-0,-0,-0,-0.0743710948284878,0.26200009927137,0.0988848899873121,0
-0,-0,-0,-0,-0.0750328953600557,0.263668059416546,0.100787652790172,0
-0,-0,-0,-0,-0.0754061218738475,0.265337604808522,0.100768410204791,0
-0,-0,-0,-0,-0.0753833846490672,0.267001072964991,0.100699940877796,0
-0,-0,-0,-0,-0.0761261848702414,0.268673115047282,0.102332537173609,0
-0,-0,-0,-0,-0.0756504843356424,0.270335654274331,0.102576232821955,0
-0,-0,-0,-0,-0.0753461795423906,0.272003912053458,0.102469633446511,0
-0,-0,-0,-0,-0.0754957662860387,0.273665304989823,0.102206041049168,0
-0,-0,-0,-0,-0.0754172661373377,0.275333318565304,0.102750914537109,0
-0,-0,-0,-0,-0.0746210031637238,0.277003324737397,0.104238933538732,0
-0,-0,-0,-0,-0.0750507766902012,0.278660206299819,0.104164007246679,0
-0,-0,-0,-0,-0.0747462436734345,0.280333011029226,0.104111998746675,0
-0,-0,-0,-0,-0.0748827883429014,0.282002823878862,0.103961125272913,0
-0,-0,-0,-0,-0.0755160480409473,0.283663784572993,0.105239355866315,0
-0,-0,-0,-0,-0.0761016074253227,0.285329443371253,0.105967383928063,0
-0,-0,-0,-0,-0.0762144826609201,0.287002611444877,0.105891141173112,0
-0,-0,-0,-0,-0.0769661717985041,0.288665385391421,0.105912495910589,0
-0,-0,-0,-0,-0.0775718068030381,0.290340564536729,0.10597194451626,0
-0,-0,-0,-0,-0.0773888137970513,0.292001043633369,0.104362677455035,0
-0,-0,-0,-0,-0.0785831763063069,0.293667394594597,0.104054794662162,0
-0,-0,-0,-0,-0.0789113384123499,0.295338801920588,0.104280102557159,0
-0,-0,-0,-0,-0.0795905478552581,0.296997346635512,0.104143675576336,0
-0,-0,-0,-0,-0.0798875287828209,0.298666689997951,0.10420378825361,0
-0,-0,-0,-0,-0.0810783145146404,0.300333858971948,0.104396380942454,0
-0,-0,-0,-0,-0.081230288267448,0.301996849721765,0.104501498810631,0
-0,-0,-0,-0,-0.081210021984152,0.303666293949925,0.10454958420656,0
-0,-0,-0,-0,-0.0818155923443368,0.305338001900013,0.104582411333732,0
-0,-0,-0,-0,-0.0822017367694789,0.307004022642643,0.104800665300673,0
-0,-0,-0,-0,-0.0827231250057322,0.308675316174746,0.104977133830942,0
-0,-0,-0,-0,-0.0833767520151905,0.310327176973126,0.105053766246666,0
-0,-0,-0,-0,-0.0846923249386773,0.311999319840626,0.10510196337217,0
-0,-0,-0,-0,-0.0851315079266275,0.313663683819509,0.105468319023484,0
-0,-0,-0,-0,-0.0859289250971915,0.315336647973336,0.105520388157625,0
-0,-0,-0,-0,-0.086094308400058,0.316996368610618,0.105676153344338,0
-0,-0,-0,-0,-0.0873425441714379,0.318668452690314,0.105821050617839,0
-0,-0,-0,-0,-0.088187264198574,0.320337956376645,0.105906529308083,0
-0,-0,-0,-0,-0.0888689457584152,0.321998183977181,0.106187679337931,0
-0,-0,-0,-0,-0.0892653319476311,0.323672900605583,0.106482363420624,0
-0,-0,-0,-0,-0.0899768472549805,0.32533698284187,0.106573387130971,0
-0,-0,-0,-0,-0.0904941260998164,0.32700375501118,0.106674266391543,0
-0,-0,-0,-0,-0.0898787806146362,0.328667163805158,0.106909408164474,0
-0,-0,-0,-0,-0.0900927807082189,0.330335947716517,0.10539208989567,0
-0,-0,-0,-0,-0.0902682527915021,0.332005407583427,0.105363746003691,0
-0,-0,-0,-0,-0.0906833226800075,0.333665595605532,0.107190448994068,0
-0,-0,-0,-0,-0.0905634095055841,0.335332362404909,0.107389340209569,0
-0,-0,-0,-0,-0.0894658011277125,0.336999764338895,0.105652955067544,0
-0,-0,-0,-0,-0.0891124628349577,0.338663286842579,0.105547104348719,0
-0,-0,-0,-0,-0.0894931438055724,0.340322382592422,0.105494647909429,0
-0,-0,-0,-0,-0.0899568826432453,0.342003846575952,0.105697079733526,0
-0,-0,-0,-0,-0.0897898771752938,0.34367230550419,0.105678617388014,0
-0,-0,-0,-0,-0.0892424558531373,0.345341284412131,0.107445241638264,0
-0,-0,-0,-0,-0.0893467157661361,0.346998146006461,0.107675203235049,0
-0,-0,-0,-0,-0.0893819130114647,0.348666793207832,0.108539647168521,0
-0,-0,-0,-0,-0.0891962585974719,0.350330203432163,0.109669142954265,0
-0,-0,-0,-0,-0.089443251529459,0.351997273327917,0.109651099345795,0
-0,-0,0,-0,-0.089332170543037,0.353666829959033,0.10801487031455,0
-0,-0,-0,-0,-0.088834283474836,0.355339158081014,0.107927209059943,0
-0,-0,-0,-0,-0.0885200186477491,0.357004911589549,0.108114991560953,0
-0,-0,-0,-0,-0.0890684411803325,0.358662348633858,0.108028642349728,0
-0,-0,-0,-0,-0.0892648587668555,0.360337876653734,0.107939234216529,0
-0,-0,-0,-0,-0.0891628785931789,0.361999460082288,0.107975385781983,0
-0,-0,-0,-0,-0.0765061374099827,0.0654858102045456,0.124842818412448,0
-0,-0,-0,-0,-0.0756942833177386,0.06715485387197,0.127164636669204,0
-0,-0,-0,-0,-0.0761927272541388,0.068823554077683,0.12845228554897,0
-0,-0,-0,-0,-0.0754337122042579,0.0704834460793183,0.128239517024383,0
-0,-0,-0,-0,-0.0756587959840185,0.0721565607564151,0.127894763716692,0
-0,-0,-0,-0,-0.0755117819649591,0.0738184066219988,0.128040598527291,0
-0,-0,-0,-0,-0.075718191745322,0.0754817622508125,0.126014612872257,0
-0,-0,-0,-0,-0.075279565959729,0.0771475892252787,0.125578321624647,0
-0,-0,-0,-0,-0.0752792207427918,0.078826648283172,0.125274828671987,0
-0,-0,-0,-0,-0.0747940339222143,0.0804958963828313,0.125416765123848,0
-0,-0,-0,-0,-0.0741080683484821,0.0821532893312418,0.12525535826994,0
-0,-0,-0,-0,-0.0741723151616841,0.0838189125656164,0.126988807425253,0
-0,-0,-0,-0,-0.0732911469492792,0.0854862169686905,0.126900884720801,0
-0,-0,-0,-0,-0.0736922172207217,0.0871449440680867,0.127121842892077,0
-0,-0,-0,-0,-0.0727114694509076,0.0888247533472263,0.128866638840493,0
-0,-0,-0,-0,-0.0736385221808372,0.0904896775266309,0.128444318244675,0
-0,-0,-0,-0,-0.0728102795171154,0.0921603233002693,0.126328321963999,0
-0,-0,-0,-0,-0.0743753632987473,0.0938100060996049,0.126321557261414,0
-0,-0,-0,-0,-0.0741676746690865,0.0954873082544563,0.126445537968349,0
-0,-0,-0,-0,-0.0754540668806218,0.0971522640147172,0.126012488724448,0
-0,-0,-0,-0,-0.0754239863138847,0.0988177831581919,0.126051994847798,0
-0,-0,-0,-0,-0.0764792511504308,0.100482785020271,0.125030361169371,0
-0,-0,-0,-0,-0.078142993564637,0.102151687063128,0.124446679564685,0
-0,-0,-0,-0,-0.0792149599069764,0.103822296763434,0.129126913516579,0
-0,-0,-0,-0,-0.0802229403397942,0.105494620478952,0.13213886618502,0
-0,-0,-0,-0,-0.0805047398077185,0.107153748833847,0.132424621931249,0
-0,-0,-0,-0,-0.0821966333269662,0.108831025198466,0.134498898288999,0
-0,-0,-0,-0,-0.0823950564060386,0.11048864144678,0.134667899253907,0
-0,-0,-0,-0,-0.0843732362479052,0.112149503984179,0.134647027096707,0
-0,-0,-0,-0,-0.0848479693824197,0.113819578838421,0.135087232290378,0
-0,-0,-0,-0,-0.0872295982570523,0.115485789248407,0.135156873127324,0
-0,-0,-0,-0,-0.0874896496622283,0.117157976796717,0.135362496781984,0
-0,-0,-0,-0,-0.0905560970165374,0.118822254081061,0.135314270000009,0
-0,-0,-0,-0,-0.0909298302219015,0.12048400936319,0.135720791227606,0
-0,-0,-0,-0,-0.0931037650430027,0.122152483627193,0.135673730982813,0
-0,-0,-0,-0,-0.0943486485967748,0.123810903965676,0.135967353734244,0
-0,-0,-0,-0,-0.0967017863170729,0.12548787795122,0.135975248243903,0
-0,-0,-0,-0,-0.0976244566922643,0.12715606499998,0.136250883076926,0
-0,-0,-0,-0,-0.0990449315224066,0.128822976136683,0.138221165162676,0
-0,-0,-0,-0,-0.0999631861829171,0.130486958264397,0.138411770634467,0
-0,-0,-0,-0,-0.101378734529268,0.132153771561602,0.138648094185427,0
-0,-0,-0,-0,-0.102835647720539,0.133822039713381,0.138699102481071,0
-0,-0,-0,-0,-0.103310977856564,0.135485245952156,0.138834384319859,0
-0,-0,-0,-0,-0.103919981435512,0.137150050553024,0.139068308259454,0
-0,-0,-0,-0,-0.10301102750206,0.138824735776627,0.139221125557374,0
-0,-0,-0,-0,-0.104404672850142,0.140487494536705,0.139059193605834,0
-0,-0,-0,-0,-0.104346429669584,0.142153551174745,0.139150006662512,0
-0,-0,-0,-0,-0.105235464017582,0.143820379952886,0.139135827425304,0
-0,-0,-0,-0,-0.103342734479012,0.145491012653025,0.139309583271239,0
-0,-0,-0,-0,-0.104226327167245,0.147158211964828,0.139312203602535,0
-0,-0,-0,-0,-0.102881436785205,0.148815157183501,0.139622727396871,0
-0,-0,-0,-0,-0.103455553797522,0.150492817699325,0.139500559110435,0
-0,-0,-0,-0,-0.10186588694338,0.152152078232706,0.139520314867146,0
-0,-0,-0,-0,-0.103691621213516,0.153816182394912,0.139302315862275,0
-0,-0,-0,-0,-0.102436288074003,0.155487182343073,0.139587999096301,0
-0,-0,-0,-0,-0.104090026195581,0.157153062695789,0.139185562562895,0
-0,-0,-0,-0,-0.103602478923387,0.158824759989779,0.139442514335035,0
-0,-0,-0,-0,-0.104017206323567,0.160485721873216,0.139431949304241,0
-0,-0,-0,-0,-0.102258374759477,0.162151185305421,0.139457073813691,0
-0,-0,-0,-0,-0.102570352322613,0.163821919073823,0.13924157395216,0
-0,-0,-0,-0,-0.102031224711687,0.165484200465396,0.139448371989293,0
-0,-0,-0,-0,-0.103157270572704,0.167153549386387,0.139180987932093,0
-0,-0,-0,-0,-0.102153014043292,0.168821921111966,0.140781089942522,0
-0,-0,-0,-0,-0.103079745366061,0.170491179165631,0.142741268744376,0
-0,-0,-0,-0,-0.101740701010324,0.17215142595569,0.142901822821678,0
-0,-0,-0,-0,-0.101490734860712,0.173816000270403,0.142714452915226,0
-0,-0,-0,-0,-0.0996185310783275,0.175487500887668,0.142492563970148,0
-0,-0,-0,-0,-0.0996128473382279,0.177150599491801,0.142367484347743,0
-0,-0,-0,-0,-0.0978411474888314,0.178820840046683,0.142533325258026,0
-0,-0,-0,-0,-0.0979206365876014,0.180486628658776,0.142122738026984,0
-0,-0,-0,-0,-0.0954183961869357,0.182158225839704,0.142151752959706,0
-0,-0,-0,-0,-0.0965302931157511,0.183817200628444,0.141855926807214,0
-0,-0,-0,-0,-0.0958143633139675,0.185482586616559,0.14365268719737,0
-0,-0,-0,-0,-0.0981018652168541,0.187153187706623,0.143337758588381,0
-0,-0,-0,-0,-0.0983636340679955,0.188822141143186,0.143243786508751,0
-0,-0,-0,-0,-0.10140435451424,0.190479696588335,0.143106467231142,0
-0,-0,-0,-0,-0.100345022820201,0.192152754007326,0.143423987957431,0
-0,-0,-0,-0,-0.103557653816538,0.193829707207225,0.145269132072077,0
-0,-0,-0,-0,-0.103550115438178,0.195489134420308,0.145818833632487,0
-0,-0,-0,-0,-0.106522936128373,0.197161308334015,0.145816583769419,0
-0,-0,-0,-0,-0.106512450273935,0.198821052925823,0.146052938265981,0
-0,-0,-0,-0,-0.110577096207033,0.200487714607186,0.146168692332238,0
-0,-0,-0,-0,-0.111003020618846,0.202147493926226,0.146888040926229,0
-0,-0,-0,-0,-0.11334706398296,0.203815733611408,0.146776456248475,0
-0,-0,-0,-0,-0.113675352629979,0.205487951916965,0.147950192117499,0
-0,-0,-0,-0,-0.116434486914297,0.207153425909824,0.149475142497966,0
-0,-0,-0,-0,-0.117280563635946,0.208823967907563,0.150185768134588,0
-0,-0,-0,-0,-0.119313462050424,0.210482455307834,0.151883136836011,0
-0,-0,-0,-0,-0.119881013864892,0.212148885001019,0.152373488080748,0
-0,-0,-0,-0,-0.121996706782638,0.213817712671833,0.152888950815127,0
-0,-0,-0,-0,-0.123127982078844,0.215487227218045,0.153431984123146,0
-0,-0,-0,-0,-0.124504578767827,0.217155431929637,0.153488609930489,0
-0,-0,-0,-0,-0.12534783590535,0.218823948034239,0.153961089477973,0
-0,-0,-0,-0,-0.126338618227375,0.22049015727661,0.154427467039451,0
-0,-0,-0,-0,-0.127073266208646,0.22216007714318,0.15494951481391,0
-0,-0,-0,-0,-0.127671702781356,0.22381872083509,0.155054709471969,0
-0,-0,-0,-0,-0.129008918988793,0.225485849211245,0.155309748161036,0
-0,-0,-0,-0,-0.128712480730604,0.227146171664945,0.155823447732042,0
-0,-0,-0,-0,-0.129967663990648,0.228818995531631,0.156025581337668,0
-0,-0,-0,-0,-0.128622172013919,0.230486872988135,0.15803165076136,0
-0,-0,-0,-0,-0.130058818372179,0.232157089987745,0.158093310789369,0
-0,-0,0,-0,-0.128669308806463,0.233824808904742,0.158470986004086,0
-0,-0,-0,-0,-0.131145497097841,0.235487745963955,0.158337502230863,0
-0,-0,-0,-0,-0.129272538124909,0.237158615365431,0.158535233097235,0
-0,-0,-0,-0,-0.130763935225525,0.238818827503617,0.158053081242018,0
-0,-0,-0,-0,-0.129811040993637,0.240483494341242,0.158277751738953,0
-0,-0,-0,-0,-0.131539758638711,0.242153548409395,0.158273135852607,0
-0,-0,-0,-0,-0.131665720454607,0.243821521818209,0.158457788636361,0
-0,-0,-0,-0,-0.132939805354371,0.245488804621049,0.158324528461694,0
-0,-0,-0,-0,-0.13327956936843,0.247151461539278,0.158710339613655,0
-0,-0,-0,-0,-0.134015311275582,0.248821486832525,0.158651841582719,0
-0,-0,-0,-0,-0.135254747949003,0.250479612290125,0.158751469164452,0
-0,-0,-0,-0,-0.135597872187464,0.252149931630384,0.158723926446428,0
-0,-0,-0,-0,-0.137275158999349,0.253821349030061,0.158785233701662,0
-0,-0,-0,-0,-0.137519376802645,0.255486951030069,0.158996831771732,0
-0,-0,-0,-0,-0.139567114223516,0.257151645471703,0.159266470899855,0
-0,-0,-0,-0,-0.137855678829612,0.258820166527484,0.161373691063941,0
-0,-0,-0,-0,-0.140266037937025,0.260485387879691,0.161889661848144,0
-0,-0,-0,-0,-0.139026616832953,0.262157104170891,0.162439649259849,0
-0,-0,-0,-0,-0.141239662289959,0.26381413879324,0.162509578224875,0
-0,-0,-0,-0,-0.14018597344968,0.265485744334419,0.162718243887987,0
-0,-0,-0,-0,-0.139284048280486,0.267152548331614,0.160877390194468,0
-0,-0,-0,-0,-0.138325164950519,0.268815060824708,0.161167540962893,0
-0,-0,-0,-0,-0.136101472202874,0.270490126651095,0.161102773590262,0
-0,-0,-0,-0,-0.135608966732259,0.27215719698239,0.157315584247641,0
-0,-0,-0,-0,-0.133036972162169,0.273825762841923,0.157614389991809,0
-0,-0,-0,-0,-0.132533910913085,0.275495157351027,0.157296022088031,0
0,-0,-0,-0,-0.129631616614477,0.277150494670597,0.1572585450183,0
-0,-0,-0,-0,-0.129655215316766,0.278819574991852,0.158643123961704,0
-0,-0,-0,-0,-0.127871824739645,0.28048301633051,0.160804916303769,0
-0,-0,-0,-0,-0.126731386433826,0.282155625426046,0.16038005988555,0
-0,-0,-0,-0,-0.127532586156136,0.283820914410105,0.160284657380912,0
-0,-0,-0,-0,-0.125852100673062,0.285487428997577,0.160290824312606,0
-0,-0,-0,-0,-0.126608902269946,0.287158883069519,0.160055066635994,0
-0,-0,-0,-0,-0.125079898128834,0.288821741852938,0.160089722580253,0
-0,-0,-0,-0,-0.124872127081579,0.290488439484953,0.160250940472098,0
-0,-0,-0,-0,-0.125331960939068,0.292158614728192,0.158174640313008,0
-0,-0,-0,-0,-0.123437843589462,0.293814851434932,0.158196592939019,0
-0,-0,-0,-0,-0.124703564039549,0.295486132110394,0.159994545849379,0
-0,-0,-0,-0,-0.124433638313181,0.297153076411742,0.160390102302185,0
-0,-0,-0,-0,-0.124713142372228,0.298825731519762,0.160080293201061,0
-0,-0,-0,-0,-0.12539535629449,0.300485141012253,0.160020434255623,0
-0,-0,-0,-0,-0.124216686520777,0.302151374548053,0.160365732575327,0
-0,-0,-0,-0,-0.125499031576311,0.303819929027606,0.160549327338793,0
-0,-0,-0,-0,-0.123888535124802,0.305478129317485,0.16052610678111,0
-0,-0,-0,-0,-0.122743197788688,0.307157833333342,0.160579494381657,0
-0,-0,-0,-0,-0.123251089689045,0.308824827152199,0.160915985425532,0
-0,-0,-0,-0,-0.12088203190259,0.310488747888679,0.161004149369893,0
-0,-0,-0,-0,-0.120220974117145,0.312154629099091,0.160756661126125,0
-0,-0,-0,-0,-0.11878882435247,0.31381595472819,0.160820761893703,0
0,-0,-0,-0,-0.117113859709083,0.315490128036003,0.161112177111292,0
-0,-0,-0,-0,-0.11703406348629,0.317153290012314,0.161048608262664,0
-0,-0,-0,-0,-0.115948444054044,0.318816124253193,0.160873583641538,0
-0,-0,-0,-0,-0.114679136600482,0.320485768909824,0.158863542857438,0
-0,-0,-0,-0,-0.115195693568764,0.322154939427127,0.158990826039278,0
-0,-0,-0,-0,-0.114371508464006,0.323826488036004,0.157695937681851,0
-0,-0,-0,-0,-0.113878957349729,0.325487387361935,0.156743759582823,0
-0,-0,-0,-0,-0.114103951275338,0.327159140171968,0.156622441035824,0
-0,-0,-0,-0,-0.11292544492478,0.328818854737352,0.153068515266727,0
-0,-0,-0,-0,-0.112983054148545,0.330481486425526,0.153068083448486,0
-0,-0,-0,-0,-0.113739550110418,0.332153437274017,0.151075388527639,0
-0,-0,-0,-0,-0.112219391831457,0.333818261751414,0.151055127925506,0
-0,-0,0,-0,-0.111325809716771,0.335490670001992,0.151577259619766,0
-0,-0,0,-0,-0.112119823841186,0.337153099734139,0.151511963469006,0
-0,-0,0,-0,-0.111026342389096,0.338822063276291,0.151458313866511,0
-0,-0,0,-0,-0.10940130887161,0.340486476397684,0.151591841281991,0
-0,-0,0,-0,-0.109597338002273,0.342162063481454,0.151858998029899,0
-0,-0,0,-0,-0.108460678540652,0.343826996788612,0.152442608536559,0
-0,-0,-0,-0,-0.106820271148099,0.345497847979521,0.15507848385904,0
-0,-0,0,-0,-0.107477980291945,0.347155559811905,0.155180499102434,0
-0,-0,0,-0,-0.105645199106195,0.348821278250486,0.159314502535289,0
0,-0,0,-0,-0.104475731968085,0.350485328445173,0.158844400482815,0
-0,-0,-0,-0,-0.104184708858957,0.352156046920204,0.159298044515235,0
-0,-0,0,-0,-0.104129270889665,0.353816566622069,0.160727594847674,0
-0,-0,0,-0,-0.10285078519882,0.355485854509075,0.160779870481803,0
-0,-0,-0,-0,-0.102146800665765,0.357151855854629,0.158495806970327,0
-0,-0,-0,-0,-0.102535850108299,0.358814041991673,0.158302764371371,0
-0,-0,0,-0,-0.101126764604529,0.360486228733676,0.156172008652581,0
-0,-0,0,-0,-0.0995928744730772,0.362152131328019,0.154986422156742,0
-0,-0,0,-0,-0.0993920943681018,0.363823979239258,0.154439697398776,0
0,-0,-0,-0,-0.0987978400048663,0.365490950266019,0.154236812730253,0
-0,-0,0,-0,-0.0978657081250019,0.367147886554847,0.154626629603648,0
-0,-0,0,-0,-0.0975848907673161,0.368820330926975,0.154539938618778,0
-0,-0,0,-0,-0.0979689398514166,0.370485400467179,0.154208834772586,0
-0,-0,0,-0,-0.0964553392378555,0.372160460512182,0.154004626338864,0
-0,-0,0,-0,-0.0958685351791209,0.37382444133061,0.154227515496419,0
-0,-0,0,-0,-0.0962117197789897,0.375485611012898,0.154168184493554,0
-0,-0,0,-0,-0.0955569829839041,0.377156027064303,0.152135208065384,0
-0,-0,0,-0,-0.0945765758317878,0.378818239146569,0.152036253574521,0
-0,-0,0,-0,-0.0947830132872604,0.380483698202879,0.152163054169546,0
-0,-0,0,-0,-0.0946039267416529,0.382157805154444,0.152332391902228,0
-0,-0,0,-0,-0.0938988058849744,0.383815892911573,0.152147029355046,0
-0,-0,0,-0,-0.0931546077460184,0.38548801816061,0.154097664588287,0
-0,-0,0,-0,-0.0929437356370579,0.387150717352836,0.154161317916581,0
-0,-0,0,-0,-0.0931193521872442,0.388823276459524,0.154078531271464,0
-0,-0,0,-0,-0.0935455317808712,0.390488788713991,0.154021967832755,0
-0,-0,0,-0,-0.0936292865589449,0.392149499168687,0.15422058104471,0
-0,-0,0,-0,-0.0937918081548821,0.393818670673726,0.156423643217281,0
-0,-0,0,-0,-0.0934240165156664,0.395484263820003,0.156353112341435,0
-0,-0,0,-0,-0.0931619665772039,0.397155501551634,0.156534634825353,0
-0,-0,0,-0,-0.0928774396319016,0.398819328006129,0.156802712147238,0
-0,-0,-0,-0,-0.066692324964996,0.148359631700276,0.094434018764923,0
-0,-0,-0,-0,-0.0678774388588675,0.150034136736137,0.0944526987566527,0
-0,-0,-0,-0,-0.0677966650347478,0.151695110939198,0.0944380522048286,0
-0,-0,-0,-0,-0.0685592947852713,0.153365796625783,0.094626247128837,0
-0,-0,-0,-0,-0.0693322991990137,0.155032867715566,0.0947009275357579,0
-0,-0,-0,-0,-0.0692363613639501,0.156690528558206,0.0948768759614951,0
-0,-0,-0,-0,-0.069885080833672,0.158364192431544,0.0948950992644054,0
-0,-0,-0,-0,-0.0694309144514191,0.160034642284726,0.0951241507956654,0
-0,-0,-0,-0,-0.0703492470448534,0.161692980184667,0.0953621370184641,0
-0,-0,-0,-0,-0.0702530821808525,0.163362367467301,0.095227286734851,0
-0,-0,-0,-0,-0.0702674035351171,0.165037385851515,0.0950761221508823,0
-0,-0,-0,-0,-0.0702105148107173,0.166702083793725,0.0952272994618364,0
-0,-0,-0,-0,-0.070365991855434,0.168367901378238,0.0954769686596324,0
-0,-0,-0,-0,-0.0709904906666693,0.170030264192237,0.0973756916891612,0
-0,-0,-0,-0,-0.0703037049273944,0.171701369096491,0.0974338113665353,0
-0,-0,-0,-0,-0.0708840429241658,0.173374894801701,0.0976128841291879,0
-0,-0,-0,-0,-0.0700713674023302,0.175028679355699,0.0977329091163836,0
-0,-0,-0,-0,-0.0705271295050189,0.176696177541405,0.0975516168065046,0
-0,-0,-0,-0,-0.0694691720089285,0.178367288186216,0.0974960199396065,0
-0,-0,0,-0,-0.0696151632414827,0.180028955505964,0.0979162512617874,0
-0,-0,0,-0,-0.0691576937914155,0.181696360211451,0.0982529481103875,0
-0,-0,0,-0,-0.0685208242876445,0.183366348516765,0.0982218498455418,0
-0,-0,-0,-0,-0.068979512841004,0.185025889446544,0.0978126637152749,0
-0,-0,-0,-0,-0.0684000189583579,0.18669804204754,0.0980162176051187,0
-0,-0,0,-0,-0.0690112025627957,0.188362558189281,0.0980875373799389,0
-0,-0,0,-0,-0.0681901118081335,0.190032343753307,0.100121467776644,0
-0,-0,-0,-0,-0.0684313606724166,0.191698492717165,0.0999578449744333,0
-0,-0,-0,-0,-0.067674795064403,0.193363654853799,0.100874786988315,0
-0,-0,0,-0,-0.0674998182732994,0.195032983332666,0.102112680070585,0
-0,-0,0,-0,-0.0668831719425716,0.196694818529914,0.102060711068154,0
-0,-0,-0,-0,-0.0662435438426334,0.198360619874158,0.102012133254219,0
-0,-0,-0,-0,-0.0664459489734471,0.200031875464168,0.10200677825766,0
-0,-0,0,-0,-0.065696116513614,0.201700501148957,0.102231462358198,0
-0,-0,0,-0,-0.0652835747790825,0.203365728680121,0.10220693213628,0
0,-0,-0,-0,-0.0639327153030645,0.20503346203682,0.101855346736194,0
-0,-0,-0,-0,-0.0634490584743324,0.206696927460649,0.101910535226539,0
0,-0,-0,-0,-0.0628704535483713,0.20836329980238,0.101874701309182,0
0,-0,-0,-0,-0.0614393806225356,0.210026366249456,0.101625266086558,0
0,-0,-0,-0,-0.0617621012872428,0.211696106567085,0.101405886166834,0
0,-0,-0,-0,-0.0597935931757475,0.213355840367427,0.101449451879975,0
0,-0,-0,-0,-0.0596478151325553,0.215035076617582,0.101216739635766,0
0,-0,-0,-0,-0.0586515230503667,0.216696393671142,0.100979573654796,0
-0,-0,-0,-0,-0.0594144293914701,0.218361954949297,0.100806068519269,0
-0,-0,-0,-0,-0.0592832877506882,0.220033286397092,0.100563253627435,0
-0,-0,-0,-0,-0.0580968353385242,0.221691431785023,0.101400646017159,0
-0,-0,-0,-0,-0.0579375538614338,0.223363476234799,0.104134606045563,0
-0,-0,-0,-0,-0.0574510550890625,0.225029797751838,0.103971489858724,0
-0,-0,-0,-0,-0.0592193533680127,0.22669136665975,0.105596924427517,0
-0,-0,-0,-0,-0.0588718178096269,0.228368297308096,0.105468120685771,0
-0,-0,-0,-0,-0.0590448827266174,0.230031809699227,0.106343013924756,0
-0,-0,-0,-0,-0.0598922306775104,0.231701684996943,0.107265925904352,0
-0,-0,-0,-0,-0.0608065230243312,0.233365533434939,0.107053302071666,0
-0,-0,-0,-0,-0.0623791896460085,0.235026708311605,0.106809919395849,0
-0,-0,-0,-0,-0.0618028511860822,0.236697432436041,0.106931969143295,0
-0,-0,-0,-0,-0.0631370235531543,0.238370766161999,0.106974731497542,0
-0,-0,-0,-0,-0.063582309228996,0.240032958461466,0.107000853441092,0
-0,-0,-0,-0,-0.065300001783941,0.241701005270035,0.10694247574468,0
-0,-0,-0,-0,-0.0653242781298086,0.243358533557798,0.105001645959433,0
-0,-0,-0,-0,-0.0658313585027307,0.245034359482468,0.105127514984656,0
-0,-0,-0,-0,-0.0667068949723243,0.246689952159744,0.105033210656946,0
-0,-0,-0,-0,-0.0667317213251496,0.248362165423301,0.105193623435582,0
-0,-0,-0,-0,-0.0675844176544768,0.250028754424935,0.105186715415361,0
-0,-0,-0,-0,-0.0665347248619702,0.251690952740009,0.103297691778327,0
-0,-0,-0,-0,-0.0676701025071409,0.253362982177695,0.103493257679089,0
-0,-0,-0,-0,-0.0674068612162228,0.255030538804107,0.0977840326905262,0
-0,-0,-0,-0,-0.0689896718617294,0.256702647283118,0.0976611153142372,0
-0,-0,-0,-0,-0.0680953142387353,0.258366433333286,0.0972703155311071,0
-0,-0,-0,-0,-0.0696832130394141,0.260031979987818,0.0959148114790733,0
-0,-0,-0,-0,-0.0702673737131343,0.261695614251168,0.0958563375691521,0
-0,-0,-0,-0,-0.0707145514512494,0.263361057959202,0.0978338496825384,0
-0,-0,-0,-0,-0.0714306589707754,0.26502839597443,0.0979374861388574,0
-0,-0,-0,-0,-0.0716353158502145,0.26669610828933,0.100996086482027,0
-0,-0,-0,-0,-0.0729184178576685,0.268367662372523,0.104033869787103,0
-0,-0,-0,-0,-0.0733857031704618,0.270031667602172,0.104254950112427,0
-0,-0,-0,-0,-0.0744693678805375,0.271693487197746,0.106311947311527,0
-0,-0,-0,-0,-0.074414111174309,0.273361928073376,0.106822572837916,0
-0,-0,-0,-0,-0.0761517573958691,0.275034483452767,0.105493953827086,0
-0,-0,-0,-0,-0.0757006548730936,0.276690846192888,0.104903875126904,0
-0,-0,-0,-0,-0.0778070369763529,0.27836330743867,0.104973557962363,0
-0,-0,-0,-0,-0.0780223545396599,0.280029465913457,0.105443427238053,0
-0,-0,-0,-0,-0.0796921171138278,0.281701071691472,0.105565702251999,0
-0,-0,-0,-0,-0.0800561457794963,0.28336299699324,0.105504092725508,0
-0,-0,-0,-0,-0.0817742100266285,0.285028790745709,0.105700871077649,0
-0,-0,-0,-0,-0.0818789164498904,0.286697217259705,0.106228148752534,0
-0,-0,-0,-0,-0.0829366076168095,0.288359174239792,0.108218036397198,0
-0,-0,-0,-0,-0.0833053649156286,0.290028443332616,0.1082352137472,0
-0,-0,-0,-0,-0.0855464151749125,0.291701488797087,0.108486608899353,0
-0,-0,-0,-0,-0.0853760723594337,0.293362929925571,0.1089123208471,0
-0,-0,-0,-0,-0.0871908359059234,0.295032218715735,0.109581929873183,0
-0,-0,-0,-0,-0.0874450287289106,0.296698836216216,0.111232126568387,0
-0,-0,-0,-0,-0.0887951625608084,0.298369995158396,0.111361024120173,0
-0,-0,-0,-0,-0.0891888375871246,0.300025485667126,0.113618437323158,0
-0,-0,-0,-0,-0.0903354850914723,0.301693745630088,0.113636177713415,0
-0,-0,-0,-0,-0.0905051681462169,0.30336308256029,0.113892990562575,0
-0,-0,-0,-0,-0.0915746584169584,0.305028362291341,0.114082701750408,0
-0,-0,0,-0,-0.0920238617990807,0.306698124984691,0.114371963602628,0
-0,-0,0,-0,-0.092551136087112,0.308362675080772,0.114632477105745,0
-0,-0,0,-0,-0.0924769337752752,0.310030800204247,0.114688123275794,0
-0,-0,0,-0,-0.0929970814619591,0.311699961598776,0.114705317357202,0
-0,-0,0,-0,-0.0936071711726798,0.313360751426287,0.115165704463388,0
-0,-0,0,-0,-0.0932228832480141,0.315032848304334,0.115301006329101,0
-0,-0,-0,-0,-0.0400052740636133,0.143772844657347,0.046959136674375,0
-0,-0,-0,-0,-0.0400032872462764,0.145440208934334,0.0469208299329092,0
0,-0,-0,-0,-0.0394237756873027,0.147102695778748,0.0471637675343857,0
-0,-0,-0,-0,-0.0405034742222074,0.148767907426336,0.0471485620459041,0
0,-0,-0,-0,-0.0399813229443535,0.150438895999215,0.0471881236970727,0
0,-0,-0,-0,-0.0405044919297341,0.152106757743789,0.047110828977067,0
-0,-0,-0,-0,-0.0408801232786693,0.153771922571173,0.0470611822926833,0
0,-0,-0,-0,-0.0408283784736984,0.155438605739399,0.0470779836841875,0
-0,-0,-0,-0,-0.0419454147610749,0.157105820884547,0.0471198123961896,0
-0,-0,-0,-0,-0.0412919972071896,0.158776596035976,0.047173230427928,0
-0,-0,-0,-0,-0.0421903734682803,0.160438467941889,0.0471136869783146,0
-0,-0,-0,-0,-0.0416504398349814,0.162109232398746,0.0472228537110408,0
-0,-0,-0,-0,-0.0429431786878273,0.163772202423757,0.0472697880208796,0
-0,-0,-0,-0,-0.0429508000694336,0.165433291394709,0.0472275036887092,0
-0,-0,-0,-0,-0.0425057345370157,0.167105973552988,0.0473379511150232,0
-0,-0,-0,-0,-0.0432587669122144,0.168768039701888,0.0474039389461343,0
-0,-0,-0,-0,-0.0431498585987076,0.170444985589375,0.047448610179751,0
-0,-0,-0,-0,-0.0444162095906434,0.172107112513811,0.0472579605433306,0
-0,-0,-0,-0,-0.044180276919072,0.173771119463282,0.0475279374437897,0
-0,-0,-0,-0,-0.0451969570184295,0.175438767208619,0.0473947979417169,0
-0,-0,-0,-0,-0.0449168549201817,0.17711472567744,0.0474045973417925,0
-0,-0,-0,-0,-0.0451664654606239,0.178769176473616,0.0474482799638591,0
-0,-0,-0,-0,-0.0459327617273306,0.180439919766625,0.0475389091807557,0
-0,-0,-0,-0,-0.0458431460566464,0.182110554807772,0.0475466561560326,0
-0,-0,-0,-0,-0.0468898312188197,0.183776095394645,0.0474007091860924,0
-0,-0,-0,-0,-0.0466972958248382,0.185438680802244,0.0474225148722914,0
-0,-0,-0,-0,-0.0483974051976049,0.187111875859219,0.0472054875982022,0
-0,-0,-0,-0,-0.0486376659423382,0.188770375561996,0.0472903139481317,0
-0,-0,-0,-0,-0.0492253749389569,0.190440738191197,0.0492876639088471,0
-0,-0,-0,-0,-0.0495227598291903,0.192105160960487,0.0494758491732555,0
-0,-0,-0,-0,-0.050050027796793,0.193770934307194,0.0492825169713806,0
-0,-0,-0,-0,-0.0513752870771131,0.195442542542451,0.0492474547036215,0
-0,-0,-0,-0,-0.0511256606914369,0.197103832214627,0.0494023217506683,0
-0,-0,-0,-0,-0.0526638187387883,0.198768138163282,0.0475624009714298,0
-0,-0,-0,-0,-0.0517615413054976,0.200438540196432,0.047594323056273,0
-0,-0,-0,-0,-0.0537311564063071,0.20210062808906,0.0474388174916513,0
-0,-0,-0,-0,-0.0534819821448471,0.203771023352279,0.047528098421475,0
-0,-0,-0,-0,-0.0546760223839526,0.205440568825224,0.0471920957019857,0
-0,-0,-0,-0,-0.0552947348054104,0.207112216009815,0.0457714167084093,0
-0,-0,-0,-0,-0.0556912712655591,0.208777628117855,0.0455317764353466,0
-0,-0,-0,-0,-0.0566858482942265,0.210439027974249,0.0472033882300063,0
-0,-0,-0,-0,-0.0571093798059752,0.212110695747019,0.047440003770978,0
-0,-0,-0,-0,-0.057735311960459,0.213768845926577,0.0475117003240514,0
-0,-0,-0,-0,-0.0571770095277296,0.215435966244645,0.0474591843125427,0
-0,-0,-0,-0,-0.0582956243572618,0.217106644217343,0.0471131850116632,0
-0,-0,-0,-0,-0.0581867083173955,0.218769117761739,0.0453173311727107,0
-0,-0,-0,-0,-0.0586762449764123,0.220441657420627,0.0455055557021483,0
-0,-0,-0,-0,-0.0576550214793482,0.222104818578118,0.0466187979858144,0
-0,-0,-0,-0,-0.0581219234422605,0.223774296874625,0.0468955099913509,0
-0,-0,-0,-0,-0.0570379000020722,0.22544079366418,0.0471032787907349,0
0,-0,-0,-0,-0.0572688680800807,0.227104258574596,0.0471411669926824,0
-0,-0,-0,-0,-0.0566072915196338,0.228770976321042,0.0468837548781223,0
0,-0,-0,-0,-0.0562635048363556,0.230437681358894,0.0467073077362554,0
-0,-0,-0,-0,-0.0569413740573216,0.232099775029466,0.0467101760093531,0
-0,-0,-0,-0,-0.0570032227482428,0.233771813426053,0.046666141936622,0
-0,-0,-0,-0,-0.0582713819080127,0.235438052678912,0.0462697359404954,0
-0,-0,-0,-0,-0.0577146951829968,0.237111042050789,0.0459845245968057,0
-0,-0,-0,-0,-0.0590902555954301,0.238769034977319,0.0458782963839637,0
-0,-0,-0,-0,-0.058787439284795,0.240443036232728,0.0459956554564641,0
-0,-0,-0,-0,-0.0599050825767075,0.242112881840458,0.0456776863681045,0
-0,-0,-0,-0,-0.0592189336145611,0.243767457375564,0.0456132071818181,0
-0,-0,-0,-0,-0.060435364850086,0.245443272261877,0.0454862604947994,0
-0,-0,-0,-0,-0.0606012763040288,0.247105792782658,0.045601081005929,0
-0,-0,-0,-0,-0.0611703980256897,0.248775634723877,0.0455027798282308,0
-0,-0,-0,-0,-0.0618551259276539,0.250440797947284,0.0454109748570834,0
-0,-0,-0,-0,-0.0622883739744342,0.252103194512224,0.0454426661646326,0
-0,-0,-0,-0,-0.0632569023665344,0.253773291863362,0.0454116352425856,0
-0,-0,-0,-0,-0.0630699550667056,0.255431499274555,0.0435425452363363,0
-0,-0,-0,-0,-0.0638356291970139,0.257104584492805,0.0434269971459659,0
-0,-0,-0,-0,-0.0635774973484996,0.258772669696997,0.0436831689469669,0
-0,-0,-0,-0,-0.0648427866134618,0.260444388343522,0.0434868006175889,0
-0,-0,-0,-0,-0.0648355538879956,0.262108326161052,0.0436770529129165,0
-0,-0,-0,-0,-0.0650966645252527,0.263775750190211,0.0437462315414194,0
-0,-0,-0,-0,-0.0655191959619223,0.26543878972608,0.0438355677841046,0
-0,-0,-0,-0,-0.0661260209360245,0.267107344846753,0.0438967905860921,0
-0,-0,-0,-0,-0.0664266380687381,0.268766197403916,0.0439729473171314,0
-0,-0,-0,-0,-0.0658350228650708,0.270444932883396,0.0438906406662617,0
-0,-0,-0,-0,-0.0672101184674441,0.272115149995904,0.0456781692608517,0
-0,-0,-0,-0,-0.0665451925950256,0.273776378188858,0.0460215387395743,0
-0,-0,-0,-0,-0.0675669761129514,0.275439480245546,0.0460008747624311,0
-0,-0,-0,-0,-0.0678678809842688,0.277103867732954,0.0460083261105282,0
-0,-0,-0,-0,-0.067794186491415,0.278775770742839,0.0460647995142837,0
-0,-0,-0,-0,-0.068278147921879,0.2804364739469,0.0461639933410097,0
-0,-0,-0,-0,-0.0677926490008154,0.282105945150306,0.0463066028442289,0
-0,-0,-0,-0,-0.0687500914902521,0.283771844092342,0.0441908767538763,0
-0,-0,-0,-0,-0.0679245225455097,0.285445594262344,0.0444180975496247,0
-0,-0,-0,-0,-0.0680603074294605,0.287107708717761,0.044463781314316,0
-0,-0,-0,-0,-0.0679341835486192,0.288771644889641,0.0445911855748194,0
-0,-0,-0,-0,-0.067574253604727,0.290441893760181,0.0445027867062181,0
-0,-0,-0,-0,-0.0680425268962699,0.292103163351232,0.044713691773568,0
-0,-0,-0,-0,-0.0676119204267167,0.293767662862396,0.0448468342410413,0
-0,-0,-0,-0,-0.0682609809078023,0.295439679844629,0.0460370622486578,0
-0,-0,-0,-0,-0.0679526749570293,0.297111007790225,0.0467421377974229,0
-0,-0,-0,-0,-0.0686132303922927,0.298779233489973,0.0466944030711064,0
-0,-0,-0,-0,-0.0686100876436941,0.300447003681761,0.0450701280576842,0
-0,-0,-0,-0,-0.0683220742520882,0.302104983681175,0.0449759136644203,0
-0,-0,-0,-0,-0.069385291004496,0.303771221778712,0.0449688439399495,0
-0,-0,-0,-0,-0.0684195249481514,0.305433542196439,0.0452442353465507,0
-0,-0,-0,-0,-0.0684093950981172,0.307104531668067,0.0454402743397419,0
-0,-0,-0,-0,-0.0687369866687161,0.308772985582839,0.0454839070858862,0
-0,-0,-0,-0,-0.0684483564414049,0.31044320722766,0.045405597803029,0
-0,-0,-0,-0,-0.0692864021375931,0.312105897542999,0.0456040044348896,0
-0,-0,-0,-0,-0.0690718641023151,0.313774498629336,0.0457428283445104,0
-0,-0,-0,-0,-0.0705209611875688,0.315445931460667,0.0456286421276647,0
-0,-0,-0,-0,-0.0710354496601357,0.317102034195685,0.0457447739876432,0
-0,-0,-0,-0,-0.0705731842356757,0.318777040261871,0.0459063049689045,0
-0,-0,-0,-0,-0.0714473703457306,0.320443801407546,0.0441709256217297,0
-0,-0,-0,-0,-0.0713278954365795,0.322101575584839,0.044344957718698,0
-0,-0,-0,-0,-0.0713254039808029,0.32377573344923,0.0452683132550484,0
-0,-0,-0,-0,-0.0715532502600961,0.325439314630332,0.0464501643628885,0
-0,-0,0,-0,-0.0709234415977336,0.327108865390913,0.0466321756942195,0
-0,-0,0,-0,-0.0720156290468164,0.328775276508472,0.0486578203284917,0
-0,-0,0,-0,-0.072055039431127,0.330434489723694,0.0488152941162129,0
-0,-0,0,-0,-0.0715156827506959,0.332100444088355,0.0487962548529713,0
-0,-0,0,-0,-0.0718184982006192,0.333775344061746,0.0491268031709912,0
-0,-0,0,-0,-0.0712851512578772,0.335441789249383,0.0491474660290397,0
-0,-0,0,-0,-0.0710752371577561,0.337106110914691,0.0492925528606546,0
-0,-0,0,-0,-0.0716566124799506,0.338771093419121,0.0495092804778507,0
-0,-0,0,-0,-0.0707219089950901,0.340442793318342,0.0496625751341241,0
-0,-0,0,-0,-0.0712228962167596,0.342105310944801,0.0496412174546735,0
-0,-0,0,-0,-0.0718518733831831,0.343770910344244,0.0496465103262282,0
-0,-0,0,-0,-0.0706810827507571,0.345437130615971,0.0497925677550064,0
-0,-0,0,-0,-0.0713029997220536,0.347100008892317,0.0497795453638047,0
-0,-0,0,-0,-0.0709593248965787,0.348771994054886,0.0497878479727627,0
0,-0,0,-0,-0.0692429360826779,0.350438611068331,0.0499029987834626,0
0,-0,0,-0,-0.0691793767940763,0.35211248063378,0.0498870998131228,0
0,-0,0,-0,-0.0679186861464645,0.35377485812638,0.0499830570525735,0
0,-0,0,-0,-0.0672987201087601,0.355436383035212,0.0496215050489878,0
0,-0,0,-0,-0.0669702895271474,0.357113526438035,0.0477209729631486,0
0,-0,0,-0,-0.0655919113869167,0.358771601368467,0.0478862735789491,0
0,-0,0,-0,-0.064162231473349,0.360436735293368,0.0476269199155439,0
0,-0,-0,-0,-0.0649531945449867,0.139617573606601,0.0842292632832131,0
0,-0,-0,-0,-0.0645917929834306,0.141289113670913,0.083978044002475,0
0,-0,-0,-0,-0.0634762973925497,0.142953584785098,0.0837933809742122,0
0,-0,-0,-0,-0.0627052792561902,0.144624529019049,0.0835176600700387,0
0,-0,-0,-0,-0.0625467123167264,0.146288159607134,0.0833540131891444,0
0,-0,-0,-0,-0.0608757756723644,0.147955776320717,0.083262858986569,0
0,-0,-0,-0,-0.0609163752434341,0.149622398038872,0.084481758652969,0
0,-0,-0,-0,-0.0612425518352332,0.151280475742248,0.0845573747389897,0
-0,-0,-0,-0,-0.060518620356099,0.152948806921309,0.0844183249499424,0
-0,-0,-0,-0,-0.0614975857499476,0.154620592809499,0.0842717232199708,0
-0,-0,-0,-0,-0.0616183330628032,0.156287529291678,0.0840749026346025,0
-0,-0,-0,-0,-0.0611605444972528,0.157959269392748,0.0838348228399102,0
-0,-0,-0,-0,-0.0620842986582738,0.159620831297323,0.0836551497683654,0
-0,-0,-0,-0,-0.0625026709595141,0.161290169100719,0.0837843707568653,0
-0,-0,-0,-0,-0.061836595714288,0.162955368608252,0.0835907702374117,0
-0,-0,-0,-0,-0.0628303906244866,0.164617021135802,0.0835709727098766,0
-0,-0,-0,-0,-0.0626014762322043,0.166292201283265,0.085494266137891,0
-0,-0,-0,-0,-0.0632945914230155,0.167954164295651,0.0853308345466823,0
-0,-0,-0,-0,-0.064563328348687,0.169627435291578,0.085138485034992,0
-0,-0,-0,-0,-0.0638334943028181,0.171294031925153,0.0851722437990997,0
-0,-0,-0,-0,-0.0646444282626204,0.172952953093465,0.0852588333739753,0
-0,-0,-0,-0,-0.0656032128470075,0.17461691935967,0.0834844847477204,0
-0,-0,-0,-0,-0.0650042343708651,0.176285857409374,0.0836087911593919,0
-0,-0,-0,-0,-0.0653496033001888,0.177951612543123,0.0835137854272363,0
-0,-0,-0,-0,-0.0659932104416859,0.179620304211862,0.0836133069321173,0
-0,-0,-0,-0,-0.0651186783435544,0.181289378711649,0.0837566197546002,0
-0,-0,-0,-0,-0.0649035632706941,0.182959845490558,0.0836232363409627,0
-0,-0,-0,-0,-0.0656189615339624,0.18462148850041,0.0838782007712766,0
-0,-0,-0,-0,-0.0652727938296208,0.186292069397938,0.0840662131660873,0
-0,-0,-0,-0,-0.066591266143394,0.187955147255849,0.0839408368108765,0
-0,-0,-0,-0,-0.0678752639704113,0.18961632816023,0.0839286900508158,0
-0,-0,-0,-0,-0.0676221280155546,0.191288391890329,0.0841250546440209,0
-0,-0,-0,-0,-0.070058747197624,0.192954922128604,0.0841191837080144,0
-0,-0,-0,-0,-0.070985436163488,0.194629745588887,0.0841133600236796,0
-0,-0,-0,-0,-0.0692946040598073,0.196287581600208,0.0841792129619464,0
-0,-0,-0,-0,-0.0706599899012523,0.197953087825003,0.0843044922092244,0
-0,-0,-0,-0,-0.0713428648925643,0.199620474315517,0.0844873374303275,0
-0,-0,-0,-0,-0.071342228250614,0.20127795716182,0.0843500740010371,0
-0,-0,-0,-0,-0.0728425933224603,0.202957203745943,0.0843054075244327,0
-0,-0,-0,-0,-0.0732853515871504,0.204621156248199,0.0844327036403113,0
-0,-0,-0,-0,-0.0739417171358342,0.206288000411206,0.0851172713543238,0
-0,-0,-0,-0,-0.0754155676743969,0.207955487512758,0.0863471066987049,0
-0,-0,-0,-0,-0.0765124231037847,0.209625159697104,0.086592983859598,0
-0,-0,-0,-0,-0.0770727907455448,0.211290744164041,0.0847918083364008,0
-0,-0,-0,-0,-0.0783244411355648,0.212954848804786,0.0847043478769815,0
-0,-0,-0,-0,-0.0800391089284897,0.214617153855486,0.0839024771104695,0
-0,-0,-0,-0,-0.0807388180728304,0.216287079007773,0.0832957123036004,0
-0,-0,-0,-0,-0.0818552985547062,0.217951870043196,0.0836329203191149,0
-0,-0,-0,-0,-0.0829266154939334,0.219627661319266,0.0837729089200287,0
-0,-0,-0,-0,-0.083269735795021,0.221289905193416,0.0839744526388465,0
-0,-0,-0,-0,-0.0835542795294753,0.222961535490984,0.0841065768985237,0
-0,-0,-0,-0,-0.0853292605756962,0.224624492450361,0.0842233646798953,0
-0,-0,-0,-0,-0.0853645520450979,0.226282733213393,0.0845372645646296,0
-0,-0,-0,-0,-0.0849665145435702,0.227955299384881,0.0847200672174631,0
-0,-0,-0,-0,-0.0872282778504994,0.229619790549711,0.0847824107659059,0
-0,-0,-0,-0,-0.0877983230644578,0.231281633001445,0.0852773263080727,0
-0,-0,-0,-0,-0.0872306486389752,0.232954559799435,0.085271029512894,0
-0,-0,-0,-0,-0.0891897175270947,0.234620474734648,0.0854593881032118,0
-0,-0,-0,-0,-0.0888787912118759,0.236287791492327,0.0877401858198563,0
-0,-0,-0,-0,-0.0888556235182182,0.237958295841184,0.0877969119975452,0
-0,-0,-0,-0,-0.0895108885092462,0.239621034826117,0.0878817928879405,0
-0,-0,-0,-0,-0.0891191563349825,0.241294370550487,0.0880459634295048,0
-0,-0,0,-0,-0.0888927593168502,0.242950555225435,0.0883600507906101,0
-0,-0,0,-0,-0.0892273325669046,0.244623168320373,0.0883772898363336,0
-0,-0,-0,-0,-0.0901193085900145,0.246283223831514,0.0881108785210679,0
-0,-0,-0,-0,-0.0895123509271728,0.247957152318889,0.0882799634834252,0
-0,-0,0,-0,-0.0898235286999699,0.249624577282011,0.0884945049119882,0
-0,-0,-0,-0,-0.0901917326863183,0.251287502591988,0.0884192003098201,0
-0,-0,-0,-0,-0.0911018712851562,0.252954787085493,0.0881401305239581,0
-0,-0,-0,-0,-0.091466260387852,0.254616467051102,0.0882687983946245,0
-0,-0,-0,-0,-0.0915874926557529,0.256284508852441,0.0885758301442599,0
-0,-0,-0,-0,-0.0923869141318069,0.257954099477855,0.0884019728542277,0
-0,-0,-0,-0,-0.0924101333269072,0.259626037184007,0.0899917292330275,0
-0,-0,-0,-0,-0.0922681487132103,0.261294307500028,0.0905908089338329,0
-0,-0,-0,-0,-0.0929282698404228,0.262954580638305,0.0906701202127656,0
-0,-0,-0,-0,-0.0934106622247072,0.264620806314735,0.0906204453488813,0
-0,-0,-0,-0,-0.0924923052345486,0.266287243100806,0.0906131613619643,0
-0,-0,-0,-0,-0.0927551369536505,0.267951404097566,0.0944300477805122,0
-0,-0,-0,-0,-0.0937351583832174,0.269631953259546,0.0946993879609836,0
-0,-0,-0,-0,-0.0933356283688143,0.271287364199714,0.0958676421090281,0
-0,-0,-0,-0,-0.0924575876247356,0.272958327219991,0.107989677853636,0
-0,-0,-0,-0,-0.092439062140081,0.274624356303495,0.107860357167314,0
-0,-0,-0,-0,-0.092571484098311,0.276287203019107,0.111874687931735,0
-0,-0,-0,-0,-0.0914187503163759,0.277958783112591,0.111760474720629,0
-0,-0,-0,-0,-0.0905891643742441,0.279616979855927,0.112137510008281,0
-0,-0,-0,-0,-0.0906600457514347,0.281288478472753,0.113424117059293,0
-0,-0,-0,-0,-0.0899639674074992,0.282954620155379,0.113439533789821,0
-0,-0,-0,-0,-0.0895737972039146,0.284623796177122,0.113000286525265,0
-0,-0,-0,-0,-0.0893445691697382,0.286291414568509,0.112725074777096,0
-0,-0,-0,-0,-0.090265057968922,0.287953857837976,0.1126721189957,0
-0,-0,-0,-0,-0.0907212595638379,0.289623013595436,0.112490499684683,0
-0,-0,-0,-0,-0.0907049382342056,0.29128540008228,0.112232329392883,0
-0,-0,-0,-0,-0.0919177810099237,0.29295673502122,0.114183032971117,0
-0,-0,-0,-0,-0.0932411383493355,0.294622059587329,0.114274879656793,0
-0,-0,-0,-0,-0.0942796219324606,0.296292097915972,0.113900653476114,0
-0,-0,-0,-0,-0.0946283688323553,0.297962110300842,0.108269667005729,0
-0,-0,-0,-0,-0.0946673316523594,0.299619971631906,0.108650789011453,0
-0,-0,-0,-0,-0.0951794909247115,0.301286644279805,0.106716091906705,0
-0,-0,-0,-0,-0.0951204276743415,0.302959663867878,0.106521519930455,0
-0,-0,-0,-0,-0.0962605560778261,0.304617096322878,0.106612563217646,0
-0,-0,-0,-0,-0.0983045761878115,0.306286927760157,0.107176808715446,0
-0,-0,-0,-0,-0.0983321245847343,0.307959648531899,0.107403615792395,0
-0,-0,-0,-0,-0.0987286680342049,0.309619602458672,0.107200325076044,0
-0,-0,-0,-0,-0.0984633952135984,0.311294190059288,0.107506579646443,0
-0,-0,-0,-0,-0.0993653860314882,0.312957082271493,0.10604183521529,0
-0,-0,-0,-0,-0.100644114568661,0.314627902264956,0.106115084491004,0
-0,-0,-0,-0,-0.101077416988684,0.3162838206646,0.105567806323067,0
-0,-0,-0,-0,-0.101595938482036,0.317951220172743,0.104767056124778,0
-0,-0,-0,-0,-0.102243175346589,0.319621237006102,0.105364215276066,0
-0,-0,-0,-0,-0.10273386643875,0.321282438958878,0.107344521505887,0
-0,-0,-0,-0,-0.104208652080562,0.322947864966759,0.107453954372922,0
-0,-0,-0,-0,-0.105053652150316,0.324620652625793,0.108114160398787,0
-0,-0,-0,-0,-0.106062487291677,0.326288632208782,0.108491156853634,0
-0,-0,-0,-0,-0.108129896004903,0.327957712066862,0.108563708251122,0
-0,-0,-0,-0,-0.109281122833633,0.329623122118594,0.105114663873238,0
-0,-0,-0,-0,-0.11025040703065,0.331285797212915,0.105921040419289,0
-0,-0,-0,-0,-0.111514888924209,0.332953974942314,0.100414651721815,0
-0,-0,-0,-0,-0.112454818367211,0.334615011852176,0.0989447271374938,0
-0,-0,0,-0,-0.114040904451703,0.336288842931662,0.0996826419527373,0
-0,-0,0,-0,-0.113007944183384,0.337961744257058,0.0905187982578786,0
-0,-0,0,-0,-0.11253223580505,0.339629489446921,0.0909526283387881,0
-0,-0,0,-0,-0.113155343443735,0.341282885134755,0.0852823961222,0
-0,-0,0,-0,-0.113905618364001,0.34295379975602,0.0857942696036328,0
-0,-0,0,-0,-0.11256761742336,0.344623096441681,0.0858181992946433,0
-0,-0,0,-0,-0.110955654416124,0.346283695592238,0.0827306974356326,0
-0,-0,0,-0,-0.110304306302038,0.347959020724387,0.0828725509699212,0
-0,-0,0,-0,-0.110265748495213,0.349623767806095,0.0811561955460905,0
-0,-0,0,-0,-0.109165945740865,0.351294659628024,0.0812655245146128,0
-0,-0,0,-0,-0.108242441263507,0.352947970656699,0.0810785148545297,0
-0,-0,0,-0,-0.108324272876028,0.354618084939013,0.0811201515853647,0
-0,-0,0,-0,-0.108030509519497,0.356288069879404,0.0814097834185306,0
-0,-0,0,-0,-0.107191726740613,0.357951241496474,0.0796297790786395,0
-0,-0,0,-0,-0.106026040295325,0.35961742158839,0.0793900693109587,0
-0,-0,0,-0,-0.105641240964876,0.361288288239739,0.0794807412362672,0
-0,-0,0,-0,-0.105129645973984,0.362956457307165,0.0798127586699507,0
-0,-0,0,-0,-0.102987768524619,0.364619723278674,0.0798871540163955,0
0,-0,0,-0,-0.100933013661887,0.366289171060175,0.0795646585959877,0
0,-0,0,-0,-0.0999278869683291,0.367960342474421,0.0795029681390591,0
0,-0,0,-0,-0.0989924060135933,0.369624783189108,0.0794820140754035,0
0,-0,0,-0,-0.0972437628426132,0.371281745868804,0.0791897191967363,0
0,-0,0,-0,-0.0963788531499391,0.372955884978505,0.0788639844520364,0
0,-0,0,-0,-0.0948389943395625,0.374619885394544,0.0769658450999388,0
0,-0,0,-0,-0.0929141293840948,0.376292036112113,0.0765630024223508,0
0,-0,0,-0,-0.0911568744717425,0.377953870775963,0.0778717049754432,0
0,-0,0,-0,-0.0896888255799129,0.379620760520517,0.0775117423851142,0
0,-0,0,-0,-0.0886631799733667,0.381287489436979,0.0776147768063858,0
0,-0,0,-0,-0.0872829809700617,0.382948481527367,0.0788935809494267,0
0,-0,0,-0,-0.0867101105222463,0.384623239065362,0.0783388608419356,0
0,-0,0,-0,-0.0853915236021346,0.386290652787551,0.0780763359762597,0
0,-0,0,-0,-0.0845453352272038,0.387955107351276,0.0778496524214819,0
0,-0,0,-0,-0.0834908040223238,0.389622799277955,0.0775962193168388,0
0,-0,0,-0,-0.04803469163326,0.22109241202209,0.0418228402306601,0
0,-0,0,-0,-0.0461701990524777,0.222751981365725,0.0416728215701037,0
0,-0,0,-0,-0.0455063116314323,0.224421858323108,0.0423245902137883,0
0,-0,0,-0,-0.0442332892016764,0.226084315046297,0.0433495018186291,0
0,-0,0,-0,-0.043667589346889,0.22775075154331,0.0429765461043107,0
0,-0,0,-0,-0.0439323200138992,0.229420958767946,0.042481013034376,0
0,-0,-0,-0,-0.042658691664761,0.23109279404742,0.0409091942600277,0
0,-0,-0,-0,-0.0433762458719839,0.232759516714356,0.0401031795019437,0
0,-0,-0,-0,-0.0431359587533205,0.234427189830204,0.0397948423049784,0
0,-0,-0,-0,-0.0428612746049501,0.236088594967265,0.0374706240947222,0
-0,-0,-0,-0,-0.044333360715943,0.237753324910387,0.0371905998597326,0
-0,-0,-0,-0,-0.0437499444667607,0.23941001497784,0.037365402427075,0
-0,-0,-0,-0,-0.0440507236952131,0.241087359576287,0.0369291514684892,0
-0,-0,-0,-0,-0.0434976969260519,0.242754676937181,0.0366841828436659,0
0,-0,-0,-0,-0.0429644819739232,0.244425859735875,0.0364991009846514,0
-0,-0,-0,-0,-0.0443427939999879,0.246088498378364,0.0364476833243256,0
-0,-0,-0,-0,-0.0442854437052191,0.247755064882263,0.0343896007502648,0
-0,-0,-0,-0,-0.0442824556145068,0.249424197913825,0.0339917277687085,0
-0,-0,-0,-0,-0.0450982362636657,0.251087498002017,0.0334378589506651,0
-0,-0,-0,-0,-0.0450779039845464,0.252755935016269,0.0318777696293204,0
-0,-0,-0,-0,-0.0464680934394751,0.254420462641114,0.0317409408377604,0
-0,-0,-0,-0,-0.0455384243441873,0.256083445057709,0.029792003877164,0
-0,-0,-0,-0,-0.0457611403636219,0.257755519166629,0.0295658456893991,0
-0,-0,-0,-0,-0.0465287094928415,0.259420430429777,0.0296264252406823,0
-0,-0,-0,-0,-0.0469678377332594,0.261092105961572,0.0297262225327298,0
-0,-0,-0,-0,-0.0480344600708554,0.262749696720691,0.0293127175299269,0
-0,-0,-0,-0,-0.0476414489259925,0.264417102307793,0.0293859919007614,0
-0,-0,-0,-0,-0.0477432903130805,0.266086875709027,0.0295537237311231,0
-0,-0,-0,-0,-0.0485848358678396,0.267756563854269,0.0294639215645463,0
-0,-0,-0,-0,-0.0470286013910483,0.269424980331476,0.029564059616944,0
0,-0,-0,-0,-0.0469408201037143,0.271090665806094,0.029504524897712,0
0,-0,-0,-0,-0.0465029618339553,0.272755666257663,0.0317907393513281,0
0,-0,-0,-0,-0.0455001007445084,0.27442548888527,0.0317576234996924,0
0,-0,-0,-0,-0.0465753514862988,0.276082816745866,0.0315330921139552,0
-0,-0,-0,-0,-0.0462114901595893,0.277762294574456,0.0317627942925503,0
0,-0,-0,-0,-0.0468346834775344,0.279425212412481,0.0319218612186062,0
-0,-0,-0,-0,-0.0480159320734781,0.281084032381655,0.031736701828941,0
-0,-0,-0,-0,-0.048342756359778,0.282754810564155,0.0316383994914105,0
-0,-0,-0,-0,-0.0497683111336214,0.28442084424799,0.0299343397878013,0
-0,-0,-0,-0,-0.0503184779407453,0.286094558420918,0.0302924730882883,0
-0,-0,-0,-0,-0.0511235803402997,0.287755913750269,0.030165759088085,0
-0,-0,-0,-0,-0.0528107666089043,0.289422477973564,0.0302447417080091,0
-0,-0,-0,-0,-0.0529799958773304,0.291088279472506,0.0307539706681666,0
-0,-0,-0,-0,-0.0538416309075628,0.292746494849493,0.0288993045735709,0
-0,-0,-0,-0,-0.0545151724245174,0.294419012126726,0.0290495829737899,0
-0,-0,-0,-0,-0.0548577489762546,0.296087381740868,0.0292778831597877,0
-0,-0,-0,-0,-0.0563012792585933,0.297758220785594,0.0294842277651384,0
-0,-0,-0,-0,-0.0561469008335497,0.299423071180167,0.029668762936589,0
-0,-0,-0,-0,-0.05589656542211,0.301089507948807,0.0298900039545515,0
-0,-0,-0,-0,-0.056496005734382,0.30275559069984,0.0301387348893016,0
-0,-0,0,-0,-0.0561839608947669,0.304421315789453,0.0304203928146388,0
0,-0,0,-0,-0.0556599413871092,0.306082959782514,0.0305407490701075,0
-0,-0,-0,-0,-0.0565645047760259,0.307762959263651,0.0303594080411129,0
-0,-0,0,-0,-0.0560238848681016,0.309421619159519,0.0308363794605345,0
-0,-0,0,-0,-0.0566900574218056,0.311094006258441,0.0308271698221213,0
-0,-0,0,-0,-0.0576756216357006,0.312754853653695,0.0306926591114251,0
-0,-0,0,-0,-0.0575535413670176,0.314420598936157,0.0311042449521232,0
-0,-0,0,-0,-0.058499652551089,0.316086746737519,0.031283293373699,0
-0,-0,0,-0,-0.0591353377963918,0.317748965423396,0.0293885495950945,0
-0,-0,0,-0,-0.059148711819693,0.319419340468284,0.029606490218247,0
-0,-0,0,-0,-0.0613381815239715,0.321088089426402,0.0298306574602965,0
-0,-0,0,-0,-0.062153602011059,0.322761894131357,0.0302310375156519,0
-0,-0,0,-0,-0.0622806488787912,0.324421831377715,0.0303688394180245,0
-0,-0,0,-0,-0.0634407715592317,0.326090140507495,0.0307043304716688,0
-0,-0,0,-0,-0.0640425602127486,0.32775795059925,0.0309973266539112,0
-0,-0,0,-0,-0.0643135822496946,0.329419338491994,0.029001966226616,0
-0,-0,0,-0,-0.0647556648880753,0.331085132131761,0.0291304118681817,0
-0,-0,0,-0,-0.0651524733467236,0.332753965902597,0.0292874506189158,0
-0,-0,0,-0,-0.065958143388271,0.334426110618288,0.0295584117419625,0
-0,-0,0,-0,-0.0675476447480628,0.336084450462354,0.0294172284996917,0
-0,-0,0,-0,-0.0676878163630966,0.337754768911114,0.0296700842816077,0
-0,-0,0,-0,-0.0688103420630408,0.339421776389699,0.0298732405071652,0
-0,-0,0,-0,-0.069902275557323,0.341094003833401,0.0299432047635923,0
-0,-0,0,-0,-0.0704411328690304,0.342749027024134,0.0299874217324805,0
-0,-0,0,-0,-0.0706481675752078,0.344425197771666,0.0301510683321113,0
-0,-0,0,-0,-0.0708434138904832,0.346086120946868,0.0303153141407958,0
-0,-0,0,-0,-0.0709714455122331,0.347758515630064,0.0302650215343774,0
-0,-0,0,-0,-0.0714857576627035,0.349411722041104,0.0320726031329828,0
-0,-0,0,-0,-0.0714287528688695,0.351088232172177,0.0325102906864813,0
-0,-0,0,-0,-0.0698957350930161,0.352759576150043,0.0326259038184397,0
-0,-0,0,-0,-0.0698904867802856,0.354417070201835,0.0327308538140416,0
0,-0,0,-0,-0.0688705202114906,0.35608739696215,0.0325875278324546,0
0,-0,0,-0,-0.0669239560545676,0.357753956570608,0.0325973775454733,0
0,-0,0,-0,-0.0669133563254365,0.359418852191557,0.0325757740865085,0
0,-0,0,-0,-0.0663210936132062,0.361090518121576,0.0321658613591125,0
0,-0,0,-0,-0.0649124443079068,0.362755706108476,0.0321518782221079,0
0,-0,0,-0,-0.0639023934042568,0.364424947937804,0.0319184070098198,0
0,-0,0,-0,-0.0629602281572478,0.366093955798504,0.0319285808476664,0
0,-0,0,-0,-0.0618080945506319,0.36775239814968,0.0318250900390357,0
0,-0,0,-0,-0.0607365495795423,0.369420108453949,0.0316415665447896,0
0,-0,0,-0,-0.0599539050432805,0.37108431149834,0.0315280379649643,0
0,-0,0,-0,-0.0586520143812952,0.372756166648203,0.0313674383517646,0
0,-0,0,-0,-0.0580641233950814,0.374420727704252,0.0310424981837056,0
0,-0,0,-0,-0.0584231239902149,0.376087607435685,0.0309087204840829,0
-0,-0,0,-0,-0.0583827046125156,0.377763345306898,0.0308483546022928,0
0,-0,0,-0,-0.057758199575181,0.379411442681386,0.0307040983288448,0
-0,-0,0,-0,-0.058817444079314,0.38108486568118,0.0304423191911333,0
-0,-0,-0,-0,-0.0591860648373675,0.382753010686249,0.0302907556762267,0
-0,-0,-0,-0,-0.0594119585127466,0.38441716342493,0.030406005024433,0
-0,-0,-0,-0,-0.0602295743102615,0.386087807953381,0.030434514905646,0
-0,-0,-0,-0,-0.0620349012740133,0.387753708997929,0.0301770934777119,0
-0,-0,-0,-0,-0.0634630865487971,0.389424852346355,0.0301757505499389,0
-0,-0,-0,-0,-0.0640734955332665,0.391089378571131,0.0305197264305007,0
-0,-0,-0,-0,-0.0651111180630448,0.392752955489118,0.0305737148531624,0
-0,-0,-0,-0,-0.0660483328933781,0.394423128753829,0.0307798136140761,0
-0,-0,-0,-0,-0.0673758161256772,0.396085789483029,0.0311352596984567,0
-0,-0,-0,-0,-0.0678004528255355,0.397755154945111,0.0312053974810885,0
-0,-0,-0,-0,-0.0689253149918175,0.399423523038084,0.0313487031399419,0
-0,-0,-0,-0,-0.070296988875715,0.401095264065821,0.0315992293378983,0
-0,-0,-0,-0,-0.0711578013589992,0.402756355812549,0.0316679303880502,0
-0,-0,-0,-0,-0.0709351821141219,0.404420871572895,0.0318015282384935,0
-0,-0,-0,-0,-0.0713735071048959,0.406091055683922,0.0320364514594147,0
-0,-0,-0,-0,-0.0718588774505695,0.407747306676815,0.0321732422146708,0
-0,-0,-0,-0,-0.0724354839337056,0.409416466737182,0.0323097169501981,0
-0,-0,-0,-0,-0.0732672107515273,0.411087746177896,0.0343296549564378,0
-0,-0,-0,-0,-0.0734019344337161,0.412751813771844,0.0345983044185002,0
-0,-0,-0,-0,-0.0730951562110256,0.414426413766831,0.0345633613537922,0
-0,-0,-0,-0,-0.073982653750966,0.416089618360228,0.0345900638227373,0
-0,-0,-0,-0,-0.0750273570718545,0.417756628632536,0.0346874651545517,0
-0,-0,-0,-0,-0.0753084350468065,0.419417960846681,0.0349006097944661,0
-0,-0,-0,-0,-0.0759336453855236,0.421082610911463,0.0349624065330639,0
-0,-0,-0,-0,-0.0726847137143987,0.288543994959291,0.0340430342270145,0
-0,-0,-0,-0,-0.0718656013120051,0.290211128853854,0.0340862498161444,0
-0,-0,-0,-0,-0.0706790208614566,0.291880992184313,0.0337928283091535,0
-0,-0,-0,-0,-0.0693030118661819,0.293549872791075,0.0323274291978817,0
-0,-0,-0,-0,-0.068559709478266,0.295203815652154,0.03173022391304,0
-0,-0,-0,-0,-0.0671803967253713,0.296880761435625,0.0297698229594444,0
0,-0,-0,-0,-0.0645743103106632,0.298547753959626,0.0296504863106717,0
0,-0,-0,-0,-0.062022056806883,0.300209394980765,0.0295940865067991,0
0,-0,-0,-0,-0.0597151676445364,0.30188659777063,0.0297339177481902,0
0,-0,-0,-0,-0.0587072038307529,0.303549243796614,0.0295246841181741,0
0,-0,-0,-0,-0.0568829408065536,0.305216730399175,0.0293700544319351,0
0,-0,-0,-0,-0.0555617098710951,0.306877685964445,0.0292722064943755,0
0,-0,-0,-0,-0.0539920017253721,0.308545913364447,0.0293573112368459,0
0,-0,-0,-0,-0.0525219987025091,0.310211753679067,0.0289520252070193,0
0,-0,-0,-0,-0.0516989868572508,0.311876085764231,0.028135160530176,0
0,-0,-0,-0,-0.0499131119352193,0.313544006214934,0.0262233007899906,0
0,-0,-0,-0,-0.0472562666957193,0.315215957824086,0.026408022012476,0
0,-0,-0,-0,-0.0451197492317186,0.316877764361843,0.0263394674832687,0
0,-0,-0,-0,-0.0443428011633139,0.318547834475117,0.0258925881399678,0
0,-0,-0,-0,-0.0442554873600738,0.320213357440293,0.0265105241530902,0
-0,-0,-0,-0,-0.043382458322916,0.321885733983981,0.0279067485205503,0
-0,-0,-0,-0,-0.0423233858097932,0.323539608302025,0.0282513206559175,0
-0,-0,-0,-0,-0.0415427921138144,0.325211446463374,0.0262554080081417,0
-0,-0,-0,-0,-0.0414728342380788,0.326879403466227,0.0260412702533715,0
-0,-0,-0,-0,-0.0411768372374111,0.3285431880576,0.026147840007203,0
-0,-0,-0,-0,-0.0414885276449125,0.330220055250556,0.0264264018253221,0
-0,-0,-0,-0,-0.0413008797613117,0.331884249515298,0.0265768403355734,0
-0,-0,-0,-0,-0.041944911117927,0.333550972368663,0.0268226040557932,0
-0,-0,-0,-0,-0.0409903516270651,0.335219777597239,0.0270376825669302,0
-0,-0,0,-0,-0.0416557682329352,0.336875603654477,0.0274751883721562,0
-0,-0,0,-0,-0.0431091004470181,0.338545527908338,0.0276285144068778,0
-0,-0,0,-0,-0.0440501517923463,0.340211664997953,0.0278013234676543,0
-0,-0,0,-0,-0.0439452557598667,0.341873856214909,0.0278874534216537,0
-0,-0,0,-0,-0.0442922828084695,0.343545421594402,0.0282330580161379,0
-0,-0,0,-0,-0.0465194717161452,0.345214306376261,0.0286383247065386,0
-0,-0,0,-0,-0.0482243558401864,0.346876218591731,0.028870232240134,0
-0,-0,0,-0,-0.0492869338895798,0.348547138527614,0.0292672297914136,0
-0,-0,0,-0,-0.0504400193400219,0.350210903433636,0.0300476623351987,0
-0,-0,0,-0,-0.0524126097913295,0.351878668911625,0.0309484010130942,0
-0,-0,0,-0,-0.0530662147307877,0.353545762375535,0.0331947566583681,0
-0,-0,0,-0,-0.0535293930173785,0.355213818783244,0.033438031058287,0
-0,-0,0,-0,-0.0539545623880366,0.356878422633389,0.034086578510111,0
-0,-0,0,-0,-0.0547276379229015,0.358551473982432,0.0347011136837812,0
-0,-0,0,-0,-0.0551643552171831,0.360213819370112,0.0347425591218812,0
-0,-0,0,-0,-0.0552383099932482,0.361886644332193,0.0329849550771203,0
-0,-0,0,-0,-0.0563582114543058,0.363547682336927,0.0336612326702028,0
-0,-0,0,-0,-0.0575719755391288,0.365210284485614,0.0340881799012349,0
-0,-0,0,-0,-0.0585334264983259,0.366875232878013,0.03403162212805,0
-0,-0,0,-0,-0.0600000506422725,0.368548659063063,0.0343288036883042,0
-0,-0,0,-0,-0.0618465871284823,0.370217785302815,0.0348830754811847,0
-0,-0,0,-0,-0.0637834489343022,0.371886820908133,0.0351199558557901,0
-0,-0,0,-0,-0.0657063953819875,0.37354557435636,0.0353005250784231,0
-0,-0,0,-0,-0.0663442876382958,0.375213487446788,0.0355746801595704,0
-0,-0,0,-0,-0.0679185407022038,0.376872882710815,0.0366098657242662,0
-0,-0,0,-0,-0.0693819299756007,0.37854103670532,0.0369379540447463,0
-0,-0,0,-0,-0.0699409363536624,0.380211780503434,0.037098346367097,0
-0,-0,0,-0,-0.0690695371370238,0.381879853885463,0.0374072194539803,0
-0,-0,0,-0,-0.0668301464537251,0.383549445868126,0.0381366643836955,0
0,-0,0,-0,-0.0652263026049094,0.385212998772235,0.0382618544559494,0
0,-0,0,-0,-0.0629112907454694,0.386885281013614,0.0358621842709718,0
0,-0,0,-0,-0.0609932933169996,0.388545104723884,0.035535084723926,0
0,-0,0,-0,-0.0598129807186604,0.390212457822592,0.0375177610030879,0
-0,-0,0,-0,-0.0592282878209773,0.391880767242425,0.0370251143852915,0
-0,-0,0,-0,-0.0585060279270432,0.393545290983229,0.0350661274194871,0
0,-0,0,-0,-0.0571944914820797,0.395215142333636,0.0333074050204688,0
-0,-0,0,-0,-0.0568733677301806,0.396882142959948,0.033083605869172,0
-0,-0,0,-0,-0.0560750083402705,0.398547424058856,0.0324259765397402,0
-0,-0,0,-0,-0.0560193580278267,0.400214055244529,0.0312052039199903,0
-0,-0,-0,-0,-0.0550418345171986,0.401877969649963,0.0294927343212528,0
-0,-0,-0,-0,-0.0556939228910462,0.403541890699171,0.0281523295756158,0
-0,-0,-0,-0,-0.0556114602068632,0.405211655874064,0.0278008606989005,0
-0,-0,-0,-0,-0.0556772452303045,0.406876810845822,0.0273202707750602,0
-0,-0,-0,-0,-0.0567696474193827,0.408555284375329,0.0270235471028422,0
-0,-0,-0,-0,-0.0564878606473894,0.410212041818167,0.0252609024174017,0
-0,-0,-0,-0,-0.0551831555653263,0.411879884759786,0.0242624784305732,0
-0,-0,-0,-0,-0.0554330874249463,0.413550206388566,0.0238740596134949,0
-0,-0,-0,-0,-0.0560605077171229,0.41520691158529,0.0239871727548669,0
-0,-0,-0,-0,-0.0559829106073661,0.416882014152251,0.0237383504688426,0
0,-0,-0,-0,-0.054284979777162,0.418547256701494,0.0251257697084049,0
-0,-0,-0,-0,-0.0535978479082621,0.420208529317026,0.0247268672773081,0
-0,-0,-0,-0,-0.0539884505390893,0.421880059223742,0.0249133727965036,0
0,-0,-0,-0,-0.0523816697292751,0.423548872624419,0.0260822758647835,0
0,-0,-0,-0,-0.0486819340404953,0.425217203592481,0.0256015768252839,0
0,-0,-0,-0,-0.0457786752562234,0.42687757491251,0.0249552629905492,0
0,-0,-0,-0,-0.045261823628001,0.428543290321534,0.0240486870081375,0
0,-0,-0,-0,-0.045926435099567,0.430211675391212,0.02304685620484,0
-0,-0,-0,-0,-0.0452613236735314,0.4318757425098,0.0225802546366922,0
0,-0,-0,-0,-0.0438397646539933,0.433548106617504,0.0221082848412316,0
-0,-0,-0,-0,-0.0448022164004846,0.435207547235331,0.0214404102026613,0
-0,-0,-0,-0,-0.0457396360544703,0.43687862501327,0.0205018419183346,0
-0,-0,-0,-0,-0.0465641496484468,0.438550390325762,0.020029675834663,0
-0,-0,-0,-0,-0.0476166412455449,0.440208325049781,0.0198835469445029,0
-0,-0,-0,-0,-0.0492436314881318,0.441878888353294,0.0196342471458067,0
-0,-0,-0,-0,-0.051912804170292,0.443543181112902,0.0188456723594075,0
-0,-0,-0,-0,-0.0535226589788718,0.445214482746852,0.0185247337525397,0
-0,-0,-0,-0,-0.0552182693546283,0.446879237655923,0.0172870370931505,0
-0,-0,-0,-0,-0.0584613861135,0.448546649905884,0.0174869088128373,0
-0,-0,-0,-0,-0.0616435140780419,0.450217375262982,0.0171113150082057,0
-0,-0,-0,-0,-0.0638856211533163,0.451879161495827,0.0173082962216124,0
-0,-0,-0,-0,-0.0664134568074568,0.453548585256773,0.0181804459305939,0
-0,-0,-0,-0,-0.0706971307538461,0.455212735870683,0.0187193965138119,0
-0,-0,-0,-0,-0.0744280213808594,0.456873078355582,0.0187001165392276,0
-0,-0,-0,-0,-0.0783655422582603,0.458544451561712,0.0194560926067986,0
-0,-0,-0,-0,-0.0812267418232993,0.460214868066342,0.0209309088287428,0
-0,-0,-0,-0,-0.0851619606262569,0.461883319443291,0.0214807167281969,0
-0,-0,-0,-0,-0.088985755376583,0.463551227107252,0.0220593787950405,0
-0,-0,-0,-0,-0.0926722121683639,0.46520797716642,0.023200772209966,0
-0,-0,-0,-0,-0.0954884864566532,0.466878629509024,0.024223743420631,0
-0,-0,-0,-0,-0.09845388909292,0.468542897675638,0.0250892015260457,0
-0,-0,-0,-0,-0.100104798834037,0.470208986796663,0.0262662760166524,0
-0,-0,-0,-0,-0.100283662731104,0.47187989979931,0.0293465533082154,0
-0,-0,-0,-0,-0.100152989672465,0.473549676755377,0.0301092162476988,0
-0,-0,-0,-0,-0.10023390940658,0.475216536124399,0.031137944183538,0
-0,-0,-0,-0,-0.100549909415343,0.476873077800953,0.0322714101762186,0
-0,-0,-0,-0,-0.0999649757821453,0.478551031384112,0.0327305122194923,0
-0,-0,-0,-0,-0.0985109525504355,0.480211805862491,0.0311030281871133,0
-0,-0,-0,-0,-0.0973193574448448,0.481879279263316,0.0317290870036579,0
-0,-0,-0,-0,-0.0968534656834945,0.483545251190481,0.0322303116379316,0
-0,-0,-0,-0,-0.0972748703008888,0.485211425429072,0.0326759932329555,0
-0,-0,-0,-0,-0.0962588578771761,0.486883074196511,0.0327902903291718,0
-0,-0,-0,-0,-0.0972392553051944,0.488545516071251,0.0294991395821227,0
-0,-0,-0,-0,-0.0979592399263749,0.490211491846633,0.02977371283865,0
-0,-0,-0,-0,-0.0982574953466458,0.491884141317197,0.0297052901298779,0
-0,-0,-0,-0,-0.100457569417385,0.493540724796043,0.0301173426023895,0
-0,-0,-0,-0,-0.103451750066405,0.495214056243649,0.0311382982098626,0
-0,-0,-0,-0,-0.104146225955832,0.496883044785261,0.0334310260184027,0
-0,-0,-0,-0,-0.104586834663978,0.498543961276976,0.0335252404115383,0
-0,-0,-0,-0,-0.1058032372014,0.500216647273084,0.0342787646742355,0
-0,-0,-0,-0,-0.107534369318609,0.501883430386756,0.0350459807698007,0
-0,-0,-0,-0,-0.107664878832078,0.503548888934346,0.036259061527316,0
-0,-0,-0,-0,-0.108742389742256,0.505215216322386,0.0379766145129996,0
-0,-0,0,-0,-0.109829694061739,0.506875957026812,0.0388261916653157,0
-0,-0,0,-0,-0.111406944266478,0.508545930083923,0.0395599335213858,0
-0,-0,0,-0,-0.113106487761993,0.510211767346098,0.0400600289674694,0
-0,-0,0,-0,-0.113694071112479,0.511885110550118,0.038290837905866,0
-0,-0,0,-0,-0.114001896620325,0.513548479178091,0.0375152898895956,0
-0,-0,0,-0,-0.11285301518935,0.515214690020462,0.0380106754519471,0
-0,-0,0,-0,-0.113592716467565,0.516884417958664,0.0365680972816478,0
-0,-0,0,-0,-0.114908450746695,0.518542797749747,0.0369645632915566,0
-0,-0,0,-0,-0.11640558415215,0.52021190803842,0.0375780383581361,0
-0,-0,0,-0,-0.117308112903224,0.521878457791554,0.038556145920589,0
-0,-0,0,-0,-0.117465738878496,0.523540549532657,0.0395443629719409,0
-0,-0,0,-0,-0.118234011523346,0.525212333497162,0.0399308887141753,0
-0,-0,0,-0,-0.120749900184046,0.526879169202424,0.0405762386040674,0
-0,-0,0,-0,-0.120325535216583,0.528551232304841,0.0417242136763246,0
-0,-0,0,-0,-0.120428344310358,0.530213312517337,0.0424666531518581,0
-0,-0,0,-0,-0.120303936992473,0.531874537767819,0.0422979699332427,0
-0,-0,0,-0,-0.12166492636788,0.5335491913648,0.0412086415903156,0
-0,-0,0,-0,-0.122422294791755,0.535211822268039,0.0423368673731948,0
-0,-0,0,-0,-0.120542426157444,0.536871349497662,0.0428392488669302,0
-0,-0,0,-0,-0.119593814362985,0.538547956517271,0.0429268819312481,0
