-0,0,0,0,-0.0398484404602781,0.22497231027846,-0.130923426560197,0
-0,0,0,0,-0.0400099944150358,0.228458314356338,-0.130914422615861,0
-0,0,0,0,-0.0405030154963782,0.231954988840584,-0.130786567934782,0
-0,-0,0,0,-0.0408766936718435,0.235467163976299,-0.130601844017164,0
-0,-0,0,0,-0.0401061273314974,0.238980514125327,-0.130649055254133,0
-0,-0,0,0,-0.0401836543650399,0.242460120731702,-0.130539343715448,0
-0,0,0,0,-0.0400195032618162,0.245969760073981,-0.130430331491985,0
-0,0,0,0,-0.0394112261482311,0.249475032087508,-0.130426412463709,0
0,0,0,0,-0.0384318680171934,0.25297943467049,-0.130602721575931,0
0,-0,0,0,-0.0387075388149965,0.256469988567918,-0.130534170952674,0
-0,-0,0,0,-0.0484358254578542,0.259968755085928,-0.130141715188216,0
0,-0,0,0,-0.0468379397424891,0.263474943560184,-0.130577648097281,0
0,-0,0,0,-0.037080847009965,0.26695973707089,-0.130506958809669,0
0,-0,0,0,-0.0347693763216268,0.270468456279349,-0.130535093865632,0
0,-0,0,0,-0.0335233726551431,0.273962102716052,-0.130688883292181,0
0,-0,0,0,-0.0334122594938166,0.277451301566365,-0.130560573961253,0
0,-0,0,0,-0.0311678670696447,0.280966750229442,-0.130782614836548,0
0,-0,0,0,-0.0302413534555294,0.284479899186254,-0.133087746370884,0
0,-0,0,0,-0.0310573612537293,0.287981911194032,-0.133471158507463,0
0,-0,-0,0,-0.0301995422331907,0.291480044182862,-0.133620520036817,0
0,-0,0,0,-0.0387221097056641,0.294959843595375,-0.133470224680074,0
0,-0,0,0,-0.0376292327239381,0.298465387569125,-0.133792123794798,0
0,-0,-0,0,-0.0247958424225411,0.301968435172132,-0.136012065409836,0
0,-0,-0,0,-0.025068017885189,0.305461294887214,-0.136139163391587,0
0,-0,-0,0,-0.0223454670045022,0.308967630396559,-0.136600627401881,0
0,-0,-0,0,-0.0203759796288864,0.312463638389935,-0.13665115337766,0
0,-0,-0,0,-0.0196589909658564,0.31596397923187,-0.13685273260313,0
0,-0,-0,0,-0.0171872902717596,0.319465108567638,-0.139214070815284,0
0,-0,-0,0,-0.0155050626929051,0.322977883739522,-0.138933918086281,0
0,-0,-0,0,-0.0168246869639761,0.326481208448625,-0.139156607715923,0
0,-0,-0,0,-0.0141117639587116,0.329976095431313,-0.139331737718724,0
0,-0,-0,0,-0.0137466163265802,0.333480901325964,-0.139580610399018,0
0,-0,-0,0,-0.0126535480034814,0.336975963277377,-0.139894981903787,0
0,-0,-0,0,-0.00958980821548539,0.34045772599716,-0.139851144047571,0
0,-0,-0,0,-0.00918156184782169,0.343966524143997,-0.139967692959705,0
0,-0,-0,0,-0.00748553633856754,0.347469729010529,-0.140325952030572,0
0,-0,-0,0,-0.00589596705519017,0.350955324562821,-0.140090994550631,0
0,-0,-0,0,-0.00499146901340561,0.354467038480602,-0.140422817079017,0
0,-0,-0,0,-0.00204408743247318,0.357964690704227,-0.140569068024145,0
0,-0,-0,0,-0.000396888981383789,0.361476359787239,-0.140612585159575,0
0,-0,-0,0,-0.00149306812624955,0.364966417215869,-0.141336485404742,0
0,-0,-0,0,-0.000778599221370449,0.368477549104659,-0.141162619182338,0
0,-0,-0,0,-0.000959389229850538,0.371973871102022,-0.141270695506031,0
0,-0,-0,0,-0.00102493298674603,0.375470618020044,-0.141800212180405,0
0,-0,-0,0,-0.000326598737955526,0.378962219272211,-0.143583912303314,0
0,-0,-0,0,-0.0024419540757265,0.382468937914118,-0.14382311985685,0
0,-0,-0,0,-0.00161348403950556,0.385959678518522,-0.143869131049383,0
-0,-0,-0,0,-0.00319025514230055,0.389472413075988,-0.14394153974807,0
-0,-0,-0,0,-0.00385532217467802,0.392972753765592,-0.143922707801187,0
-0,-0,-0,0,-0.00535901334672542,0.396468871269832,-0.1437882559967,0
-0,-0,-0,0,-0.00817849440548087,0.399987666759408,-0.144213461399346,0
-0,-0,-0,0,-0.0151283507144304,0.403469919589381,-0.144937529101127,0
-0,-0,-0,0,-0.0218859883343589,0.406978627570555,-0.14516053109816,0
-0,-0,-0,0,-0.0238430602958036,0.410475121125896,-0.145312271780962,0
-0,-0,-0,0,-0.0144305540624451,0.413965303105994,-0.144126379761708,0
-0,-0,-0,0,-0.0190680860915188,0.417471327076606,-0.144284904800818,0
-0,-0,-0,0,-0.0196485335113118,0.420966865882352,-0.144101698099547,0
-0,-0,-0,0,-0.0238750286080484,0.424459942629413,-0.144264126491372,0
-0,-0,-0,0,-0.0249403376773666,0.427964512570027,-0.144057828916377,0
-0,-0,-0,0,-0.0278866632065481,0.43146671893142,-0.144232079351075,0
-0,-0,-0,0,-0.0297980409691056,0.434954843099893,-0.143699144900103,0
-0,-0,-0,0,-0.029752326822066,0.438477620405397,-0.144013535202702,0
-0,-0,-0,0,-0.0320773595792599,0.44196741808959,-0.143766708267539,0
-0,-0,-0,0,-0.035042688764779,0.44548341894457,-0.143201041088157,0
-0,-0,-0,0,-0.0359784682045402,0.448968933927186,-0.142626397786869,0
-0,-0,-0,0,-0.0368337127385452,0.452465408445175,-0.142663087017185,0
-0,-0,-0,0,-0.0386694596264333,0.455986607348604,-0.142331779946809,0
-0,-0,-0,0,-0.0384715299524162,0.459465570945412,-0.141793887532441,0
-0,-0,-0,0,-0.0406522124954338,0.462961168630001,-0.141673302287395,0
-0,-0,0,0,-0.0397197575627947,0.46647840120467,-0.141200703427576,0
-0,-0,0,0,-0.0410749700962781,0.469960091999593,-0.140842595430981,0
-0,-0,0,0,-0.04047655707756,0.473453506107856,-0.140628546721874,0
-0,-0,0,0,-0.0412428726383154,0.476978437464734,-0.140342309537927,0
-0,-0,0,0,-0.0406348828001636,0.480478268573762,-0.140363375333061,0
-0,-0,0,0,-0.0411965786008979,0.483975858221216,-0.140185260789204,0
-0,-0,0,0,-0.0396639275173559,0.487461309272725,-0.14012537585124,0
-0,-0,0,0,-0.0526456255964866,0.49096934696747,-0.140482207208922,0
-0,-0,0,0,-0.0524211888403187,0.494476386738909,-0.140105176630546,0
-0,-0,0,0,-0.0411828632745107,0.497956330869037,-0.138533622087308,0
-0,-0,0,0,-0.0400426482618652,0.50147307358429,-0.138329549787234,0
-0,-0,0,0,-0.0405238024573528,0.504971960702505,-0.138575029272765,0
-0,-0,0,0,-0.0391963083136203,0.508456738450443,-0.138642094906244,0
0,-0,0,0,-0.0376982983160486,0.511965456436847,-0.138334432312385,0
0,-0,0,0,-0.0355487370010243,0.515481132279344,-0.13877338052222,0
0,-0,0,0,-0.0352741053737456,0.518987205140282,-0.139007653508089,0
0,-0,0,0,-0.0349354001378623,0.522480565207605,-0.13915683205359,0
0,-0,0,0,-0.031754097516672,0.525965777287786,-0.139440524123542,0
0,-0,0,0,-0.0284040367044622,0.529472470916904,-0.139739188362669,0
0,-0,0,0,-0.0284618852673344,0.532969758686847,-0.140236215647372,0
0,-0,-0,0,-0.0263027221830508,0.536467214396262,-0.140894539639588,0
0,-0,-0,0,-0.0261670292096105,0.539967360153376,-0.141485018599182,0
0,-0,-0,0,-0.0231081439909434,0.543471033189209,-0.142062870160593,0
0,-0,-0,0,-0.0222184012811584,0.546958774350472,-0.142546226312257,0
0,-0,-0,0,-0.0212243431968883,0.550474123533025,-0.143325507290942,0
0,-0,-0,0,-0.0206435871195966,0.553964123775216,-0.143836330864553,0
0,-0,-0,0,-0.019307077273096,0.557483074603442,-0.144463932853639,0
0,-0,-0,0,-0.0190765861235432,0.560969221210884,-0.144985569701371,0
0,-0,-0,0,-0.019616286307535,0.564468721678952,-0.14529940965602,0
0,-0,-0,0,-0.0181963781153433,0.567988071288337,-0.14575740473006,0
0,-0,-0,0,-0.0165808374474225,0.571459645554196,-0.145922400566382,0
0,-0,-0,0,-0.0151000777686985,0.574971956319982,-0.146173385046997,0
0,-0,-0,0,-0.0133163210941773,0.578467651554606,-0.146546509479748,0
0,-0,-0,0,-0.0116328943045919,0.581965205408706,-0.146589799369662,0
0,-0,-0,0,-0.00955699695081567,0.585463807560972,-0.147260613930894,0
0,-0,-0,0,-0.00687863586274715,0.5889550687397,-0.1473241526771,0
0,-0,-0,0,-0.006303715007731,0.592483352588955,-0.148142926748466,0
0,-0,-0,0,-0.00617414098601504,0.5959743167982,-0.148866648638315,0
0,-0,-0,0,-0.00597203883343663,0.599466649028628,-0.1493166799591,0
0,-0,-0,0,-0.00391105035325886,0.602974827253221,-0.149636088154507,0
0,-0,-0,0,-0.00395789682342487,0.606454114244192,-0.149928371054819,0
0,-0,-0,0,-0.00443306738218863,0.609955766761769,-0.151024594693295,0
0,-0,-0,0,-0.00519868601763541,0.613465731165504,-0.151468561417451,0
-0,-0,-0,0,-0.00616623897735298,0.616960470063828,-0.151719219184682,0
-0,-0,-0,0,-0.0078598598834912,0.620472023634883,-0.152058381939418,0
-0,-0,-0,0,-0.00930085310673105,0.623971174105507,-0.15270308654672,0
-0,-0,-0,0,-0.0125866850618462,0.627469408397371,-0.153396983649065,0
-0,-0,-0,0,-0.013780965259411,0.630977037684125,-0.153024769525368,0
-0,-0,-0,0,-0.0166913096755341,0.634486591615141,-0.153096143150461,0
-0,-0,-0,0,-0.0177765614638994,0.637970118353449,-0.153223508159133,0
-0,-0,-0,0,-0.0192587860478706,0.641489099116199,-0.153148650212767,0
-0,-0,-0,0,-0.0224692236850901,0.644974175670152,-0.15301199702476,0
-0,-0,-0,0,-0.0256626652504169,0.648467453232412,-0.152677078109656,0
-0,-0,-0,0,-0.0292953265249169,0.651964986841021,-0.152982111828666,0
-0,-0,-0,0,-0.0326488101818735,0.655452874110953,-0.152528149274538,0
-0,-0,-0,0,-0.0364635785245007,0.658966531795802,-0.152039770839945,0
-0,-0,-0,0,-0.038317226909573,0.662463649177,-0.151612826230441,0
-0,-0,-0,0,-0.0412181545055251,0.665985618241318,-0.15080534332106,0
-0,-0,-0,0,-0.0447827291965725,0.669468318860993,-0.150024963386405,0
-0,-0,-0,0,-0.0488330578749738,0.67296257463173,-0.14944144528987,0
-0,-0,-0,0,-0.0519217742097931,0.676477991440279,-0.148812828994059,0
-0,-0,-0,0,-0.0524366195421052,0.679968951839731,-0.147417113368767,0
-0,-0,-0,0,-0.0565377092881698,0.683466093581662,-0.146687762879656,0
-0,-0,-0,0,-0.0613902392218582,0.686973610888252,-0.146579698076136,0
-0,-0,-0,0,-0.0641852625015479,0.690460327582875,-0.146026660350009,0
-0,-0,-0,0,-0.0674392673569108,0.693983429063779,-0.145231146868356,0
-0,-0,-0,0,-0.0712918583507044,0.697466021316165,-0.143589112853056,0
-0,-0,-0,0,-0.0740397429886698,0.700961198731198,-0.14361605184964,0
-0,-0,-0,0,-0.0781483464067699,0.704485048061059,-0.14286856815594,0
-0,-0,-0,0,-0.0808504782807975,0.707972465595574,-0.141788899756449,0
-0,-0,-0,0,-0.0841946203918894,0.711479717531811,-0.142574637059921,0
-0,-0,-0,0,-0.0885511321719275,0.714977005352033,-0.142559352636102,0
-0,-0,-0,0,-0.0932418994803594,0.718466339535597,-0.141897105945172,0
-0,-0,-0,0,-0.0968716327598203,0.721968830497137,-0.138518290992226,0
-0,-0,-0,0,-0.100158699151156,0.725478017565965,-0.138119856080998,0
-0,-0,-0,0,-0.105378939977623,0.728955689920654,-0.137415430897253,0
-0,-0,-0,0,-0.109085649983635,0.73246587667281,-0.136460794475135,0
-0,-0,-0,0,-0.11263435758564,0.735948881778789,-0.135536090394139,0
-0,-0,-0,0,-0.116930274170783,0.739454386152264,-0.134687199121399,0
-0,-0,-0,0,-0.121367115215533,0.742971564312728,-0.134897692090281,0
-0,-0,-0,0,-0.125359558855676,0.746470223547588,-0.136014233183216,0
0,-0,-0,0,-0.0305122109788196,0.391322818424841,-0.108877427170471,0
0,-0,-0,0,-0.0294666166351357,0.396350393132674,-0.109109282555282,0
0,-0,-0,0,-0.0286909747734825,0.401326681706564,-0.108878303726213,0
0,-0,-0,0,-0.0269603127434072,0.406336499283813,-0.109552266547984,0
0,-0,-0,0,-0.0148808767260345,0.411344157227528,-0.109415690527496,0
0,-0,-0,0,-0.0139163897202535,0.416299551501537,-0.109503170907581,0
0,-0,-0,0,-0.0124625541781694,0.421329120073168,-0.109856293252747,0
0,-0,-0,0,-0.0122587566083272,0.426341591884736,-0.109987168734052,0
0,-0,-0,0,-0.013451465189395,0.431320597225093,-0.110405378379251,0
0,-0,-0,0,-0.0227234126891488,0.436334659284854,-0.111753516590005,0
0,-0,-0,0,-0.0213187873288223,0.441333655405423,-0.112212157229728,0
0,-0,-0,0,-0.0202464097702919,0.446323904147098,-0.11173947105068,0
0,-0,-0,0,-0.0200827664396873,0.451333161478597,-0.112141236747082,0
0,-0,-0,0,-0.0130781591605333,0.456328709169041,-0.111771752521496,0
0,-0,-0,0,-0.00611359582921323,0.461344107315862,-0.111270228723405,0
0,-0,-0,0,-0.00624958687379827,0.466341086111667,-0.111211435581917,0
0,-0,-0,0,-0.0182039993671914,0.471337124104028,-0.112737769706738,0
0,-0,-0,0,-0.0173799445177024,0.476341796686414,-0.113000104994885,0
0,-0,-0,0,-0.0174293862416933,0.481333785522814,-0.113200881901424,0
0,-0,-0,0,-0.016850400558757,0.486302896274972,-0.113727709623059,0
0,-0,-0,0,-0.0169198441721584,0.491329830706268,-0.113113999328147,0
0,-0,-0,0,-0.0160115022527201,0.496330375485487,-0.11145160771717,0
0,-0,-0,0,-0.0167475297817783,0.501315449257686,-0.111692771338216,0
0,-0,-0,0,-0.0172948887832582,0.506340005321326,-0.11164521685305,0
0,-0,-0,0,-0.016076770740331,0.511329599140581,-0.111728859803561,0
0,-0,-0,0,-0.0167095463209246,0.516355297709146,-0.111834009903866,0
0,-0,-0,0,-0.0165340308488293,0.521355096258395,-0.112386806762563,0
0,-0,-0,0,-0.0165957885986898,0.526341379200222,-0.111755984994474,0
0,-0,-0,0,-0.0159625817916639,0.531346624999982,-0.112514983125001,0
0,-0,-0,0,-0.0157427495361938,0.536325399463785,-0.11229384359249,0
0,-0,-0,0,-0.0161570332208019,0.54132595947591,-0.112162055606355,0
0,-0,-0,0,-0.0159669857378333,0.546328990593064,-0.110704133198367,0
0,-0,-0,0,-0.0162113269195894,0.551313664948484,-0.110730646041233,0
0,-0,-0,0,-0.0169098688357645,0.556322856097584,-0.110931132097563,0
-0,-0,-0,0,-0.0172750501162352,0.561313754341266,-0.110864586819098,0
0,-0,-0,0,-0.0175915289077976,0.566340143156839,-0.111307090826415,0
-0,-0,-0,0,-0.0189551257906803,0.571338390907611,-0.110842792755519,0
-0,-0,-0,0,-0.0206467291202438,0.576335793742325,-0.111298209002045,0
-0,-0,-0,0,-0.0215287104917411,0.58133802043765,-0.111389627363749,0
-0,-0,-0,0,-0.023321111712354,0.586341430339604,-0.110991507869068,0
-0,-0,-0,0,-0.0242641319737767,0.591333741768282,-0.111113514326217,0
-0,-0,-0,0,-0.0276014453624927,0.596336025659349,-0.111500826160296,0
-0,-0,-0,0,-0.029025008377259,0.601334907948905,-0.111845573187806,0
-0,-0,-0,0,-0.0306416391422854,0.606318558536625,-0.109144158121945,0
-0,-0,-0,0,-0.0316300616271581,0.611328197225668,-0.109394505319414,0
-0,-0,-0,0,-0.033780280153597,0.616337605826652,-0.109210061762403,0
-0,-0,-0,0,-0.0344202185541663,0.621342770441552,-0.109582378681522,0
-0,-0,-0,0,-0.0363796674225821,0.62632834802619,-0.109191671764772,0
-0,-0,-0,0,-0.0373826398145763,0.631327812348187,-0.107400313344128,0
-0,-0,-0,0,-0.0374814237228707,0.636340593500933,-0.107200196799512,0
-0,-0,-0,0,-0.0391517836892827,0.641333648291077,-0.107396336655766,0
-0,-0,-0,0,-0.0406015056734388,0.646337448282861,-0.107002469414753,0
-0,-0,-0,0,-0.0416027833023719,0.651315126702353,-0.10620795851989,0
-0,-0,-0,0,-0.0421098552888547,0.656316538840829,-0.105008902392421,0
-0,-0,-0,0,-0.0426172448889773,0.661327965254141,-0.105006566177309,0
-0,-0,-0,0,-0.043375750753988,0.66633415981577,-0.105139122305365,0
-0,-0,-0,0,-0.044102011260039,0.67131932732554,-0.104927242328599,0
-0,-0,-0,0,-0.0453085163327339,0.676341154321016,-0.105249942225458,0
-0,-0,-0,0,-0.0459387622526081,0.681329539568445,-0.10523806035386,0
-0,-0,-0,0,-0.0470741393536421,0.686342685578508,-0.105430324084217,0
-0,-0,-0,0,-0.0354167440841008,0.691355802332721,-0.103454701109884,0
-0,-0,-0,0,-0.0362341319672807,0.696330338323111,-0.103525077198364,0
-0,-0,-0,0,-0.0377476363331327,0.701347695267574,-0.10384704428309,0
-0,-0,-0,0,-0.0391410558144565,0.706328988467877,-0.103719047742998,0
-0,-0,-0,0,-0.0398849524240702,0.711317160805036,-0.104157779489733,0
-0,-0,-0,0,-0.0529650560855121,0.716331579173468,-0.101712548081017,0
-0,-0,-0,0,-0.0532665003524792,0.721329077061957,-0.102296052740373,0
-0,-0,-0,0,-0.0544791886865784,0.72632380218157,-0.102557029412958,0
-0,-0,-0,0,-0.056107521142368,0.731328946819409,-0.103156502123135,0
-0,-0,-0,0,-0.057279983618868,0.736329512581848,-0.10261425923077,0
-0,-0,-0,0,-0.0586560710321815,0.741342239860372,-0.102539139095324,0
-0,-0,-0,0,-0.059909640090272,0.74635228510031,-0.102908221805165,0
-0,-0,-0,0,-0.0620312344161721,0.751336403787107,-0.103751652225179,0
-0,-0,-0,0,-0.062934342706074,0.756351071487008,-0.103372457817959,0
-0,-0,-0,0,-0.0611312206128692,0.761315077774817,-0.103069365564002,0
-0,-0,-0,0,-0.0533185418307237,0.766325804056081,-0.103863699979677,0
-0,-0,-0,0,-0.0560390791796237,0.77132682354951,-0.104258885184124,0
-0,-0,-0,0,-0.0694855397564975,0.776349284632702,-0.104037226693267,0
-0,-0,-0,0,-0.0707041812535544,0.781323561042252,-0.103434979857781,0
-0,-0,-0,0,-0.0722292135751545,0.786344997314111,-0.103850363958129,0
-0,-0,-0,0,-0.073866148466444,0.791347620016344,-0.103740583998363,0
-0,-0,-0,0,-0.0752310032075992,0.796342089427028,-0.103758087304238,0
-0,-0,-0,0,-0.0770125598674088,0.801342226316779,-0.103503807532229,0
-0,-0,-0,0,-0.0780175966258203,0.806341684232041,-0.10371317853758,0
-0,-0,-0,0,-0.0799865796986344,0.811356163698642,-0.104896939369873,0
-0,-0,-0,0,-0.081380023781752,0.816318837024996,-0.105311451229425,0
-0,-0,-0,0,-0.0821739305640534,0.821323915342992,-0.10543339332335,0
-0,-0,-0,0,-0.0727479770516918,0.826330500393399,-0.106663012045317,0
-0,-0,-0,0,-0.0738299111483146,0.831316506233241,-0.106559631609102,0
-0,-0,-0,0,-0.0869177557030446,0.836337483584549,-0.106417914381582,0
-0,-0,-0,0,-0.089063850156442,0.841329705319059,-0.106526535391519,0
-0,-0,-0,0,-0.0907713733149149,0.846343716850823,-0.105517975049724,0
-0,-0,-0,0,-0.0931083914180323,0.851331969613226,-0.105630119263349,0
-0,-0,-0,0,-0.0942522902521521,0.856338757320944,-0.105595423796559,0
-0,-0,-0,0,-0.0957190581764045,0.861344892060598,-0.105128734384074,0
-0,-0,-0,0,-0.0978783386789552,0.866341845067514,-0.103971882261758,0
-0,-0,-0,0,-0.1000841993745,0.871324232851368,-0.104203579906578,0
-0,-0,-0,0,-0.101581001194032,0.87632938417502,-0.103861211241055,0
-0,-0,-0,0,-0.102967492872151,0.881328727012574,-0.10326510927115,0
-0,-0,-0,0,-0.0913865043144422,0.886331768582167,-0.102074111773309,0
-0,-0,-0,0,-0.092273596385196,0.891334660682885,-0.102169872737682,0
-0,-0,-0,0,-0.0931857537764951,0.896338084276589,-0.101988326407078,0
-0,-0,-0,0,-0.0938857167164142,0.901338402985058,-0.101795834865677,0
-0,-0,-0,0,-0.094860986648956,0.906330106411927,-0.10102124448304,0
-0,-0,-0,0,-0.0953046601288571,0.911340864696245,-0.102594108052773,0
-0,-0,-0,0,-0.0966840004394743,0.916347731091546,-0.103278263905347,0
-0,-0,-0,0,-0.107002017064311,0.921335846319399,-0.102365377722293,0
-0,-0,-0,0,-0.110856727815505,0.926335560875454,-0.101804351677235,0
-0,-0,-0,0,-0.110787127905295,0.931325534574865,-0.101466516020176,0
-0,-0,-0,0,-0.110735009483426,0.93631788765712,-0.100721514236327,0
-0,-0,-0,0,-0.111382850873926,0.941329686254604,-0.0995848232103974,0
-0,-0,-0,0,-0.098892527604935,0.946329279465021,-0.0970143222962958,0
-0,-0,-0,0,-0.0983298941698815,0.951315638417003,-0.096973644440155,0
-0,-0,-0,0,-0.098053945917741,0.956331175414366,-0.0975498265663998,0
-0,-0,-0,0,-0.0983273019555817,0.961316846082644,-0.0949081196718084,0
-0,-0,-0,0,-0.0983734857325924,0.966373085358292,-0.0946586192414061,0
-0,-0,-0,0,-0.0981092756537739,0.971348242248804,-0.0941736660282322,0
-0,-0,-0,0,-0.0969297127055221,0.976336222783209,-0.095419102856037,0
-0,-0,-0,0,-0.100123345243563,0.981339247476522,-0.0950849811902139,0
-0,-0,-0,0,-0.108377170934654,0.986311311046337,-0.0961739347766715,0
-0,-0,-0,0,-0.107263464485878,0.991322725862646,-0.0961273852700719,0
-0,-0,-0,0,-0.106577291855416,0.99632985898425,-0.0971169429623159,0
-0,-0,-0,0,-0.10581006468808,1.00132028042003,-0.0965897427609635,0
-0,-0,0,0,-0.0983800863441958,1.0063405634424,-0.0970795258321524,0
0,-0,0,0,-0.0894179761340206,1.01131912474227,-0.0983211447727835,0
0,-0,-0,0,-0.0888528708094844,1.01634647792313,-0.0992073128250204,0
0,-0,-0,0,-0.0875270206258962,1.02134290713847,-0.0994204364880336,0
0,-0,0,0,-0.0864057648054084,1.02634762167144,-0.0989972877201978,0
0,-0,0,0,-0.0840541451166871,1.03133842259979,-0.0990702418464678,0
0,-0,0,0,-0.0812774059631226,1.03634324180325,-0.0995744112950805,0
0,-0,0,0,-0.0799850176126996,1.04132108868997,-0.100529428273795,0
0,-0,0,0,-0.0913750881476124,1.0463299326314,-0.102125155558775,0
0,-0,0,0,-0.0873251337553909,1.05132982433549,-0.102675615097886,0
0,-0,0,0,-0.0738585150796457,1.05636530984449,-0.102932022040316,0
0,-0,0,0,-0.0705081834902427,1.06135135731708,-0.103731129146343,0
0,-0,0,0,-0.069159802671299,1.06632689762733,-0.104173868670485,0
0,-0,0,0,-0.0658519193267829,1.07134416574643,-0.104928576533334,0
0,-0,0,0,-0.0622153896318987,1.07633002576688,-0.105083982055215,0
0,-0,0,0,-0.0724656854746399,1.08134105973812,-0.105922938527001,0
0,-0,0,0,-0.0697769641376961,1.08634201084287,-0.106410397653437,0
0,-0,0,0,-0.0659022381145287,1.09133518957054,-0.107813266435568,0
0,-0,0,0,-0.062356324780069,1.09632098423193,-0.109533139340793,0
0,-0,0,0,-0.059271111622293,1.10130636112248,-0.11056702037689,0
0,-0,-0,0,-0.0430831778194264,1.10631896496293,-0.111932160902725,0
0,-0,-0,0,-0.0392742009237523,1.11132215365856,-0.112799036000005,0
0,-0,0,0,-0.0416183491149195,1.11633469944742,-0.112933186698734,0
0,-0,-0,0,-0.045090009016045,1.12132126265955,-0.114463897282839,0
0,-0,-0,0,-0.0414430539173749,1.12634859654748,-0.115394664469792,0
0,-0,-0,0,-0.024160300860124,1.13133286515337,-0.11661302393865,0
0,-0,-0,0,-0.0206518524084342,1.1363525708726,-0.116387328717739,0
0,-0,-0,0,-0.0699796099999988,0.3829981507617,-0.101375484216868,0
0,-0,-0,0,-0.0659852710644318,0.387975830002042,-0.101092240107997,0
0,-0,-0,0,-0.0629219514091434,0.392960740210145,-0.101161719419034,0
0,-0,-0,0,-0.0609246533604557,0.397987281293734,-0.100843642111473,0
0,-0,-0,0,-0.058197631922135,0.402976402770475,-0.101215695213115,0
0,-0,-0,0,-0.0566068728571566,0.407975116530598,-0.101633141614099,0
0,-0,-0,0,-0.0527082161941242,0.412980695381445,-0.101799240100632,0
0,-0,-0,0,-0.0506106662994803,0.417976036847895,-0.102539706403311,0
0,-0,-0,0,-0.0489619030558282,0.422988591161829,-0.102848907856419,0
0,-0,-0,0,-0.0456144153743559,0.427997595192345,-0.103557891728725,0
0,-0,-0,0,-0.0427137135753709,0.43299228192883,-0.103737557735735,0
0,-0,-0,0,-0.0407331380928954,0.438005550493158,-0.103943970304482,0
0,-0,-0,0,-0.0395812812685144,0.442972014329236,-0.104502401360084,0
0,-0,-0,0,-0.037678502287047,0.447986038802606,-0.104668909567392,0
0,-0,-0,0,-0.0356507200898994,0.452992112004921,-0.10493306020684,0
0,-0,-0,0,-0.032648458,0.457980106666667,-0.104993235,0
0,-0,-0,0,-0.0297423532224033,0.462971984885139,-0.105252297101037,0
0,-0,-0,0,-0.0284014463702213,0.467988166674161,-0.107820726466347,0
0,-0,-0,0,-0.0259070369041788,0.472979621990165,-0.108514703619983,0
0,-0,-0,0,-0.023343624640218,0.477974431878999,-0.108916523918102,0
0,-0,-0,0,-0.0220360531202054,0.482987269999977,-0.108954841340964,0
0,-0,-0,0,-0.02110256135381,0.487976264938603,-0.109515599176905,0
0,-0,-0,0,-0.0215945607002264,0.492994604690024,-0.112205048680201,0
0,-0,-0,0,-0.0203182290057667,0.497960082730093,-0.11219224913527,0
0,-0,-0,0,-0.0210215984174605,0.502978290862949,-0.113046469890359,0
0,-0,-0,0,-0.0199244110846278,0.50798931228537,-0.114869477908831,0
0,-0,-0,0,-0.0190924214900133,0.512965340514739,-0.115129628416717,0
0,-0,-0,0,-0.0181713983101614,0.517975114119925,-0.115072345437399,0
0,-0,-0,0,-0.0180648185343562,0.522993853251536,-0.114914824177914,0
-0,-0,-0,0,-0.0209548788786502,0.527995155576004,-0.115106061975649,0
-0,-0,-0,0,-0.0227233895564678,0.532988350720119,-0.115213399067102,0
-0,-0,-0,0,-0.0232852522165769,0.537986991967237,-0.115813939138178,0
-0,-0,-0,0,-0.0251560737781577,0.542986346188906,-0.115438666546719,0
-0,-0,-0,0,-0.0266518306414444,0.547998761771356,-0.115165682296989,0
-0,-0,-0,0,-0.0256085589605813,0.552975438268669,-0.115229412834794,0
-0,-0,-0,0,-0.0284493068029082,0.557984103015764,-0.115100016790019,0
-0,-0,-0,0,-0.0295970861856365,0.562976919600759,-0.114464804819919,0
-0,-0,-0,0,-0.0320045714171573,0.567981286857099,-0.113497111649114,0
-0,-0,-0,0,-0.0317157698159502,0.572981464233134,-0.113742593791411,0
-0,-0,-0,0,-0.0329413656016881,0.57797557447304,-0.11286135585426,0
-0,-0,-0,0,-0.0347428133676535,0.582996689301479,-0.111808979374998,0
-0,-0,0,0,-0.036698586136578,0.587980702739728,-0.111460837340012,0
-0,-0,0,0,-0.0384345483575995,0.592980147851861,-0.111242733396074,0
-0,-0,0,0,-0.0397015049889487,0.597992920339518,-0.110722220065456,0
-0,-0,0,0,-0.0405607452397243,0.602979256406198,-0.109821623050115,0
-0,-0,0,0,-0.040768378261583,0.608015378120405,-0.109591269499596,0
-0,-0,0,0,-0.0432175974858917,0.61297352297428,-0.108934558593615,0
-0,-0,0,0,-0.0430722128268868,0.61797344402311,-0.108510241028023,0
-0,-0,0,0,-0.0450257933300769,0.622981383577557,-0.107729145722423,0
-0,-0,0,0,-0.0459070674046687,0.627976937162455,-0.105185404808715,0
-0,-0,0,0,-0.0470135663199504,0.632967516417548,-0.105381578156268,0
-0,-0,0,0,-0.0476154035662462,0.637959178289458,-0.104634364058884,0
-0,-0,0,0,-0.0490640860576904,0.642978044230761,-0.10420056596154,0
-0,-0,0,0,-0.0478954825631006,0.647985448875025,-0.103864531823277,0
-0,-0,0,0,-0.0486792275169186,0.652955400506542,-0.103717759794478,0
-0,-0,0,0,-0.048407023458784,0.657991692104721,-0.103742465415422,0
-0,-0,0,0,-0.0488906830871233,0.662985353325135,-0.10212948698243,0
-0,-0,0,0,-0.0497718089746952,0.667990477328787,-0.101127702344235,0
-0,-0,0,0,-0.0495433773529414,0.672968942823554,-0.100732225941177,0
-0,-0,0,0,-0.0491678074931582,0.678003323793774,-0.100766910886021,0
-0,-0,0,0,-0.0499187801481809,0.682979965877766,-0.100801146176169,0
-0,-0,0,0,-0.0504344656394876,0.687966550416851,-0.100615431800323,0
-0,-0,0,0,-0.0507287095,0.692981790802299,-0.100924910157594,0
-0,-0,0,0,-0.052361858566352,0.698002557607862,-0.100589627675321,0
-0,-0,0,0,-0.0523719723472543,0.702991657805087,-0.100694570401311,0
-0,-0,0,0,-0.0530368407975467,0.707974338122836,-0.100257772233367,0
-0,-0,0,0,-0.0544423331820418,0.712971346248461,-0.100431551881919,0
-0,-0,0,0,-0.0552399130673246,0.717990270022494,-0.10008208630489,0
-0,-0,0,0,-0.0546605766314951,0.722968862868901,-0.0998971773289365,0
-0,-0,0,0,-0.0542952701575643,0.727977070050749,-0.100114035577666,0
-0,-0,0,0,-0.0544466815522906,0.732990539035935,-0.100051425360702,0
-0,-0,0,0,-0.0539816083205693,0.737966793848086,-0.10036232938542,0
-0,-0,0,0,-0.0538100859648232,0.742972108102909,-0.0999716167527464,0
-0,-0,0,0,-0.0530761733145121,0.747976521628841,-0.100372608054022,0
-0,-0,0,0,-0.0522613954195268,0.752989846805576,-0.100711410868058,0
-0,-0,0,0,-0.0519471902862985,0.757984136400819,-0.100812962147239,0
0,-0,0,0,-0.0496540412213565,0.762978527213587,-0.102910735760025,0
0,-0,0,0,-0.0469534827504586,0.768000353735929,-0.102538321021494,0
0,-0,0,0,-0.0444573759098337,0.772987300766717,-0.103329360316909,0
0,-0,0,0,-0.0435779607859211,0.777983360642647,-0.103398465020466,0
0,-0,0,0,-0.0407504831078955,0.782986405639544,-0.10410374844912,0
0,-0,0,0,-0.0392798604591021,0.787990775613007,-0.104725245679989,0
0,-0,0,0,-0.0385641444516476,0.792968331989002,-0.105073919044088,0
0,-0,0,0,-0.0383151023551928,0.797978978724751,-0.104099308447756,0
0,-0,0,0,-0.0364320816913481,0.802973702962982,-0.103836747299384,0
0,-0,0,0,-0.035087162731544,0.80799417026581,-0.104573801032511,0
0,-0,0,0,-0.0340231529382105,0.812976524185778,-0.104616912491818,0
0,-0,0,0,-0.0321242628188958,0.817955716276635,-0.105683920301362,0
0,-0,0,0,-0.0313490834337228,0.822992972860067,-0.106042188044662,0
0,-0,0,0,-0.0305667867806184,0.827977116127576,-0.106204801415866,0
0,-0,0,0,-0.028960296700712,0.832987182517764,-0.106359666495431,0
0,-0,0,0,-0.0281534352019647,0.837986303081644,-0.106885320724371,0
0,-0,0,0,-0.0265710945846079,0.842973489847657,-0.107534723038289,0
0,-0,0,0,-0.0240923369664582,0.847961147078543,-0.107101782961538,0
0,-0,0,0,-0.0214624219664574,0.852975930490771,-0.107879311715743,0
0,-0,0,0,-0.0213191861040235,0.857964904428392,-0.10854671012234,0
0,-0,-0,0,-0.0194879755958159,0.862989423865855,-0.109096357808139,0
0,-0,0,0,-0.0178362955679166,0.867985302536857,-0.108738165797876,0
0,-0,0,0,-0.0173754618411796,0.872985741637338,-0.109182926573885,0
0,-0,-0,0,-0.0164276117997099,0.877986133606403,-0.109981229587347,0
0,-0,-0,0,-0.0161564704892924,0.882965616474758,-0.11116030025132,0
0,-0,-0,0,-0.0152377217704058,0.887994141825265,-0.112425429531411,0
0,-0,-0,0,-0.0147516484585901,0.892972249295433,-0.112981370539762,0
0,-0,-0,0,-0.0140848868149292,0.897978203392966,-0.114049668665022,0
0,-0,-0,0,-0.0134455496936969,0.902998259868947,-0.114315436547911,0
0,-0,-0,0,-0.0127251526648317,0.907957658425127,-0.11472338371685,0
0,-0,-0,0,-0.0125877858151326,0.91296628334348,-0.11544483965222,0
0,-0,-0,0,-0.0125278155323492,0.91798322226043,-0.115746177117119,0
0,-0,-0,0,-0.0120806939506641,0.922983169584464,-0.11778923485159,0
0,-0,-0,0,-0.0116690470454806,0.927989945974209,-0.117818059625076,0
0,-0,-0,0,-0.0113987997249316,0.93297618722066,-0.118669125065898,0
0,-0,-0,0,-0.0109843128610797,0.937973858008882,-0.118054650587075,0
0,-0,-0,0,-0.0108116472190647,0.942991964084683,-0.11859921994682,0
0,-0,-0,0,-0.0119631969901178,0.947964668698531,-0.118850788747943,0
-0,-0,-0,0,-0.0121570562979898,0.952985503839127,-0.119040958171846,0
-0,-0,-0,0,-0.0127312918812691,0.957976783828055,-0.118932510675539,0
-0,-0,-0,0,-0.0133078650950345,0.962994696877174,-0.11911239383691,0
-0,-0,-0,0,-0.0139758105033504,0.967972449811155,-0.119647100179085,0
-0,-0,-0,0,-0.0148530455957841,0.972976676814542,-0.119421490543856,0
-0,-0,-0,0,-0.0152538297016763,0.977988422917844,-0.119601100412751,0
0,-0,-0,0,-0.014908198941085,0.982990271747102,-0.119191637467678,0
0,-0,-0,0,-0.0155038171479459,0.987978585205664,-0.119662968573359,0
-0,-0,-0,0,-0.0161804903004543,0.992982541711623,-0.119618620806781,0
-0,-0,-0,0,-0.0168382052144831,0.998010334510345,-0.119722507675319,0
-0,-0,-0,0,-0.0178182008292692,1.00296739146342,-0.11931088497561,0
-0,-0,-0,0,-0.0180175320126715,1.00800984475782,-0.11978331079297,0
-0,-0,-0,0,-0.0183023499909508,1.01297316071576,-0.120106307879474,0
-0,-0,-0,0,-0.0200955900394168,1.01796594912638,-0.120132037295813,0
-0,-0,-0,0,-0.0202241432871163,1.02297789799591,-0.119896673251533,0
-0,-0,-0,0,-0.0212207667629829,1.02797559538845,-0.119731091466556,0
-0,-0,-0,0,-0.0218373090018422,1.03299060816452,-0.11798562674647,0
-0,-0,-0,0,-0.0230218455246519,1.03793540895552,-0.117899823644597,0
-0,-0,-0,0,-0.0236281713344211,1.04297864050346,-0.117929780962958,0
-0,-0,-0,0,-0.0242306114559353,1.04798362003291,-0.117551664577771,0
-0,-0,-0,0,-0.0258048470337954,1.05300376468786,-0.117718951893541,0
-0,-0,-0,0,-0.0265095016921514,1.05797729471331,-0.116760015099638,0
-0,-0,-0,0,-0.0272611412576728,1.06298650061351,-0.117546996717791,0
-0,-0,-0,0,-0.0279159696583657,1.0679650167422,-0.117484763586286,0
-0,-0,-0,0,-0.0292875962087334,1.07297197715737,-0.117352329637562,0
-0,-0,-0,0,-0.0289952670245377,1.07796269762672,-0.11693601838536,0
-0,-0,-0,0,-0.028768606235391,1.08296154962963,-0.117022480971193,0
-0,-0,-0,0,-0.0294002803794993,1.08798528795007,-0.117171981881955,0
-0,-0,-0,0,-0.0309292045055201,1.09299148044989,-0.114738387632721,0
-0,-0,-0,0,-0.0311272302978331,1.09798333462796,-0.11466118189493,0
-0,-0,-0,0,-0.0315516315063691,1.10298460710381,-0.114526956420765,0
-0,-0,-0,0,-0.0322548914604256,1.10798413196969,-0.114797563894044,0
-0,-0,-0,0,-0.0318993233124966,1.11298904979511,-0.114059697028685,0
-0,-0,-0,0,-0.033043594528431,1.11797736548603,-0.114994215908573,0
-0,-0,-0,0,-0.0331997409221945,1.12296302226287,-0.114764316130406,0
-0,-0,-0,0,-0.0335465683670965,1.12798494988746,-0.114893187425823,0
-0,-0,0,0,0.0144418221127298,0.308835025246958,-0.252404966792375,0
-0,-0,0,0,0.013412557558262,0.313829412424837,-0.251854197571042,0
-0,-0,0,0,0.0132054502886072,0.318832007754095,-0.250497451443091,0
-0,-0,0,0,0.0122760455784154,0.323851856473139,-0.250507719938662,0
-0,-0,0,0,0.0125213320722596,0.328846332133023,-0.250307829141444,0
-0,-0,0,0,0.0114353731560619,0.333845398905723,-0.250066247637555,0
-0,-0,0,0,0.0118541088732773,0.338844368985812,-0.250051939888911,0
-0,-0,0,0,0.0120218786886252,0.343851444844518,-0.250184839869067,0
0,-0,0,0,0.0127368675906755,0.348861366951551,-0.249821944281332,0
0,-0,0,0,0.0120662359205566,0.353844246277649,-0.249948592710893,0
0,-0,0,0,0.0132475800937389,0.358845025435945,-0.249710698943921,0
0,-0,0,0,0.012236709929568,0.363819526400553,-0.251500442721505,0
0,-0,0,0,0.0143071087360812,0.368826303331975,-0.251436312779358,0
0,-0,0,0,0.0135304227536788,0.373845708475051,-0.251429781414555,0
0,-0,0,0,0.0151146997007141,0.37883948179607,-0.251588237981462,0
0,-0,0,0,0.0143587268682913,0.383821845561006,-0.251678622195124,0
0,-0,0,0,0.0154275989613248,0.388838174659318,-0.251381078710864,0
0,-0,0,0,0.0150111795741234,0.39383593399675,-0.251401157313679,0
0,-0,0,0,0.0163497318619102,0.398862397694375,-0.251235848717251,0
0,-0,0,0,0.0161915343175774,0.403852043711887,-0.25001744652343,0
0,-0,0,0,0.0172930954000797,0.408845454190842,-0.249463780161422,0
0,-0,0,0,0.0178184866321598,0.413855961157935,-0.249769894369885,0
0,-0,0,0,0.0191321263447118,0.418809115716063,-0.249738337472939,0
0,-0,0,0,0.0189930430999171,0.423834260190896,-0.24971882163688,0
0,-0,0,0,0.0202238706817882,0.428839504291839,-0.249919163917843,0
0,-0,0,0,0.0211600820222078,0.433829163812444,-0.249854319210362,0
0,-0,0,0,0.0226098046933689,0.438852852673834,-0.2500502848292,0
0,-0,0,0,0.0227892935117689,0.443838626173074,-0.250335981403155,0
0,-0,0,0,0.0243740683611258,0.448843473054116,-0.250127995953637,0
0,-0,0,0,0.0255167181721593,0.453852648985913,-0.250481349355962,0
0,-0,0,0,0.0272814302251384,0.458855142038489,-0.25045340997544,0
0,-0,0,0,0.0269492062511224,0.463848649406965,-0.252635811443762,0
0,-0,0,0,0.0307539024054128,0.468851147833926,-0.252651700057272,0
0,-0,0,0,0.0311424427743073,0.473832270314604,-0.254288467582716,0
0,-0,0,0,0.0331779374433985,0.478837069268488,-0.254963926332243,0
0,-0,0,0,0.0344748517215772,0.483835692874786,-0.254890550317133,0
0,-0,0,0,0.0361061388794894,0.48882160649053,-0.257242367153019,0
0,-0,0,0,0.0382144094062228,0.493837801834557,-0.257543816687141,0
0,-0,0,0,0.0399394275304864,0.498837346107214,-0.25961872898895,0
0,-0,0,0,0.0412002509243213,0.50386997289159,-0.259688345910019,0
0,-0,0,0,0.0427322772382554,0.50884135653456,-0.260953907825981,0
0,-0,0,0,0.0452167184202621,0.513851776533773,-0.26639916849693,0
0,-0,0,0,0.0460111721900362,0.518850402656843,-0.266465214317346,0
0,-0,-0,0,0.046739287117022,0.523852968277417,-0.266931168756138,0
0,-0,-0,0,0.0480706046824773,0.52883062828823,-0.26769620463668,0
0,-0,-0,0,0.048625238335925,0.533840309298717,-0.26785947980781,0
0,-0,-0,0,0.0492357090385788,0.538820463541535,-0.268316368579302,0
0,-0,-0,0,0.0503246104250307,0.543831436814304,-0.26856866338074,0
0,-0,-0,0,0.050277422231538,0.548841232460608,-0.269153035015341,0
0,-0,-0,0,0.0506292884643904,0.553834213478786,-0.269402629086042,0
0,-0,-0,0,0.0505301820536298,0.558861313551677,-0.269595240745138,0
0,-0,-0,0,0.0508711851430449,0.563833985864087,-0.270379315105079,0
0,-0,-0,0,0.0511867918797377,0.568859788320746,-0.270495452241769,0
0,-0,-0,0,0.0505150734790522,0.573868602275818,-0.270985238637387,0
0,-0,-0,0,0.0515810141052618,0.578838436842125,-0.271393552631582,0
0,-0,-0,0,0.0503768554804572,0.583845045361183,-0.280746342807543,0
0,-0,-0,0,0.0502325817231366,0.588855191860058,-0.282930283587069,0
0,-0,-0,0,0.0505138385853199,0.593825997449671,-0.283118932224934,0
0,-0,-0,0,0.0493954585015378,0.598839646969879,-0.285678485666872,0
0,-0,-0,0,0.0509174559754601,0.60384214,-0.28583306809816,0
0,-0,-0,0,0.0493889678535666,0.608825886751422,-0.288806880902379,0
0,-0,-0,0,0.0489865620548325,0.613848491827784,-0.289182637749797,0
0,-0,-0,0,0.0483229780147016,0.618839948049405,-0.289134102361108,0
0,-0,-0,0,0.0477751246000843,0.623860623892735,-0.287627881850184,0
0,-0,-0,0,0.0476748238467618,0.628802498438689,-0.287734350247162,0
0,-0,-0,0,0.0464168828850322,0.63382247016545,-0.285857820244003,0
0,-0,-0,0,0.045851284895693,0.638861288306778,-0.286271549742336,0
-0,-0,-0,0,0.0443404915603949,0.643846901729013,-0.284791488976065,0
0,-0,-0,0,0.0440180815171608,0.648832049685158,-0.282458441763153,0
-0,-0,-0,0,0.0415685514179936,0.65383922092435,-0.282745619378324,0
-0,-0,-0,0,0.0400345593511854,0.658831232584961,-0.281094989134912,0
-0,-0,-0,0,0.0382481039731732,0.663829467587897,-0.28101078502337,0
-0,-0,-0,0,0.0359740373484579,0.668858502938885,-0.280979797379931,0
-0,-0,-0,0,0.0344046069670792,0.673837780341559,-0.281168389948559,0
-0,-0,-0,0,0.0321795592485209,0.678877170505211,-0.281607364371037,0
-0,-0,-0,0,0.0308641076708337,0.683845647991781,-0.284236277103376,0
-0,-0,-0,0,0.0289973568893568,0.688843820229057,-0.283692874886481,0
-0,-0,-0,0,0.0265617760230669,0.693862095648655,-0.283953085607764,0
-0,-0,-0,0,0.0230990678733138,0.698844392508757,-0.284485149829607,0
-0,-0,-0,0,0.0232809322711187,0.703843271008833,-0.284261657417633,0
-0,-0,-0,0,0.0204029222174759,0.708837407029485,-0.280134550261803,0
-0,-0,-0,0,0.018990830470752,0.713834340512787,-0.279866052327019,0
-0,-0,-0,0,0.0170994237875479,0.718834088034649,-0.277908584049537,0
-0,-0,-0,0,0.0153177238374209,0.723850624162584,-0.2778449293448,0
-0,-0,-0,0,0.0123503000510835,0.728827409693095,-0.277817777097837,0
-0,-0,-0,0,0.0105154473880627,0.733849083644847,-0.277955597192197,0
-0,-0,-0,0,0.00700575396960786,0.738840014914061,-0.278073630118659,0
-0,-0,-0,0,0.0048421460562524,0.743851166046213,-0.277843259562284,0
-0,-0,-0,0,0.00160423232395717,0.748845601399654,-0.277408968385778,0
-0,-0,-0,0,-0.000926294465959902,0.753843603018986,-0.277637922303133,0
-0,-0,-0,0,-0.0049933833591174,0.75884965801638,-0.277048772110429,0
-0,-0,-0,0,-0.00786640044777068,0.76382727890611,-0.276818690710007,0
-0,-0,-0,0,-0.0103056989577674,0.768840715881412,-0.276305837741675,0
-0,-0,-0,0,-0.0136713072822897,0.77384173233863,-0.276167454037755,0
-0,-0,-0,0,-0.017115585854203,0.778850377924221,-0.275628794291598,0
-0,-0,-0,0,-0.0198978177745401,0.783832653046936,-0.274855969433269,0
-0,-0,-0,0,-0.0221452446778493,0.78884462436695,-0.274543797504602,0
-0,-0,-0,0,-0.0246928207954988,0.793843753633579,-0.273989029039918,0
-0,-0,-0,0,-0.0278271878372743,0.798864350576436,-0.273693382508179,0
-0,-0,-0,0,-0.0305641109067442,0.803842183006115,-0.272750015820043,0
-0,-0,-0,0,-0.0335406873633273,0.808840758649734,-0.272155373506551,0
-0,-0,-0,0,-0.0355045714881389,0.813834059646551,-0.271851829989603,0
-0,-0,-0,0,-0.0385570365203441,0.818825016747991,-0.269449241922759,0
-0,-0,-0,0,-0.0415679891305198,0.823837721601965,-0.269036345741001,0
-0,-0,-0,0,-0.0435073182578895,0.828844123782252,-0.265923515329513,0
-0,-0,-0,0,-0.0462475264543954,0.833836431635456,-0.265968839699274,0
-0,-0,-0,0,-0.048322822841056,0.838850598136035,-0.264822858418663,0
-0,-0,-0,0,-0.0498073965363923,0.843837549304999,-0.263042902363039,0
-0,-0,-0,0,-0.0524910280520165,0.848847801945524,-0.26225157933033,0
-0,-0,-0,0,-0.0539323092442188,0.853844099959086,-0.261764147003478,0
-0,-0,-0,0,-0.055912465900285,0.858841922313032,-0.261321881483449,0
-0,-0,-0,0,-0.0578387702698287,0.863860411193782,-0.258405005772699,0
-0,-0,-0,0,-0.0589588029572457,0.868846453381045,-0.254710935610555,0
-0,-0,-0,0,-0.0607708190435978,0.873835815396453,-0.254038094019471,0
-0,-0,-0,0,-0.0619150079631663,0.878841998547733,-0.24796227014932,0
-0,-0,-0,0,-0.0642514808069301,0.883836487340504,-0.247380628347056,0
-0,-0,-0,0,-0.066036952802608,0.888837065637716,-0.237594125531935,0
-0,-0,-0,0,-0.0673293698445235,0.893849136518019,-0.231356285691489,0
-0,-0,-0,0,-0.0692720955685547,0.898840583672307,-0.230867045673114,0
-0,-0,-0,0,-0.0703789543878666,0.903831297239677,-0.230805520486387,0
-0,-0,-0,0,-0.0715181867420763,0.908841483019036,-0.230506383078338,0
-0,-0,-0,0,-0.0721873677638035,0.913844675153388,-0.217290384539791,0
-0,-0,-0,0,-0.0732415251272841,0.918844170320285,-0.214259765366059,0
-0,-0,-0,0,-0.0735695396584171,0.923844532256073,-0.214798572161996,0
-0,-0,-0,0,-0.075025618126019,0.928837827037635,-0.212329944222587,0
-0,-0,-0,0,-0.0759233785185177,0.933837599109877,-0.212121454178434,0
-0,-0,-0,0,-0.0765864871713922,0.938815657462203,-0.20762034745808,0
-0,-0,-0,0,-0.0767411417497525,0.943848069867778,-0.207474218118,0
-0,-0,-0,0,-0.0777980404670253,0.948855061376518,-0.20514643368686,0
-0,-0,-0,0,-0.0786449099691082,0.953838468245482,-0.195184961919272,0
-0,-0,-0,0,-0.0782398227071818,0.958843743216726,-0.195077513677103,0
-0,-0,-0,0,-0.0783040799979523,0.963837597523035,-0.194617503744114,0
-0,-0,-0,0,-0.0786679009330892,0.968847511411913,-0.194991414929404,0
-0,-0,-0,0,-0.0790999898468134,0.973848554942817,-0.197747834879513,0
-0,-0,-0,0,-0.0801450374135506,0.9788421129732,-0.202283879873132,0
-0,-0,-0,0,-0.0804089934063471,0.983848954837251,-0.201565793778915,0
-0,-0,-0,0,-0.0799038983831106,0.988830805355291,-0.207905784006179,0
-0,-0,-0,0,-0.0793917851993462,0.993862551564078,-0.207721244692291,0
-0,-0,-0,0,-0.0793340286577358,0.998847451482297,-0.20989489243506,0
-0,-0,-0,0,-0.0785413564018971,1.00384327035278,-0.211601528939545,0
-0,-0,-0,0,-0.077512332475991,1.00882788315706,-0.212047085669241,0
-0,-0,-0,0,-0.0761301451627367,1.01383906004096,-0.227112501825998,0
-0,-0,-0,0,-0.0757673455251315,1.01885830502659,-0.226427050886797,0
-0,-0,-0,0,-0.0741811692307634,1.02385351260231,-0.255945307332543,0
-0,-0,-0,0,-0.0729786755423643,1.02884603288991,-0.260061249273431,0
-0,-0,-0,0,-0.071122980867788,1.03385676483831,-0.260188079017601,0
0,-0,-0,0,-0.0695535106651672,1.03886317720016,-0.260235840345885,0
0,-0,-0,0,-0.0668227053724603,1.04382353860046,-0.261135207020316,0
0,-0,-0,0,-0.0644976122854809,1.04884376827979,-0.261260042801952,0
0,-0,-0,0,-0.0615888291119301,1.05383865737671,-0.261944775882955,0
-0,-0,0,0,-0.0541941603719508,0.40065257497966,0.124707422634144,0
-0,-0,0,0,-0.0536611876614068,0.405657424420984,0.122288085759788,0
-0,-0,0,0,-0.0540486495950921,0.410673588895705,0.122302205705522,0
-0,-0,0,0,-0.0532587850619924,0.415675230097883,0.122270409406199,0
-0,-0,-0,0,-0.0548194569932503,0.420685134049907,0.122282068247085,0
-0,-0,0,0,-0.054800024644727,0.425671417262881,0.122487971991008,0
-0,-0,0,0,-0.0545960095110471,0.430683270462358,0.124187968829787,0
-0,-0,0,0,-0.0552905114186882,0.435629158080987,0.124426727167187,0
-0,-0,0,0,-0.0554979464429617,0.44066254720354,0.122144348724829,0
-0,-0,0,0,-0.0553901105780302,0.445659640513361,0.122395961769281,0
-0,-0,0,0,-0.0558480893899072,0.45064882835017,0.122361773375903,0
-0,-0,0,0,-0.055801842040651,0.455652816178882,0.122574347298779,0
-0,-0,0,0,-0.0554046552849256,0.460677934687506,0.122791564613971,0
-0,-0,0,0,-0.0560295352982746,0.46566142740344,0.12235873188784,0
-0,-0,0,0,-0.0552066087833237,0.470657907417324,0.122468298780686,0
-0,-0,0,0,-0.0560541616101464,0.475679821075889,0.122124749070976,0
-0,-0,0,0,-0.0561340718425683,0.480665079088127,0.122422980087916,0
-0,-0,0,0,-0.0564858481611756,0.485682108042531,0.122394355707914,0
-0,-0,0,0,-0.0552789956424215,0.490648391686283,0.122299530858191,0
-0,-0,0,0,-0.0567704453147994,0.495659733360583,0.122310729380212,0
-0,-0,0,0,-0.0562960014148164,0.500661433436207,0.121951151804116,0
-0,-0,0,0,-0.057684059077232,0.505647260873969,0.122322221280487,0
-0,-0,0,0,-0.0572390089210006,0.510678228162046,0.122233223389276,0
-0,-0,0,0,-0.0575559517513819,0.515673945790879,0.122492452081031,0
-0,-0,0,0,-0.0571517877659591,0.520676372266782,0.122383226095131,0
-0,-0,0,0,-0.0577018902959928,0.525671382174983,0.12223772207686,0
-0,-0,0,0,-0.0567768069059313,0.530671742756654,0.122556072928425,0
-0,-0,0,0,-0.0576492850736506,0.535674045499191,0.122465903492636,0
-0,-0,0,0,-0.0569365307418174,0.540671460756963,0.122565691361702,0
-0,-0,0,0,-0.0570758428439024,0.545653684195127,0.122469278585367,0
-0,-0,0,0,-0.0568288927579246,0.550671275751963,0.122654818549217,0
-0,-0,0,0,-0.0571275344470307,0.555636277332775,0.122900870837141,0
-0,-0,0,0,-0.0564782830087195,0.560669995984559,0.122695586340504,0
-0,-0,0,0,-0.056894217963389,0.565659658727734,0.122799432847207,0
-0,-0,0,0,-0.0573903054171694,0.570665989534351,0.122779913757721,0
-0,-0,0,0,-0.0585759932487728,0.575668726759421,0.123174229840016,0
-0,-0,0,0,-0.0587053088061109,0.580655703808581,0.122918992350307,0
-0,-0,0,0,-0.0595334208237554,0.585681967552658,0.121781467480056,0
-0,-0,0,0,-0.0594382044539877,0.59067081472394,0.121266965484665,0
-0,-0,0,0,-0.0604030678171787,0.595664015950929,0.121328406453987,0
-0,-0,0,0,-0.0615710737679403,0.600675183148637,0.121923900611327,0
-0,-0,0,0,-0.0621996753089606,0.605658082183324,0.121931454300721,0
-0,-0,0,0,-0.061886221883,0.610647891813925,0.12210773962015,0
-0,-0,0,0,-0.0635126192965026,0.615657903093931,0.122124547753224,0
-0,-0,0,0,-0.0630963639847623,0.620657008041555,0.122611857567956,0
-0,-0,0,0,-0.0649697440353716,0.625642627200646,0.122980976072372,0
-0,-0,0,0,-0.0658186371568835,0.630659466301858,0.123127522930249,0
-0,-0,0,0,-0.0668282017765008,0.635664484813715,0.123577269742122,0
-0,-0,0,0,-0.0678693032335397,0.640665554705778,0.123475988539133,0
-0,-0,0,0,-0.0695125221465123,0.645663742899547,0.124363788126662,0
-0,-0,0,0,-0.0696162593187429,0.650669422851896,0.124286095002049,0
-0,-0,0,0,-0.0704737263312998,0.655669811860953,0.124828493966051,0
-0,-0,0,0,-0.0736108541818177,0.660669863636381,0.126821012181822,0
-0,-0,0,0,-0.0749612690267907,0.665671591351475,0.127408878282559,0
-0,-0,0,0,-0.0760394556245942,0.670659039433287,0.127937178696806,0
-0,-0,0,0,-0.0765209151463298,0.675645986211852,0.127961201009892,0
-0,-0,0,0,-0.0780219496158514,0.680665488829248,0.12858302846951,0
-0,-0,0,0,-0.0774471310245484,0.685670283484622,0.127192743877291,0
-0,-0,0,0,-0.0778734315226429,0.690664521707771,0.127698711812758,0
-0,-0,0,0,-0.0773697472848136,0.695688873398038,0.129206836487388,0
-0,-0,0,0,-0.0770993628515894,0.700671984953958,0.130012232878197,0
-0,-0,0,0,-0.0775233720674829,0.705666375533759,0.130758570944789,0
-0,-0,0,0,-0.0768041608624545,0.710670090517085,0.128871732761086,0
-0,-0,0,0,-0.0764895799304837,0.715660140932335,0.129417808591291,0
-0,-0,0,0,-0.0743401148379665,0.720662896358438,0.129040676207037,0
-0,-0,0,0,-0.0752891850432236,0.725659229512261,0.129581033486314,0
-0,-0,0,0,-0.0738129781475423,0.730641281961914,0.129229925174301,0
0,-0,0,0,-0.0718424991061651,0.735660312344002,0.12935172007568,0
-0,-0,0,0,-0.0720984097851126,0.740661292951253,0.129518294699139,0
-0,-0,0,0,-0.0704162972394421,0.745635954101058,0.129292745832643,0
0,-0,0,0,-0.0692823228229341,0.750674521121771,0.129528041641763,0
0,-0,0,0,-0.0683614243752659,0.755663550110578,0.128897342163045,0
0,-0,0,0,-0.0671232648744225,0.760672056687732,0.129192006046563,0
0,-0,0,0,-0.0657820492744725,0.765663391199693,0.1286597255794,0
0,-0,0,0,-0.0628589990123449,0.770650512962967,0.128660978703703,0
0,-0,0,0,-0.061439865912625,0.775684617986516,0.128397475837939,0
0,-0,0,0,-0.0601577692632821,0.780654084919666,0.128266694239801,0
0,-0,0,0,-0.0582018472102487,0.785650678194372,0.128215631736479,0
0,-0,0,0,-0.0566518902622214,0.790674798494575,0.127381329273881,0
0,-0,0,0,-0.0551503604347922,0.795651146692754,0.127549456303317,0
0,-0,0,0,-0.053433258394552,0.800675120337929,0.127161838094463,0
0,-0,0,0,-0.0516798919472124,0.805664292566484,0.128207636064243,0
0,-0,0,0,-0.050079640188341,0.810680957727703,0.128559433971338,0
0,-0,0,0,-0.048428521107397,0.815677042348094,0.128142740693399,0
0,-0,0,0,-0.0468762238410026,0.820632565052455,0.12787623792171,0
0,-0,0,0,-0.0448833946289848,0.825661355692077,0.127655299508595,0
0,-0,0,0,-0.0422511008263633,0.830677927149894,0.127259986457822,0
0,-0,0,0,-0.0411964787176565,0.835648022054518,0.126372091486981,0
0,-0,0,0,-0.0380810084981429,0.840658361067944,0.126750939224634,0
0,-0,0,0,-0.0360791800122729,0.845658339901804,0.126134794080211,0
0,-0,0,0,-0.0344715442081418,0.850641616289599,0.125542681357464,0
0,-0,0,0,-0.0319309465098721,0.855675923850348,0.12644554892051,0
0,-0,0,0,-0.0301124584767251,0.860663011703407,0.126699347935053,0
0,-0,0,0,-0.0285015129689378,0.865686499918211,0.126175859885528,0
0,-0,0,0,-0.0258934810061416,0.870664338650275,0.125768617325161,0
0,-0,0,0,-0.0254173570834504,0.875658299999968,0.125429249263801,0
0,-0,0,0,-0.0234596746700973,0.880669430657356,0.12539795745034,0
0,-0,0,0,-0.0210296329754752,0.885665394069497,0.12508481715747,0
0,-0,0,0,-0.0190056314854711,0.890658873329289,0.123848359494208,0
0,-0,0,0,-0.018476296247289,0.895657373370149,0.123465816885344,0
0,-0,0,0,-0.0170337035925859,0.900652151851871,0.123111195555557,0
0,-0,0,0,-0.015110370078052,0.905651835365846,0.125343760117888,0
0,-0,0,0,-0.0133563223549704,0.910648301547256,0.12416435147377,0
0,-0,0,0,-0.0124261737053302,0.915660247731579,0.123535898682585,0
0,-0,0,0,-0.0119103929852682,0.920690574401446,0.12340021300368,0
0,-0,0,0,-0.00976417783923219,0.925659702875816,0.12288141693517,0
0,-0,0,0,-0.00950129168334873,0.930663945740529,0.121982735283965,0
0,-0,-0,0,-0.00850562882648566,0.935674946533635,0.121515200390836,0
0,-0,0,0,-0.00816088739902661,0.940662641441101,0.121745847370194,0
0,-0,-0,0,-0.00741050256369165,0.945658568865238,0.120682637047646,0
0,-0,-0,0,-0.00615113854689081,0.950663041297659,0.120220111917609,0
0,-0,-0,0,-0.00558684057086796,0.955642590129833,0.119519342237793,0
0,-0,-0,0,-0.00530779467720522,0.960660213520126,0.119579983136407,0
0,-0,-0,0,-0.00345281173283729,0.965676206943687,0.118278424481065,0
0,-0,-0,0,-0.00317833730043265,0.970645831282176,0.117976749176782,0
0,-0,-0,0,-0.00296069918233333,0.975681858387872,0.117727575869078,0
0,-0,-0,0,-0.00223321518547086,0.980648261886184,0.117633838980888,0
0,-0,-0,0,-0.00217565839615412,0.985671349999991,0.116960618846155,0
0,-0,-0,0,-0.00175600233503694,0.990663145925448,0.114189608392714,0
0,-0,-0,0,-0.00082281940831406,0.995658698266454,0.11401229626791,0
0,-0,-0,0,-0.000295117479550172,1.00066317097687,0.113428027024729,0
0,-0,-0,0,-9.75090385081217e-05,1.00566769809814,0.113114189607364,0
0,-0,-0,0,-0.000162468015859235,1.01065022546781,0.112264132587482,0
0,-0,-0,0,-0.00090966346482979,1.01565934988751,0.112088904575578,0
0,-0,-0,0,-0.00110127416636296,1.02067485708989,0.111598926500413,0
0,-0,-0,0,-0.000809183408299443,1.02564797853521,0.111428284419758,0
0,-0,-0,0,-0.0014676788370549,1.03067883541327,0.110406217426351,0
0,-0,-0,0,-0.0030212700412442,1.03567410053517,0.110573420039525,0
-0,-0,-0,0,-0.00451914543218512,1.04067275064507,0.109812644683596,0
-0,-0,-0,0,-0.0050679483829704,1.04566125165777,0.109579914459275,0
-0,-0,-0,0,-0.00644947607750211,1.05064453385299,0.111083968057893,0
-0,-0,-0,0,-0.00810355501923095,1.0556761387922,0.111116008051181,0
-0,-0,-0,0,-0.00932896566598144,1.06067089789062,0.111096769692812,0
-0,-0,-0,0,-0.0104197895900721,1.06565598863357,0.110601856673852,0
-0,-0,-0,0,-0.0124923065133023,1.07065709402801,0.110752534565102,0
-0,-0,-0,0,-0.0136502032305922,1.07565722128583,0.110366598636926,0
-0,-0,-0,0,-0.0156173721369328,1.0806584302274,0.11041263107795,0
-0,-0,-0,0,-0.0174137789136986,1.08567077343558,0.110009063675868,0
-0,-0,-0,0,-0.0200253255542395,1.09065004435071,0.110704482313644,0
-0,-0,-0,0,-0.0228655439699188,1.09566475058318,0.110499639564149,0
-0,-0,-0,0,-0.0255794347626367,1.10066053065275,0.110897833245754,0
-0,-0,-0,0,-0.028375317498458,1.10566934792474,0.110767003175214,0
-0,-0,-0,0,-0.0303538011034341,1.11063640058161,0.111347033784801,0
-0,-0,-0,0,-0.0332375493290943,1.11566545933727,0.110616648504805,0
-0,-0,-0,0,-0.0364538853910275,1.12066780957641,0.110754463118479,0
-0,-0,-0,0,-0.0392402336215559,1.12565178295242,0.111074908822723,0
-0,-0,-0,0,-0.0429364061467026,1.13066370942202,0.111533162439971,0
-0,-0,-0,0,-0.0458808199427476,1.13566787725319,0.112077842789687,0
-0,-0,-0,0,-0.0500878534188066,1.1406649710933,0.113209940216185,0
-0,-0,-0,0,-0.0540762855804121,1.14565292339908,0.113903486973982,0
